id,name,environment,start_at,players,display_format,regulation_marks,latest_expansion,format_start_at,hours_into_format
66cf259abf2ffe05f5991ffa,瞬间失忆联赛第一赛季第15场 Amnesia Series S1-15【Top16 200code】,online,2024-09-01T01:00:00Z,128,BRS-SFA,F-H,SFA,2024-09-01T00:00:00Z,1.0
66cb8f20bf2ffe05f598f5f0,Pokémon Battle Park- 100 Codes,online,2024-09-01T16:00:00Z,156,BRS-SFA,F-H,SFA,2024-09-01T00:00:00Z,16.0
66d1e107bf2ffe05f59943e9,Silver Squad weekly Pawmots Charge,online,2024-09-02T14:00:00Z,109,BRS-SFA,F-H,SFA,2024-09-01T00:00:00Z,38.0
66d4b25dbf2ffe05f5996c4a,Standard Pumpka Weekly,online,2024-09-02T18:00:00Z,194,BRS-SFA,F-H,SFA,2024-09-01T00:00:00Z,42.0
66cce2ffbf2ffe05f5990523,Sunny's Weekly #168 Docking In The Harbor!,online,2024-09-02T22:05:00Z,128,BRS-SFA,F-H,SFA,2024-09-01T00:00:00Z,46.083
669ef610931edf05c6134c6d,Free Entry ║ Deck Out Mondays ║ Top 32 400 Codes,online,2024-09-03T00:00:00Z,193,BRS-SFA,F-H,SFA,2024-09-01T00:00:00Z,48.0
66cf8fbabf2ffe05f599268c,Gray's PokéLeague #8,online,2024-09-03T18:00:00Z,117,BRS-SFA,F-H,SFA,2024-09-01T00:00:00Z,66.0
66d333d0bf2ffe05f5995964,Sem Pila Cyber League - free entry!,online,2024-09-03T23:00:00Z,63,BRS-SFA,F-H,SFA,2024-09-01T00:00:00Z,71.0
66c5674e82e459668d3662d8,Jefferson Gym Tuesday Night Standard #7,online,2024-09-04T00:30:00Z,114,BRS-SFA,F-H,SFA,2024-09-01T00:00:00Z,72.5
66d31fe3bf2ffe05f5995826,Bak & Bak PokeLeague #16,online,2024-09-04T12:00:00Z,57,BRS-SFA,F-H,SFA,2024-09-01T00:00:00Z,84.0
66cf7395bf2ffe05f599251d,🐉Team Rocket League Day #182,online,2024-09-04T18:35:00Z,76,BRS-SFA,F-H,SFA,2024-09-01T00:00:00Z,90.583
66cfa12fbf2ffe05f5992752,Late Night 202 - Season 10 NA Opener,online,2024-09-04T23:00:00Z,276,BRS-SFA,F-H,SFA,2024-09-01T00:00:00Z,95.0
66d0d69dbf2ffe05f59938bc,🐉Team Rocket League Day #183,online,2024-09-05T16:35:00Z,109,BRS-SFA,F-H,SFA,2024-09-01T00:00:00Z,112.583
66d0d6bcbf2ffe05f59938bd,🐉Team Rocket League Day #184,online,2024-09-05T18:35:00Z,80,BRS-SFA,F-H,SFA,2024-09-01T00:00:00Z,114.583
66ace52782e459668d352919,Evolve Thursday Night #9 - Store Credit + Codes,online,2024-09-05T23:00:00Z,125,BRS-SFA,F-H,SFA,2024-09-01T00:00:00Z,119.0
66d4ea5abf2ffe05f5996e80,Pokémon Battle Park- 100 Codes,online,2024-09-06T14:30:00Z,125,BRS-SFA,F-H,SFA,2024-09-01T00:00:00Z,134.5
66820fdf30c276060508799e,Peladão da Baixada #122 • Dawn of Area Zero,online,2024-09-06T22:30:00Z,64,BRS-SFA,F-H,SFA,2024-09-01T00:00:00Z,142.5
66e1e2bcbeaddc6f2ee51231,🎃Team Rocket League Day #191,online,2024-09-19T18:35:00Z,55,BRS-SCR,F-H,SCR,2024-09-12T17:00:00Z,169.583
66e792b9a39c5e0621c039eb,PokeDeck #69 |100 CODES |OPEN  Stellar crown,online,2024-09-19T23:30:00Z,176,BRS-SCR,F-H,SCR,2024-09-12T17:00:00Z,174.5
66e68391a39c5e0621c02d76,Pokémon Battle Park- Stellar Crown is Legal,online,2024-09-20T14:30:00Z,150,BRS-SCR,F-H,SCR,2024-09-12T17:00:00Z,189.5
66e7e843a39c5e0621c03ac9,Absolem TCG - Cup #1,online,2024-09-20T17:00:00Z,72,BRS-SCR,F-H,SCR,2024-09-12T17:00:00Z,192.0
66e31cf6beaddc6f2ee51e34,🎃Team Rocket League Day #192,online,2024-09-20T19:05:00Z,90,BRS-SCR,F-H,SCR,2024-09-12T17:00:00Z,194.083
6682103830c27606050879a1,Peladão da Baixada #123 • STELLAR CROWN is ON!,online,2024-09-20T22:30:00Z,71,BRS-SCR,F-H,SCR,2024-09-12T17:00:00Z,197.5
66b6a8ef82e459668d35bcf3,TOURNAMENT OF DOOM! Name my new Cat!,online,2024-09-21T02:35:00Z,261,BRS-SCR,F-H,SCR,2024-09-12T17:00:00Z,201.583
66e5d3baa39c5e0621c02850,Mini Stellar Crown (Free Entry)(160 codes)(3 hr),online,2024-09-21T15:00:00Z,96,BRS-SCR,F-H,SCR,2024-09-12T17:00:00Z,214.0
66c83352bf2ffe05f598c718,Jester's Weekly Challenge! #3 (Pre-Season),online,2024-09-21T17:00:00Z,61,BRS-SCR,F-H,SCR,2024-09-12T17:00:00Z,216.0
66cf79e6bf2ffe05f599258b,Redacted Crown #2 (100 Codes) CLOSED LISTS,online,2024-09-21T23:05:00Z,167,BRS-SCR,F-H,SCR,2024-09-12T17:00:00Z,222.083
66d463c5bf2ffe05f59966ea,Silver Squad Standard “Dortmund Regionals 2025”,online,2024-09-22T15:20:00Z,139,BRS-SCR,F-H,SCR,2024-09-12T17:00:00Z,238.333
66e683c7a39c5e0621c02d77,Pokémon Battle Park- Stellar Crown is Legal,online,2024-09-22T16:00:00Z,79,BRS-SCR,F-H,SCR,2024-09-12T17:00:00Z,239.0
66de2f70beaddc6f2ee4ecf5,Stellar Ditto #1 SCR is legal! (100 codes + Cash),online,2024-09-22T23:05:00Z,343,BRS-SCR,F-H,SCR,2024-09-12T17:00:00Z,246.083
66f02d24a39c5e0621c08f29,Standard Pumpka Weekly,online,2024-09-23T18:00:00Z,201,BRS-SCR,F-H,SCR,2024-09-12T17:00:00Z,265.0
66e8797ba39c5e0621c03fdb,Sunny's Weekly #171 The Turtle Club!,online,2024-09-23T22:05:00Z,128,BRS-SCR,F-H,SCR,2024-09-12T17:00:00Z,269.083
669ef68a931edf05c6134c70,Free Entry ║ Deck Out Mondays ║ Top 32 400 Codes,online,2024-09-24T00:00:00Z,226,BRS-SCR,F-H,SCR,2024-09-12T17:00:00Z,271.0
66e9a38ea39c5e0621c04cbb,Absolem TCG - Challenge #1,online,2024-09-24T16:30:00Z,103,BRS-SCR,F-H,SCR,2024-09-12T17:00:00Z,287.5
66db34545bc39d158a9ddaa5,Gray's PokéLeague - Champion's Road #1,online,2024-09-24T18:00:00Z,114,BRS-SCR,F-H,SCR,2024-09-12T17:00:00Z,289.0
66f200c0a39c5e0621c0a6bb,PokeDeck #70,online,2024-09-24T23:30:00Z,50,BRS-SCR,F-H,SCR,2024-09-12T17:00:00Z,294.5
66d8874ebf2ffe05f59994fb,Jefferson Gym Tuesday Night Standard #9,online,2024-09-25T00:30:00Z,74,BRS-SCR,F-H,SCR,2024-09-12T17:00:00Z,295.5
66c77eda82e459668d367915,CHALLENGE OF DOOM! Is it really Tuesday?,online,2024-09-25T03:35:00Z,64,BRS-SCR,F-H,SCR,2024-09-12T17:00:00Z,298.583
66f044f5a39c5e0621c0914d,MOSCO Masters: Pokemon TCG Live Tournament #1,online,2024-09-25T13:00:00Z,57,BRS-SCR,F-H,SCR,2024-09-12T17:00:00Z,308.0
66cfa7a4bf2ffe05f5992808,Late Night 207,online,2024-09-25T16:00:00Z,217,BRS-SCR,F-H,SCR,2024-09-12T17:00:00Z,311.0
66edc7b6a39c5e0621c0759b,JPX Tournament,online,2024-09-25T19:20:00Z,51,BRS-SCR,F-H,SCR,2024-09-12T17:00:00Z,314.333
66d07c50bf2ffe05f5993153,Late Night 208,online,2024-09-25T23:00:00Z,292,BRS-SCR,F-H,SCR,2024-09-12T17:00:00Z,318.0
66ec762ea39c5e0621c067f9,🎃Team Rocket League Day #193,online,2024-09-26T16:35:00Z,115,BRS-SCR,F-H,SCR,2024-09-12T17:00:00Z,335.583
66ec7680a39c5e0621c067fa,🎃Team Rocket League Day #194,online,2024-09-26T18:35:00Z,68,BRS-SCR,F-H,SCR,2024-09-12T17:00:00Z,337.583
66f032a9a39c5e0621c08f6b,Pokémon Battle Park- 100 Codes,online,2024-09-27T14:30:00Z,124,BRS-SCR,F-H,SCR,2024-09-12T17:00:00Z,357.5
66ecc2bfa39c5e0621c06c4b,🎃Team Rocket League Day #195,online,2024-09-27T19:05:00Z,90,BRS-SCR,F-H,SCR,2024-09-12T17:00:00Z,362.083
66edc47ba39c5e0621c07552,Poli's Poolhouse Weekly! #4,online,2024-09-27T22:30:00Z,58,BRS-SCR,F-H,SCR,2024-09-12T17:00:00Z,365.5
66b6a93a82e459668d35bcf7,TOURNAMENT OF DOOM! Ouch!,online,2024-09-28T02:35:00Z,245,BRS-SCR,F-H,SCR,2024-09-12T17:00:00Z,369.583
66c83366bf2ffe05f598c719,Jester's Weekly Challenge! #4 (Pre-Season),online,2024-09-28T17:00:00Z,64,BRS-SCR,F-H,SCR,2024-09-12T17:00:00Z,384.0
66cf7ae2bf2ffe05f599259a,Redacted Crown #3 (100 Codes) CLOSED LISTS,online,2024-09-28T23:05:00Z,142,BRS-SCR,F-H,SCR,2024-09-12T17:00:00Z,390.083
66efb217a39c5e0621c08b79,Mentis Fortis X,online,2024-09-29T01:00:00Z,54,BRS-SCR,F-H,SCR,2024-09-12T17:00:00Z,392.0
66f032efa39c5e0621c08f6f,Pokémon Battle Park- 100 Codes,online,2024-09-29T16:00:00Z,125,BRS-SCR,F-H,SCR,2024-09-12T17:00:00Z,407.0
66f73ad7a23f2120819cf654,VENUM LEAGUE // CHALLENGER SERIES // FALL WEEK 3🐍,online,2024-09-29T19:00:00Z,60,BRS-SCR,F-H,SCR,2024-09-12T17:00:00Z,410.0
66f4f8a0a39c5e0621c0c74f,VALUEUP GRADING & KANTÖCARDS September 2024,online,2024-09-29T23:00:00Z,63,BRS-SCR,F-H,SCR,2024-09-12T17:00:00Z,414.0
66c44c7a82e459668d365702,✨ Il Covo dei Sub Series 2025 #2 ✨,online,2024-09-30T17:00:00Z,109,BRS-SCR,F-H,SCR,2024-09-12T17:00:00Z,432.0
66f1c2cca39c5e0621c0a1dc,Sunny's Weekly #172 Briar Rhymes With Fryer!,online,2024-09-30T22:05:00Z,111,BRS-SCR,F-H,SCR,2024-09-12T17:00:00Z,437.083
669ef6a9931edf05c6134c71,Free Entry ║ Deck Out Mondays ║ Top 16 200 Codes,online,2024-10-01T00:00:00Z,226,BRS-SCR,F-H,SCR,2024-09-12T17:00:00Z,439.0
66f2fa5ba39c5e0621c0af90,Gray's PokéLeague - Champion's Road #2,online,2024-10-01T18:00:00Z,101,BRS-SCR,F-H,SCR,2024-09-12T17:00:00Z,457.0
66f8a611a23f2120819d0b5c,Silver Squad Standard Lightning Combat,online,2024-10-01T22:30:00Z,109,BRS-SCR,F-H,SCR,2024-09-12T17:00:00Z,461.5
66f0cd9da39c5e0621c09b44,Jefferson Gym Tuesday Night Standard #10,online,2024-10-02T00:30:00Z,126,BRS-SCR,F-H,SCR,2024-09-12T17:00:00Z,463.5
66cfa7cebf2ffe05f599280b,Late Night 209,online,2024-10-02T16:00:00Z,254,BRS-SCR,F-H,SCR,2024-09-12T17:00:00Z,479.0
66f2b068a39c5e0621c0ac5f,【PTCG LIVE】The Can Cup#7 +1520 SV07 CODE (FREE),online,2024-10-03T02:30:00Z,165,BRS-SCR,F-H,SCR,2024-09-12T17:00:00Z,489.5
66f1a9a5a39c5e0621c0a00e,🏆Moujii's Dojo🏆300x PTCGL Codes!🏆,online,2024-10-03T16:00:00Z,95,BRS-SCR,F-H,SCR,2024-09-12T17:00:00Z,503.0
66fb207aa23f2120819d1f9a,🎃Team Rocket League Day #196,online,2024-10-03T16:35:00Z,68,BRS-SCR,F-H,SCR,2024-09-12T17:00:00Z,503.583
66fb20aaa23f2120819d1fd2,🎃Team Rocket League Day #197,online,2024-10-03T18:35:00Z,90,BRS-SCR,F-H,SCR,2024-09-12T17:00:00Z,505.583
670c0c53a23f2120819ded7b,Standard Pumpka Weekly,online,2024-10-14T18:00:00Z,178,BRS-SCR,F-H,SCR,2024-09-12T17:00:00Z,769.0
6704308fa23f2120819d9c48,Sunny's Weekly #174 October Baseball!,online,2024-10-14T22:05:00Z,113,BRS-SCR,F-H,SCR,2024-09-12T17:00:00Z,773.083
66f1fe32a39c5e0621c0a66f,Free Entry ║ Deck Out Mondays ║ Top 16 200 Codes,online,2024-10-15T00:00:00Z,172,BRS-SCR,F-H,SCR,2024-09-12T17:00:00Z,775.0
6701e495a23f2120819d82c3,Game 1 : A new beginning,online,2024-10-15T23:30:00Z,85,BRS-SCR,F-H,SCR,2024-09-12T17:00:00Z,798.5
66fcc4dfa23f2120819d3269,Jefferson Gym Tuesday Night Standard #12,online,2024-10-16T00:30:00Z,85,BRS-SCR,F-H,SCR,2024-09-12T17:00:00Z,799.5
66cfa857bf2ffe05f5992810,Late Night 213,online,2024-10-16T16:00:00Z,225,BRS-SCR,F-H,SCR,2024-09-12T17:00:00Z,815.0
66d07cebbf2ffe05f599315b,Late Night 214,online,2024-10-16T23:15:00Z,314,BRS-SCR,F-H,SCR,2024-09-12T17:00:00Z,822.25
67003b5da23f2120819d58fa,🏆Moujii's Dojo🏆300x PTCGL Codes!🏆,online,2024-10-17T16:10:00Z,93,BRS-SCR,F-H,SCR,2024-09-12T17:00:00Z,839.167
67086860a23f2120819dc720,🎃Team Rocket League Day #202,online,2024-10-17T16:35:00Z,55,BRS-SCR,F-H,SCR,2024-09-12T17:00:00Z,839.583
6708689aa23f2120819dc722,🎃Team Rocket League Day #203,online,2024-10-17T18:35:00Z,76,BRS-SCR,F-H,SCR,2024-09-12T17:00:00Z,841.583
670d6c5fe1a875097763ab73,Free | PokeDeck #73,online,2024-10-17T23:30:00Z,84,BRS-SCR,F-H,SCR,2024-09-12T17:00:00Z,846.5
670bd8f4a23f2120819de985,Pokémon Battle Park,online,2024-10-18T14:30:00Z,98,BRS-SCR,F-H,SCR,2024-09-12T17:00:00Z,861.5
670868c7a23f2120819dc723,🎃Team Rocket League Day #204,online,2024-10-18T18:35:00Z,78,BRS-SCR,F-H,SCR,2024-09-12T17:00:00Z,865.583
670fb903e1a875097763bc0c,瞬间失忆联赛第2赛季第1场 Amnesia Series S2-01【Top16 200code】,online,2024-10-19T01:00:00Z,70,BRS-SCR,F-H,SCR,2024-09-12T17:00:00Z,872.0
66ec4ad3a39c5e0621c064cd,TOURNAMENT OF DOOM! is listening to Lo-fi Tunes,online,2024-10-19T02:35:00Z,214,BRS-SCR,F-H,SCR,2024-09-12T17:00:00Z,873.583
6710c338e1a875097763ca7f,ASRcristiano #2,online,2024-10-19T18:30:00Z,56,BRS-SCR,F-H,SCR,2024-09-12T17:00:00Z,889.5
6712fe2ac7dc61a5a5f43c49,Mudkip's Den #4 Win a Pizza,online,2024-10-19T21:35:00Z,65,BRS-SCR,F-H,SCR,2024-09-12T17:00:00Z,892.583
670b6544a23f2120819de598,Mentis Fortis XII,online,2024-10-19T23:35:00Z,103,BRS-SCR,F-H,SCR,2024-09-12T17:00:00Z,894.583
670bd923a23f2120819de987,Pokémon Battle Park,online,2024-10-20T16:00:00Z,104,BRS-SCR,F-H,SCR,2024-09-12T17:00:00Z,911.0
67140facc7dc61a5a5f446d5,VENUM LEAGUE // CHALLENGER SERIES // FALL WEEK 6🐍,online,2024-10-20T19:00:00Z,64,BRS-SCR,F-H,SCR,2024-09-12T17:00:00Z,914.0
66f09c05a39c5e0621c096b6,🐍TLS TCG SERIES QUALIFIER 3/10 - (200 Codes),online,2024-10-21T00:00:00Z,138,BRS-SCR,F-H,SCR,2024-09-12T17:00:00Z,919.0
670d79c4e1a875097763ac48,Sunny's Weekly #175! The Rock Concert Event!,online,2024-10-21T22:05:00Z,128,BRS-SCR,F-H,SCR,2024-09-12T17:00:00Z,941.083
66f1fe5aa39c5e0621c0a673,Free Entry ║ Deck Out Mondays ║ Top 16 200 Codes,online,2024-10-22T00:00:00Z,195,BRS-SCR,F-H,SCR,2024-09-12T17:00:00Z,943.0
67004eb5a23f2120819d59f6,Gray's PokéLeague - Champion's Road #4,online,2024-10-22T18:00:00Z,102,BRS-SCR,F-H,SCR,2024-09-12T17:00:00Z,961.0
670d97c2e1a875097763adc0,Stellar Ditto #4 (200 codes + Cash),online,2024-10-22T23:15:00Z,219,BRS-SCR,F-H,SCR,2024-09-12T17:00:00Z,966.25
66fc25f5a23f2120819d29a0,CHALLENGE OF DOOM! FUN SIZED!,online,2024-10-23T03:35:00Z,64,BRS-SCR,F-H,SCR,2024-09-12T17:00:00Z,970.583
66cfa898bf2ffe05f5992811,Late Night 215,online,2024-10-23T16:00:00Z,205,BRS-SCR,F-H,SCR,2024-09-12T17:00:00Z,983.0
6716739526bb4c6d2e608316,ASRcristiano # 3,online,2024-10-23T18:35:00Z,52,BRS-SCR,F-H,SCR,2024-09-12T17:00:00Z,985.583
66d07d3dbf2ffe05f599315c,Late Night 216,online,2024-10-23T23:00:00Z,283,BRS-SCR,F-H,SCR,2024-09-12T17:00:00Z,990.0
6712c14fc7dc61a5a5f4398b,🏆Moujii's Dojo🏆300x PTCGL Codes!🏆,online,2024-10-24T16:05:00Z,121,BRS-SCR,F-H,SCR,2024-09-12T17:00:00Z,1007.083
66fd40cca23f2120819d3416,Silver Squad Standard The jewl collection,online,2024-10-24T21:30:00Z,85,BRS-SCR,F-H,SCR,2024-09-12T17:00:00Z,1012.5
671a03cf8a16be452414b9b9,Apollo's First Weekly!,online,2024-10-25T00:00:00Z,64,BRS-SCR,F-H,SCR,2024-09-12T17:00:00Z,1015.0
671577a1c7dc61a5a5f45eca,Pokémon Battle Park,online,2024-10-25T14:30:00Z,99,BRS-SCR,F-H,SCR,2024-09-12T17:00:00Z,1029.5
67189f0426bb4c6d2e6098df,Absolem TCG - Cup #6,online,2024-10-25T17:00:00Z,66,BRS-SCR,F-H,SCR,2024-09-12T17:00:00Z,1032.0
6718592826bb4c6d2e60969f,瞬间失忆联赛第2赛季第2场 Amnesia Series S2-02【Top16 200code】,online,2024-10-26T01:00:00Z,55,BRS-SCR,F-H,SCR,2024-09-12T17:00:00Z,1040.0
66ec4b1aa39c5e0621c064ce,TOURNAMENT OF DOOM! SPOOKY MONTH!,online,2024-10-26T02:35:00Z,173,BRS-SCR,F-H,SCR,2024-09-12T17:00:00Z,1041.583
67024740a23f2120819d8649,Jester's Weekly Challenge! #7 (Pre-Season),online,2024-10-26T17:00:00Z,64,BRS-SCR,F-H,SCR,2024-09-12T17:00:00Z,1056.0
67149d01c7dc61a5a5f44acf,Mentis Fortis XIII,online,2024-10-27T00:00:00Z,57,BRS-SCR,F-H,SCR,2024-09-12T17:00:00Z,1063.0
671577d0c7dc61a5a5f45ecb,Pokémon Battle Park,online,2024-10-27T16:00:00Z,119,BRS-SCR,F-H,SCR,2024-09-12T17:00:00Z,1079.0
6717ae5426bb4c6d2e608d84,VENUM LEAGUE // CHALLENGER SERIES // FALL WEEK 7🐍,online,2024-10-27T19:00:00Z,64,BRS-SCR,F-H,SCR,2024-09-12T17:00:00Z,1082.0
670e834de1a875097763b3ce,Stellar Ditto #5 (100 codes),online,2024-10-27T23:05:00Z,179,BRS-SCR,F-H,SCR,2024-09-12T17:00:00Z,1086.083
671e44a80947ec3b5d18c552,Pumpka Weekly,online,2024-10-28T19:00:00Z,201,BRS-SCR,F-H,SCR,2024-09-12T17:00:00Z,1106.0
6716bcec26bb4c6d2e6085a1,Sunny's Weekly #176 A Nightmare on Sunny Street!,online,2024-10-28T22:05:00Z,104,BRS-SCR,F-H,SCR,2024-09-12T17:00:00Z,1109.083
66f1fe74a39c5e0621c0a676,Free Entry ║ Deck Out Mondays ║ Top 16 200 Codes,online,2024-10-29T00:00:00Z,177,BRS-SCR,F-H,SCR,2024-09-12T17:00:00Z,1111.0
66ec321fa39c5e0621c0640f,Silver Squad Standard “Gdańsk Regionals 2025”,online,2024-10-29T21:30:00Z,71,BRS-SCR,F-H,SCR,2024-09-12T17:00:00Z,1132.5
670f3113e1a875097763ba47,Jefferson Gym Tuesday Night Standard #14,online,2024-10-30T00:30:00Z,85,BRS-SCR,F-H,SCR,2024-09-12T17:00:00Z,1135.5
671fc3100947ec3b5d18d5ce,ASRcristiano # 4,online,2024-10-30T19:35:00Z,52,BRS-SCR,F-H,SCR,2024-09-12T17:00:00Z,1154.583
672281420947ec3b5d18f0c7,The councils late night #1,online,2024-10-30T23:05:00Z,70,BRS-SCR,F-H,SCR,2024-09-12T17:00:00Z,1158.083
6717542a26bb4c6d2e608c7e,Kuyo杯PTCG Live线上挑战赛 #10 Kuyo Cup(1220code),online,2024-11-02T06:30:00Z,69,BRS-SCR,F-H,SCR,2024-09-12T17:00:00Z,1213.5
672e22870947ec3b5d19a79a,🏆Moujii's Dojo🏆300x PTCGL Codes!🏆,online,2024-11-14T17:10:00Z,97,BRS-SSP,F-H,SSP,2024-11-07T17:00:00Z,168.167
672ff4b40947ec3b5d19dcd8,🌛Team Rocket League Day #211,online,2024-11-14T19:35:00Z,76,BRS-SSP,F-H,SSP,2024-11-07T17:00:00Z,170.583
66f09d55a39c5e0621c096c1,🐍TLS TCG SERIES QUALIFIER 7/10 - (200 Codes),online,2024-11-15T00:00:00Z,147,BRS-SSP,F-H,SSP,2024-11-07T17:00:00Z,175.0
67325de90947ec3b5d1a0da6,Pokémon Battle Park- Surging Sparks is Legal,online,2024-11-15T15:30:00Z,103,BRS-SSP,F-H,SSP,2024-11-07T17:00:00Z,190.5
672ff67e0947ec3b5d19ddda,🌛Team Rocket League Day #212,online,2024-11-15T19:35:00Z,96,BRS-SSP,F-H,SSP,2024-11-07T17:00:00Z,194.583
670aab82a23f2120819ddedd,TOURNAMENT OF DOOM! BACK ON FRIDAYS!,online,2024-11-16T03:35:00Z,192,BRS-SSP,F-H,SSP,2024-11-07T17:00:00Z,202.583
66e5ca76a39c5e0621c027b9,Surging Sparks (Free Entry)(200 codes)(3hr),online,2024-11-16T16:00:00Z,83,BRS-SSP,F-H,SSP,2024-11-07T17:00:00Z,215.0
66df6c04beaddc6f2ee4f84b,Redacted Crown #7 (100 Codes) CLOSED LISTS,online,2024-11-17T00:05:00Z,140,BRS-SSP,F-H,SSP,2024-11-07T17:00:00Z,223.083
6733fdd657dcc5a683fbf36b,Kuyo杯PTCG Live线上锦标赛#4 Kuyo Cup Elite 4,online,2024-11-17T06:00:00Z,60,BRS-SSP,F-H,SSP,2024-11-07T17:00:00Z,229.0
6729122f0947ec3b5d19591e,60 codes booster pour le TCGATITOURNAMENT#2,online,2024-11-17T13:00:00Z,52,BRS-SSP,F-H,SSP,2024-11-07T17:00:00Z,236.0
67325e940947ec3b5d1a0db6,Pokémon Battle Park- Surging Sparks is Legal,online,2024-11-17T17:00:00Z,131,BRS-SSP,F-H,SSP,2024-11-07T17:00:00Z,240.0
6738c923c4180e08eacf581e,VENUM LEAGUE // CHALLENGER SERIES // FALL WEEK10🐍,online,2024-11-17T20:00:00Z,64,BRS-SSP,F-H,SSP,2024-11-07T17:00:00Z,243.0
6735529e57dcc5a683fc10bf,Mudkip’s Den #6 LAIC Special ($50 Cash Prizing),online,2024-11-17T22:00:00Z,134,BRS-SSP,F-H,SSP,2024-11-07T17:00:00Z,245.0
672a434d0947ec3b5d19703c,Stellar Ditto #7 Surging Sparks Legal! (100 codes),online,2024-11-18T00:05:00Z,109,BRS-SSP,F-H,SSP,2024-11-07T17:00:00Z,247.083
673a5cbec4180e08eacf9f6b,Pumpka Weekly,online,2024-11-18T19:00:00Z,196,BRS-SSP,F-H,SSP,2024-11-07T17:00:00Z,266.0
673262d70947ec3b5d1a0de7,Sunny's Weekly #179 From Sao Paulo to Sacramento!,online,2024-11-18T23:05:00Z,128,BRS-SSP,F-H,SSP,2024-11-07T17:00:00Z,270.083
66f1fec3a39c5e0621c0a687,Free Entry ║ Deck Out Mondays ║ Top 16 200 Codes,online,2024-11-19T01:00:00Z,195,BRS-SSP,F-H,SSP,2024-11-07T17:00:00Z,272.0
673c43dac4180e08eacfcdf6,Absolem TCG - Challenge #8,online,2024-11-19T17:30:00Z,62,BRS-SSP,F-H,SSP,2024-11-07T17:00:00Z,288.5
67004f25a23f2120819d59fb,Gray's PokéLeague - Champion's Road #6,online,2024-11-19T19:00:00Z,129,BRS-SSP,F-H,SSP,2024-11-07T17:00:00Z,290.0
672ae9ef0947ec3b5d197d8c,Jefferson Gym Tuesday Night Standard #17,online,2024-11-20T01:30:00Z,141,BRS-SSP,F-H,SSP,2024-11-07T17:00:00Z,296.5
673d2465c4180e08eacfe1e7,Poli's Pop Up Mickey! #2 | Sacramento Practice,online,2024-11-20T05:00:00Z,51,BRS-SSP,F-H,SSP,2024-11-07T17:00:00Z,300.0
66cfa975bf2ffe05f599281c,Late Night 221,online,2024-11-20T17:00:00Z,226,BRS-SSP,F-H,SSP,2024-11-07T17:00:00Z,312.0
66d07dddbf2ffe05f5993164,Late Night 222,online,2024-11-21T00:00:00Z,323,BRS-SSP,F-H,SSP,2024-11-07T17:00:00Z,319.0
67367403140465a3148700e0,🏆Moujii's Dojo🏆300x PTCGL Codes!🏆,online,2024-11-21T17:05:00Z,141,BRS-SSP,F-H,SSP,2024-11-07T17:00:00Z,336.083
673f00dac4180e08ead00a6c,ASRcristiano #8,online,2024-11-21T19:35:00Z,83,BRS-SSP,F-H,SSP,2024-11-07T17:00:00Z,338.583
66f09e60a39c5e0621c096ca,🐍TLS TCG SERIES QUALIFIER 8/10 - (200 Codes),online,2024-11-22T00:00:00Z,152,BRS-SSP,F-H,SSP,2024-11-07T17:00:00Z,343.0
673a6de5c4180e08eacfa260,Pokémon Battle Park,online,2024-11-22T15:30:00Z,102,BRS-SSP,F-H,SSP,2024-11-07T17:00:00Z,358.5
67365a1a140465a31486fdad,🌛Team Rocket League Day #213,online,2024-11-22T17:35:00Z,72,BRS-SSP,F-H,SSP,2024-11-07T17:00:00Z,360.583
673b3588c4180e08eacfb25e,🌛Team Rocket League Day #215,online,2024-11-22T19:35:00Z,90,BRS-SSP,F-H,SSP,2024-11-07T17:00:00Z,362.583
670aabcba23f2120819ddedf,TOURNAMENT OF DOOM! GRAVY IS GOOD!,online,2024-11-23T03:35:00Z,173,BRS-SSP,F-H,SSP,2024-11-07T17:00:00Z,370.583
6702475ba23f2120819d864c,Jester's Weekly Challenge! #10 (Pre-Season),online,2024-11-23T18:30:00Z,64,BRS-SSP,F-H,SSP,2024-11-07T17:00:00Z,385.5
673a6e19c4180e08eacfa264,Pokémon Battle Park,online,2024-11-24T17:00:00Z,153,BRS-SSP,F-H,SSP,2024-11-07T17:00:00Z,408.0
673b34fdc4180e08eacfb256,🌛Team Rocket League Day #214,online,2024-11-24T19:35:00Z,90,BRS-SSP,F-H,SSP,2024-11-07T17:00:00Z,410.583
673d143fc4180e08eacfe0b6,Mudkip's Den #7 (100 Codes),online,2024-11-24T21:05:00Z,73,BRS-SSP,F-H,SSP,2024-11-07T17:00:00Z,412.083
672a43a30947ec3b5d19703f,Stellar Ditto #8 Surging Sparks Legal! (100 codes),online,2024-11-25T00:05:00Z,112,BRS-SSP,F-H,SSP,2024-11-07T17:00:00Z,415.083
67438ede612052096f6243c1,Pumpka Weekly,online,2024-11-25T19:00:00Z,196,BRS-SSP,F-H,SSP,2024-11-07T17:00:00Z,434.0
673baf05c4180e08eacfbe1e,Sunny's Weekly #180 The Skatepark Meet Up!,online,2024-11-25T23:05:00Z,126,BRS-SSP,F-H,SSP,2024-11-07T17:00:00Z,438.083
66f1fed9a39c5e0621c0a68e,Free Entry ║ Deck Out Mondays ║ Top 16 200 Codes,online,2024-11-26T01:00:00Z,211,BRS-SSP,F-H,SSP,2024-11-07T17:00:00Z,440.0
6700511fa23f2120819d5a28,Gray's PokéLeague - Champion's Road #7,online,2024-11-26T19:00:00Z,152,BRS-SSP,F-H,SSP,2024-11-07T17:00:00Z,458.0
6744f35c612052096f626f95,ASRcristiano #9,online,2024-11-26T19:35:00Z,54,BRS-SSP,F-H,SSP,2024-11-07T17:00:00Z,458.583
673bfc90c4180e08eacfca09,🐢Turtle Weekly 🐢,online,2024-11-26T22:30:00Z,62,BRS-SSP,F-H,SSP,2024-11-07T17:00:00Z,461.5
670aac9aa23f2120819ddf0c,CHALLENGE OF DOOM! Delayed for a week!,online,2024-11-27T04:45:00Z,140,BRS-SSP,F-H,SSP,2024-11-07T17:00:00Z,467.75
66cfa9c0bf2ffe05f599281f,Late Night 223/224 - THANKSGIVING MASHUP,online,2024-11-27T19:00:00Z,309,BRS-SSP,F-H,SSP,2024-11-07T17:00:00Z,482.0
6747b45f70c192088cf12de0,Poli's Pop Up Mickey #6!,online,2024-11-28T02:00:00Z,61,BRS-SSP,F-H,SSP,2024-11-07T17:00:00Z,489.0
67466f32612052096f62964e,ASRcristiano #10,online,2024-11-28T19:35:00Z,154,BRS-SSP,F-H,SSP,2024-11-07T17:00:00Z,506.583
6748687c70c192088cf136a6,TurkeyTime,online,2024-11-29T02:00:00Z,90,BRS-SSP,F-H,SSP,2024-11-07T17:00:00Z,513.0
6743b26e612052096f624b82,Pokémon Battle Park,online,2024-11-29T15:30:00Z,117,BRS-SSP,F-H,SSP,2024-11-07T17:00:00Z,526.5
67451753612052096f62750e,🌛Team Rocket League Day #217,online,2024-11-29T19:35:00Z,84,BRS-SSP,F-H,SSP,2024-11-07T17:00:00Z,530.583
6745c209612052096f62801e,Poli's Poolhouse Weekly! #7,online,2024-11-29T23:00:00Z,89,BRS-SSP,F-H,SSP,2024-11-07T17:00:00Z,534.0
6753879d95f729096d715838,Biznaga Challenge #1,online,2024-12-11T02:00:00Z,54,BRS-SSP,F-H,SSP,2024-11-07T17:00:00Z,801.0
6744bf7a612052096f626401,CHALLENGE OF DOOM! GOES HOME FOR THE HOLIDAYS!,online,2024-12-11T04:45:00Z,112,BRS-SSP,F-H,SSP,2024-11-07T17:00:00Z,803.75
66cfaa1ebf2ffe05f5992825,Late Night 227,online,2024-12-11T17:00:00Z,207,BRS-SSP,F-H,SSP,2024-11-07T17:00:00Z,816.0
66d07f30bf2ffe05f599316d,Late Night 228,online,2024-12-12T00:00:00Z,240,BRS-SSP,F-H,SSP,2024-11-07T17:00:00Z,823.0
6753523e95f729096d715040,🏆Moujii's Dojo🏆300x PTCGL Codes!🏆,online,2024-12-12T17:10:00Z,114,BRS-SSP,F-H,SSP,2024-11-07T17:00:00Z,840.167
67530f8695f729096d714561,🌛Team Rocket League Day #219,online,2024-12-12T19:35:00Z,83,BRS-SSP,F-H,SSP,2024-11-07T17:00:00Z,842.583
66f09eb4a39c5e0621c096cf,🐍TLS TCG SERIES QUALIFIER 10/10 - (200 Codes),online,2024-12-13T00:00:00Z,104,BRS-SSP,F-H,SSP,2024-11-07T17:00:00Z,847.0
675621bb95f729096d71cc6f,Pokémon Battle Park,online,2024-12-13T15:30:00Z,95,BRS-SSP,F-H,SSP,2024-11-07T17:00:00Z,862.5
67530fba95f729096d714564,🌛Team Rocket League Day #220,online,2024-12-13T19:35:00Z,94,BRS-SSP,F-H,SSP,2024-11-07T17:00:00Z,866.583
6744bf0a612052096f6263e7,TOURNAMENT OF DOOM! THAT'S NOT SANTA!,online,2024-12-14T03:35:00Z,192,BRS-SSP,F-H,SSP,2024-11-07T17:00:00Z,874.583
6755ca0995f729096d71b8e0,Jester's Weekly Challenge! #12 (Pre-Season),online,2024-12-14T18:30:00Z,82,BRS-SSP,F-H,SSP,2024-11-07T17:00:00Z,889.5
6755ba7a95f729096d71b49c,Redacted Crown #11 (100 Codes) CLOSED LISTS,online,2024-12-15T00:05:00Z,104,BRS-SSP,F-H,SSP,2024-11-07T17:00:00Z,895.083
6755bae695f729096d71b4ac,Redacted Fun #5 (Classic Standard),online,2024-12-15T01:35:00Z,60,BRS-SSP,F-H,SSP,2024-11-07T17:00:00Z,896.583
6757443b95f729096d71e55b,Kuyo杯PTCG Live 1周年特别赛 Kuyo Cup 1 Anniversary Event,online,2024-12-15T05:00:00Z,110,BRS-SSP,F-H,SSP,2024-11-07T17:00:00Z,900.0
6756221095f729096d71cc77,Pokémon Battle Park,online,2024-12-15T17:00:00Z,125,BRS-SSP,F-H,SSP,2024-11-07T17:00:00Z,912.0
6747f78d70c192088cf13269,Mudkip Champions Series 1-3,online,2024-12-15T22:05:00Z,80,BRS-SSP,F-H,SSP,2024-11-07T17:00:00Z,917.083
675eeb1395f729096d72aa79,Pumpka Weekly,online,2024-12-16T19:00:00Z,144,BRS-SSP,F-H,SSP,2024-11-07T17:00:00Z,938.0
6757508795f729096d71e7e7,Sunny's Weekly #183 Taste The Rainbow!,online,2024-12-16T23:05:00Z,120,BRS-SSP,F-H,SSP,2024-11-07T17:00:00Z,942.083
675793a095f729096d71f05e,Free Entry ║ Deck Out Mondays ║ Top 16 200 Codes,online,2024-12-17T01:00:00Z,183,BRS-SSP,F-H,SSP,2024-11-07T17:00:00Z,944.0
67616fdf95f729096d72da40,Absolem TCG - Challenge #11,online,2024-12-17T17:30:00Z,57,BRS-SSP,F-H,SSP,2024-11-07T17:00:00Z,960.5
6700523ca23f2120819d5a2f,Gray's PokéLeague - Champion's Road #9,online,2024-12-17T19:00:00Z,121,BRS-SSP,F-H,SSP,2024-11-07T17:00:00Z,962.0
675ae26395f729096d722e95,🐢Turtle Weekly 4 🐢,online,2024-12-17T22:30:00Z,72,BRS-SSP,F-H,SSP,2024-11-07T17:00:00Z,965.5
672951980947ec3b5d195f86,Barb City League Online Holiday Tournament,online,2024-12-18T00:30:00Z,88,BRS-SSP,F-H,SSP,2024-11-07T17:00:00Z,967.5
66cfaa50bf2ffe05f5992828,Late Night 229,online,2024-12-18T17:00:00Z,222,BRS-SSP,F-H,SSP,2024-11-07T17:00:00Z,984.0
675a0c6495f729096d72226a,Midweek Madness,online,2024-12-18T19:00:00Z,63,BRS-SSP,F-H,SSP,2024-11-07T17:00:00Z,986.0
66d07f71bf2ffe05f5993178,Late Night 230,online,2024-12-19T00:00:00Z,285,BRS-SSP,F-H,SSP,2024-11-07T17:00:00Z,991.0
6753524295f729096d715041,🏆Moujii's Dojo🏆300x PTCGL Codes!🏆,online,2024-12-19T17:10:00Z,146,BRS-SSP,F-H,SSP,2024-11-07T17:00:00Z,1008.167
6760741b95f729096d72c8b5,#3 Torneo online  Vortex Squad,online,2024-12-20T00:10:00Z,121,BRS-SSP,F-H,SSP,2024-11-07T17:00:00Z,1015.167
675f552395f729096d72b8ce,Pokémon Battle Park,online,2024-12-20T15:30:00Z,97,BRS-SSP,F-H,SSP,2024-11-07T17:00:00Z,1030.5
676226cc95f729096d72ee42,Poli's Poolhouse Weekly! #9,online,2024-12-20T23:00:00Z,72,BRS-SSP,F-H,SSP,2024-11-07T17:00:00Z,1038.0
6754c20b95f729096d718dea,TOURNAMENT OF DOOM! IGNORES MY RELATIVES!,online,2024-12-21T03:35:00Z,167,BRS-SSP,F-H,SSP,2024-11-07T17:00:00Z,1042.583
6760837595f729096d72cbbb,The Gengar's Hideout 150+ Surging Sparks Codes!,online,2024-12-21T20:00:00Z,158,BRS-SSP,F-H,SSP,2024-11-07T17:00:00Z,1059.0
6755bb9095f729096d71b4b8,Redacted Standard Practice #2,online,2024-12-22T00:05:00Z,63,BRS-SSP,F-H,SSP,2024-11-07T17:00:00Z,1063.083
676842d086f3dba534021b60,Replacement 18:30 tournament,online,2024-12-22T17:30:00Z,74,BRS-SSP,F-H,SSP,2024-11-07T17:00:00Z,1080.5
6747f81070c192088cf13270,Mudkip Champions Series 1-4,online,2024-12-22T22:05:00Z,154,BRS-SSP,F-H,SSP,2024-11-07T17:00:00Z,1085.083
6768799886f3dba5340224b6,SMG Nightly Standard,online,2024-12-23T02:00:00Z,91,BRS-SSP,F-H,SSP,2024-11-07T17:00:00Z,1089.0
6760c72995f729096d72d274,Sunny's Weekly #184 A Very Sunny Christmas,online,2024-12-23T23:05:00Z,128,BRS-SSP,F-H,SSP,2024-11-07T17:00:00Z,1110.083
672a44760947ec3b5d197053,Stellar Ditto #12 (250 codes),online,2024-12-24T00:05:00Z,202,BRS-SSP,F-H,SSP,2024-11-07T17:00:00Z,1111.083
676a83b486f3dba5340254e9,Bak & Bak PokeLeague #25 - hosted by Edwin Bak,online,2024-12-24T15:00:00Z,54,BRS-SSP,F-H,SSP,2024-11-07T17:00:00Z,1126.0
676035d895f729096d72c2c4,🐢Turtle Weekly 5 🐢,online,2024-12-24T22:30:00Z,153,BRS-SSP,F-H,SSP,2024-11-07T17:00:00Z,1133.5
676c56c586f3dba5340270f0,AOB's Merry Mickey (100 CODES),online,2024-12-25T23:00:00Z,139,BRS-SSP,F-H,SSP,2024-11-07T17:00:00Z,1158.0
676acf7d86f3dba534025b55,🌛Team Rocket League Day #221,online,2024-12-26T19:35:00Z,111,BRS-SSP,F-H,SSP,2024-11-07T17:00:00Z,1178.583
676c375386f3dba534026f61,Gengar’s hideout random tournament,online,2024-12-26T21:30:00Z,79,BRS-SSP,F-H,SSP,2024-11-07T17:00:00Z,1180.5
6769c46486f3dba534024335,#4 Torneo Online Vortex Squad,online,2024-12-27T00:00:00Z,130,BRS-SSP,F-H,SSP,2024-11-07T17:00:00Z,1183.0
676982c486f3dba5340238e5,Pokémon Battle Park,online,2024-12-27T15:30:00Z,139,BRS-SSP,F-H,SSP,2024-11-07T17:00:00Z,1198.5
676dca7286f3dba53402963f,Absolem TCG - Cup #14,online,2024-12-27T18:00:00Z,71,BRS-SSP,F-H,SSP,2024-11-07T17:00:00Z,1201.0
67688fa186f3dba5340227be,Poli's Poolhouse Weekly! #10,online,2024-12-28T00:00:00Z,115,BRS-SSP,F-H,SSP,2024-11-07T17:00:00Z,1207.0
6754c1ab95f729096d718de2,TOURNAMENT OF DOOM! Oh no....,online,2024-12-28T03:35:00Z,184,BRS-SSP,F-H,SSP,2024-11-07T17:00:00Z,1210.583
66b3c1bd82e459668d3595dd,Jester's Quarter Cup! -  (Pre-Season),online,2024-12-28T17:00:00Z,123,BRS-SSP,F-H,SSP,2024-11-07T17:00:00Z,1224.0
6733991657dcc5a683fbecc9,Gray's PokéLeague - Champion's Road #10,online,2025-01-07T19:00:00Z,162,BRS-SSP,F-H,SSP,2024-11-07T17:00:00Z,1466.0
6773757bed2c78098c6a365a,🐢Turtle Weekly 7🐢,online,2025-01-07T22:30:00Z,160,BRS-SSP,F-H,SSP,2024-11-07T17:00:00Z,1469.5
677dbf6c7960ec710efe549a,Poli's Pop Up Mickey! #17 (50 CODES),online,2025-01-08T02:05:00Z,59,BRS-SSP,F-H,SSP,2024-11-07T17:00:00Z,1473.083
66cfaa73bf2ffe05f5992829,Late Night 231,online,2025-01-08T17:00:00Z,264,BRS-SSP,F-H,SSP,2024-11-07T17:00:00Z,1488.0
66c44e8c82e459668d365706,✨ Il Covo dei Sub Series 2025 #5 ✨,online,2025-01-08T19:00:00Z,105,BRS-SSP,F-H,SSP,2024-11-07T17:00:00Z,1490.0
677bde5e7960ec710efe1f99,Midweek Madness,online,2025-01-08T19:00:00Z,56,BRS-SSP,F-H,SSP,2024-11-07T17:00:00Z,1490.0
66d07fffbf2ffe05f59931c2,Late Night 232,online,2025-01-09T00:00:00Z,314,BRS-SSP,F-H,SSP,2024-11-07T17:00:00Z,1495.0
67770f16ed2c78098c6a8c4e,🏆Moujii's Dojo🏆300x PTCGL Codes!🏆,online,2025-01-09T17:15:00Z,188,BRS-SSP,F-H,SSP,2024-11-07T17:00:00Z,1512.25
6774a8e0ed2c78098c6a4b9c,🌛Team Rocket League Day #223,online,2025-01-09T19:35:00Z,110,BRS-SSP,F-H,SSP,2024-11-07T17:00:00Z,1514.583
677c90147960ec710efe3ab7,#6 Torneo Online Vortex Squad,online,2025-01-09T23:00:00Z,107,BRS-SSP,F-H,SSP,2024-11-07T17:00:00Z,1518.0
6780556d7960ec710efe9e15,Poli's Pop Up Mickey! #18,online,2025-01-10T02:00:00Z,96,BRS-SSP,F-H,SSP,2024-11-07T17:00:00Z,1521.0
67784eb3ed2c78098c6ab3a9,Pokemon Battle Park,online,2025-01-10T15:30:00Z,122,BRS-SSP,F-H,SSP,2024-11-07T17:00:00Z,1534.5
677e6cdb7960ec710efe5f81,Absolem TCG - Cup #16,online,2025-01-10T18:00:00Z,56,BRS-SSP,F-H,SSP,2024-11-07T17:00:00Z,1537.0
6774a903ed2c78098c6a4ba1,🌛Team Rocket League Day #224,online,2025-01-10T19:35:00Z,120,BRS-SSP,F-H,SSP,2024-11-07T17:00:00Z,1538.583
6780773d7960ec710efea49a,Torneo Amistoso Izanami V,online,2025-01-11T01:00:00Z,96,BRS-SSP,F-H,SSP,2024-11-07T17:00:00Z,1544.0
676ee55bed2c78098c697c5b,TOURNAMENT OF DOOM! FIGHTIN' ROUND THE WORLD!,online,2025-01-11T03:35:00Z,288,BRS-SSP,F-H,SSP,2024-11-07T17:00:00Z,1546.583
677fe69c7960ec710efe88de,PTCG Samar Online Cup #10,online,2025-01-11T13:00:00Z,57,BRS-SSP,F-H,SSP,2024-11-07T17:00:00Z,1556.0
675ebed295f729096d72a600,Jester's Weekly Casual #1,online,2025-01-11T18:30:00Z,100,BRS-SSP,F-H,SSP,2024-11-07T17:00:00Z,1561.5
67772c28ed2c78098c6a9199,🟣  #2 Gengar's Hideout Weekly Tournament 🟣,online,2025-01-11T20:00:00Z,146,BRS-SSP,F-H,SSP,2024-11-07T17:00:00Z,1563.0
678191c77960ec710efec4d9,#9 Torneo Online PokeTrainers,online,2025-01-12T01:00:00Z,84,BRS-SSP,F-H,SSP,2024-11-07T17:00:00Z,1568.0
6783199f7960ec710eff1c43,underground special san antonio testing,online,2025-01-12T04:00:00Z,58,BRS-SSP,F-H,SSP,2024-11-07T17:00:00Z,1571.0
677feba27960ec710efe898a,PTCG Samar Online Cup #11,online,2025-01-12T13:00:00Z,56,BRS-SSP,F-H,SSP,2024-11-07T17:00:00Z,1580.0
67784edbed2c78098c6ab3ae,Pokémon Battle Park,online,2025-01-12T17:00:00Z,181,BRS-SSP,F-H,SSP,2024-11-07T17:00:00Z,1584.0
6747f84170c192088cf13275,Mudkip Champions Series 1-7,online,2025-01-12T22:05:00Z,148,BRS-SSP,F-H,SSP,2024-11-07T17:00:00Z,1589.083
6783e7877960ec710eff399e,Blue Ditto Pop-up! (100 codes),online,2025-01-13T00:30:00Z,128,BRS-SSP,F-H,SSP,2024-11-07T17:00:00Z,1591.5
678224767960ec710efeda19,SMG Nightly Standard,online,2025-01-13T02:00:00Z,59,BRS-SSP,F-H,SSP,2024-11-07T17:00:00Z,1593.0
678420977960ec710eff4857,Pumpka Weekly,online,2025-01-13T19:00:00Z,193,BRS-SSP,F-H,SSP,2024-11-07T17:00:00Z,1610.0
677c0c607960ec710efe252e,Sunny's Weekly #187 The Casino,online,2025-01-13T23:05:00Z,128,BRS-SSP,F-H,SSP,2024-11-07T17:00:00Z,1614.083
677f52ba7960ec710efe8093,Free Entry ║ Deck Out Mondays ║ Top 16 200 Codes,online,2025-01-14T01:00:00Z,238,BRS-SSP,F-H,SSP,2024-11-07T17:00:00Z,1616.0
677feca67960ec710efe899c,PTCG Samar Online Cup #12,online,2025-01-14T13:00:00Z,76,BRS-SSP,F-H,SSP,2024-11-07T17:00:00Z,1628.0
67769847ed2c78098c6a7432,🐢Turtle Weekly 8🐢,online,2025-01-15T00:10:00Z,102,BRS-SSP,F-H,SSP,2024-11-07T17:00:00Z,1639.167
67846bdb7960ec710eff567e,Jefferson Gym Tuesday Night Standard #19,online,2025-01-15T01:30:00Z,87,BRS-SSP,F-H,SSP,2024-11-07T17:00:00Z,1640.5
66cfaaa6bf2ffe05f599282a,Late Night 233,online,2025-01-15T17:00:00Z,196,BRS-SSP,F-H,SSP,2024-11-07T17:00:00Z,1656.0
66d08050bf2ffe05f59931c4,Late Night 234,online,2025-01-16T00:00:00Z,256,BRS-SSP,F-H,SSP,2024-11-07T17:00:00Z,1663.0
678065bc7960ec710efea125,🏆Moujii's Dojo🏆300x PTCGL Codes!🏆,online,2025-01-16T17:15:00Z,129,BRS-PRE,F-H,PRE,2025-01-16T17:00:00Z,0.25
678476a77960ec710eff57f5,#7 Torneo en line Vortex Squad,online,2025-01-16T23:00:00Z,66,BRS-PRE,F-H,PRE,2025-01-16T17:00:00Z,6.0
678576ec1c64910a07ac1ba5,Poli's Poolhouse Weekly! #12,online,2025-01-17T23:00:00Z,83,BRS-PRE,F-H,PRE,2025-01-16T17:00:00Z,30.0
67891b59010576265d10e234,瞬间失忆联赛第2赛季第6场 Amnesia Series S2-06,online,2025-01-18T01:00:00Z,68,BRS-PRE,F-H,PRE,2025-01-16T17:00:00Z,32.0
676ee5d0ed2c78098c697c92,TOURNAMENT OF DOOM! Prismatic Evolutions Legal!,online,2025-01-18T03:35:00Z,178,BRS-PRE,F-H,PRE,2025-01-16T17:00:00Z,34.583
6783f0fd7960ec710eff3bdf,Redacted Evolutions #1 (100 Codes) CLOSED LISTS,online,2025-01-19T00:05:00Z,158,BRS-PRE,F-H,PRE,2025-01-16T17:00:00Z,55.083
6747f86070c192088cf13276,Mudkip Champions Series 1-8 (PRISMATIC LEGAL),online,2025-01-19T22:05:00Z,129,BRS-PRE,F-H,PRE,2025-01-16T17:00:00Z,77.083
6786b896010576265d10b005,Prismatic Ditto #1 PRE Legal! (200 Codes),online,2025-01-20T00:30:00Z,194,BRS-PRE,F-H,PRE,2025-01-16T17:00:00Z,79.5
678c35a5010576265d1160c0,Budew Takeover  (PTCGL) pop up,online,2025-01-20T17:00:00Z,107,BRS-PRE,F-H,PRE,2025-01-16T17:00:00Z,96.0
678d601b010576265d1181a0,Pumpka 30th birthday Weekly,online,2025-01-20T19:00:00Z,174,BRS-PRE,F-H,PRE,2025-01-16T17:00:00Z,98.0
678c42c1010576265d116338,Merida Regional Testing #2,online,2025-01-20T23:00:00Z,67,BRS-PRE,F-H,PRE,2025-01-16T17:00:00Z,102.0
67857e071c64910a07ac1cf0,Sunny's Weekly #188 Live From The Alamo,online,2025-01-20T23:05:00Z,121,BRS-PRE,F-H,PRE,2025-01-16T17:00:00Z,102.083
6786f028010576265d10b502,Free Entry ║ Deck Out Mondays ║ Top 16 200 Codes,online,2025-01-21T01:00:00Z,159,BRS-PRE,F-H,PRE,2025-01-16T17:00:00Z,104.0
673bcbdac4180e08eacfc229,Gray's PokéLeague - Prismatic Evolutions Special,online,2025-01-21T18:30:00Z,144,BRS-PRE,F-H,PRE,2025-01-16T17:00:00Z,121.5
677b2fdded2c78098c6b4194,TOURNAMENT OF DOOM! Oh... yea.....,online,2025-02-01T03:35:00Z,226,BRS-PRE,F-H,PRE,2025-01-16T17:00:00Z,370.583
6797efa75229b408d3cef3e7,🎉 Leahly's PTCG Weekly Tournament #1 🎉,online,2025-02-01T18:30:00Z,128,BRS-PRE,F-H,PRE,2025-01-16T17:00:00Z,385.5
67772ef8ed2c78098c6a91cb,🟣  #4 Gengar's Hideout Weekly Tournament 🟣,online,2025-02-01T20:00:00Z,97,BRS-PRE,F-H,PRE,2025-01-16T17:00:00Z,387.0
678455547960ec710eff52d7,Redacted Evolutions #2 (100 Codes) CLOSED LISTS,online,2025-02-02T00:05:00Z,164,BRS-PRE,F-H,PRE,2025-01-16T17:00:00Z,391.083
679e2daf352013cfaad0d5f1,Redacted 2nd Chance #2 (Mini Event 50 Codes),online,2025-02-02T01:30:00Z,71,BRS-PRE,F-H,PRE,2025-01-16T17:00:00Z,392.5
678d414a010576265d117d6c,Kuyo杯Live蛇年特别赛 Kuyo Cup Year of Snake,online,2025-02-02T05:00:00Z,100,BRS-PRE,F-H,PRE,2025-01-16T17:00:00Z,396.0
6797e3a85229b408d3cef225,Pokémon Battle Park- Prismatic Evolutions is Legal,online,2025-02-02T17:00:00Z,203,BRS-PRE,F-H,PRE,2025-01-16T17:00:00Z,408.0
679d855697e30145c389082b,Umbral League Inaugural Tournament - CLOSED LIST,online,2025-02-02T20:05:00Z,70,BRS-PRE,F-H,PRE,2025-01-16T17:00:00Z,411.083
679e57f5ff400273891cb315,Play TCG Casual,online,2025-02-02T23:00:00Z,57,BRS-PRE,F-H,PRE,2025-01-16T17:00:00Z,414.0
6786bad3010576265d10b01c,Prismatic Ditto #2 (100 Codes),online,2025-02-03T00:30:00Z,206,BRS-PRE,F-H,PRE,2025-01-16T17:00:00Z,415.5
679f5fa2baf56254079f2643,Pumpka Weekly,online,2025-02-03T19:00:00Z,241,BRS-PRE,F-H,PRE,2025-01-16T17:00:00Z,434.0
6797ea4a5229b408d3cef349,Sunny's Weekly #190 Fiesta Pokémon!,online,2025-02-03T23:05:00Z,128,BRS-PRE,F-H,PRE,2025-01-16T17:00:00Z,438.083
67982b105229b408d3cefb26,Free Entry ║ Deck Out Mondays ║ Top 16 200 Codes,online,2025-02-04T01:00:00Z,216,BRS-PRE,F-H,PRE,2025-01-16T17:00:00Z,440.0
67a06db23b814c326f9709f9,Monday afternoon tournament,online,2025-02-04T03:00:00Z,58,BRS-PRE,F-H,PRE,2025-01-16T17:00:00Z,442.0
679fcb13f1a83f7924eb5320,Team Gamers Guild league #1 The First One,online,2025-02-04T18:00:00Z,97,BRS-PRE,F-H,PRE,2025-01-16T17:00:00Z,457.0
677dae6d7960ec710efe529b,Gray's PokéLeague - Champion's Road #12,online,2025-02-04T19:30:00Z,73,BRS-PRE,F-H,PRE,2025-01-16T17:00:00Z,458.5
67a013693b814c326f9705c8,ASRcristiano # 17,online,2025-02-04T19:35:00Z,55,BRS-PRE,F-H,PRE,2025-01-16T17:00:00Z,458.583
67900a915229b408d3ce1c24,🐢Turtle Weekly 11🐢,online,2025-02-04T22:30:00Z,110,BRS-PRE,F-H,PRE,2025-01-16T17:00:00Z,461.5
677b2f82ed2c78098c6b4162,CHALLENGE OF DOOM! or is it challénge?,online,2025-02-05T04:35:00Z,64,BRS-PRE,F-H,PRE,2025-01-16T17:00:00Z,467.583
678602051c64910a07ac2dbf,✨ Il Covo dei Sub Series 2025 #6 POST ROTATION ✨,online,2025-02-05T19:00:00Z,75,BRS-PRE,F-H,PRE,2025-01-16T17:00:00Z,482.0
66d08127bf2ffe05f59931ce,Late Night 240,online,2025-02-06T00:00:00Z,320,BRS-PRE,F-H,PRE,2025-01-16T17:00:00Z,487.0
679c1291b30a7a7ad7e5e5a1,🏆Moujii's Dojo🏆300x PTCGL Codes!🏆,online,2025-02-06T17:10:00Z,162,BRS-PRE,F-H,PRE,2025-01-16T17:00:00Z,504.167
67a37b7d435c6fb86e8b85c3,ASRcristiano # 18,online,2025-02-06T19:35:00Z,94,BRS-PRE,F-H,PRE,2025-01-16T17:00:00Z,506.583
67a181b73b814c326f971c75,#10 Torneo Online Vortex Squad,online,2025-02-06T23:00:00Z,53,BRS-PRE,F-H,PRE,2025-01-16T17:00:00Z,510.0
679e98c5ec94bf470ec8f6fd,🐍TLS TCG SERIES QUALIFIER 1/10 S2 - CASH + CODES,online,2025-02-07T00:00:00Z,106,BRS-PRE,F-H,PRE,2025-01-16T17:00:00Z,511.0
679ff6d7f1a83f7924eb57f3,Pokémon Battle Park,online,2025-02-07T15:30:00Z,111,BRS-PRE,F-H,PRE,2025-01-16T17:00:00Z,526.5
67a3d836a184c8cb67196fe6,Absolem TCG - Cup #20 - Last of this Season!!,online,2025-02-07T18:45:00Z,68,BRS-PRE,F-H,PRE,2025-01-16T17:00:00Z,529.75
67a4dbf53b814c326f974920,ASRcristiano # 19,online,2025-02-07T19:35:00Z,79,BRS-PRE,F-H,PRE,2025-01-16T17:00:00Z,530.583
67a25bfaf1a83f7924eb75e4,Poli's Poolhouse Weekly! #14 (100 CODES),online,2025-02-07T23:00:00Z,113,BRS-PRE,F-H,PRE,2025-01-16T17:00:00Z,534.0
67997bc15229b408d3cf1655,TOURNAMENT OF DOOM! GIANT ROBOTS!!!,online,2025-02-08T03:35:00Z,195,BRS-PRE,F-H,PRE,2025-01-16T17:00:00Z,538.583
679fe38df1a83f7924eb55f6,Team Gamers Guild League #2,online,2025-02-08T13:30:00Z,72,BRS-PRE,F-H,PRE,2025-01-16T17:00:00Z,548.5
679e6128ca4aa463423ac8ad,Jester's Monthly Challenge [February 2025],online,2025-02-08T17:00:00Z,98,BRS-PRE,F-H,PRE,2025-01-16T17:00:00Z,552.0
679e86846346b1f1edff464e,🎉 Leahly's PTCG Weekly Tournament #2 🎉,online,2025-02-08T18:30:00Z,85,BRS-PRE,F-H,PRE,2025-01-16T17:00:00Z,553.5
677731c3ed2c78098c6a925e,🟣  #5 Gengar's Hideout Weekly Tournament 🟣,online,2025-02-08T20:00:00Z,79,BRS-PRE,F-H,PRE,2025-01-16T17:00:00Z,555.0
678456067960ec710eff52ec,Redacted Evolutions #3 (100 Codes) CLOSED LISTS,online,2025-02-09T00:05:00Z,155,BRS-PRE,F-H,PRE,2025-01-16T17:00:00Z,559.083
679f7228aefa8d3c809f292b,Redacted 2nd Chance #3 (Mini Event 50 Codes),online,2025-02-09T01:30:00Z,63,BRS-PRE,F-H,PRE,2025-01-16T17:00:00Z,560.5
67987a7e5229b408d3cf01c2,Oceanic Tournament Series 2025 #2,online,2025-02-09T08:00:00Z,58,BRS-PRE,F-H,PRE,2025-01-16T17:00:00Z,567.0
67a3b4b43b814c326f973802,Tournoi amical LEAGUE canto N30°,online,2025-02-09T13:00:00Z,58,BRS-PRE,F-H,PRE,2025-01-16T17:00:00Z,572.0
67a06e42f1a83f7924eb5db0,Umbral League Omni Series - Weekly #2 - 35 CODES!,online,2025-02-09T19:05:00Z,129,BRS-PRE,F-H,PRE,2025-01-16T17:00:00Z,578.083
6786bda7010576265d10b07f,Prismatic Ditto #3 (100 Codes),online,2025-02-10T00:30:00Z,158,BRS-PRE,F-H,PRE,2025-01-16T17:00:00Z,583.5
67a8fe8bc33362b4e39d9261,Pumpka Weekly,online,2025-02-10T19:00:00Z,229,BRS-PRE,F-H,PRE,2025-01-16T17:00:00Z,602.0
67a189d0f1a83f7924eb6fb3,Sunny's Weekly #191 The Lumberjack Social Event!,online,2025-02-10T23:05:00Z,116,BRS-PRE,F-H,PRE,2025-01-16T17:00:00Z,606.083
67a15fb8f1a83f7924eb6d29,Free Entry ║ Deck Out Mondays ║ Top 16 200 Codes,online,2025-02-11T01:00:00Z,152,BRS-PRE,F-H,PRE,2025-01-16T17:00:00Z,608.0
67a7b7a99cebf3a8aa3aea2d,Team Gamers Guild League #3,online,2025-02-11T17:00:00Z,122,BRS-PRE,F-H,PRE,2025-01-16T17:00:00Z,624.0
677daec37960ec710efe52a1,Gray's PokéLeague - Champion's Road #13,online,2025-02-11T19:00:00Z,78,BRS-PRE,F-H,PRE,2025-01-16T17:00:00Z,626.0
67a9ce8705f4a8b0fc572fce,ASRcristiano # 20,online,2025-02-11T19:35:00Z,71,BRS-PRE,F-H,PRE,2025-01-16T17:00:00Z,626.583
679677a45229b408d3ced412,🐢Turtle Weekly 12🐢,online,2025-02-11T22:30:00Z,112,BRS-PRE,F-H,PRE,2025-01-16T17:00:00Z,629.5
679997975229b408d3cf19a8,Jefferson Gym Tuesday Night Standard #21,online,2025-02-12T01:30:00Z,105,BRS-PRE,F-H,PRE,2025-01-16T17:00:00Z,632.5
67ac5e2978c0b32318811d1e,ASRcristiano # 21,online,2025-02-12T19:35:00Z,133,BRS-PRE,F-H,PRE,2025-01-16T17:00:00Z,650.583
67abced40b3322ebaa504e3f,Barb City League #18,online,2025-02-13T00:30:00Z,111,BRS-PRE,F-H,PRE,2025-01-16T17:00:00Z,655.5
67b3a93b78c0b32318818319,Sunny's Weekly #193 Built Out of Legos!,online,2025-02-24T23:05:00Z,128,BRS-PRE,F-H,PRE,2025-01-16T17:00:00Z,942.083
67bbfd7c78c0b3231881ec53,Card Temple Weekly Battles #2,online,2025-02-25T01:40:00Z,91,BRS-PRE,F-H,PRE,2025-01-16T17:00:00Z,944.667
67b6241c78c0b32318819db2,Team Gamers Guild League #5!,online,2025-02-25T17:15:00Z,65,BRS-PRE,F-H,PRE,2025-01-16T17:00:00Z,960.25
678403427960ec710eff40df,Gray's PokéLeague - Champion's Road #14,online,2025-02-25T18:30:00Z,67,BRS-PRE,F-H,PRE,2025-01-16T17:00:00Z,961.5
67b5ef2878c0b32318819ab8,ASRcristiano # 22,online,2025-02-25T20:00:00Z,71,BRS-PRE,F-H,PRE,2025-01-16T17:00:00Z,963.0
67ad633878c0b32318812bb3,🐢25 codes Turtle Weekly 14 🐢,online,2025-02-25T23:00:00Z,82,BRS-PRE,F-H,PRE,2025-01-16T17:00:00Z,966.0
67a17715f1a83f7924eb6e97,Biznaga Challenge #5,online,2025-02-26T02:00:00Z,107,BRS-PRE,F-H,PRE,2025-01-16T17:00:00Z,969.0
67b7b4ba0b3322ebaa50f5fe,🏆Moujii's Dojo🏆300x PTCGL Codes!🏆,online,2025-02-27T17:05:00Z,114,BRS-PRE,F-H,PRE,2025-01-16T17:00:00Z,1008.083
67be27470b3322ebaa514a2e,Victini TCG,online,2025-02-27T23:15:00Z,55,BRS-PRE,F-H,PRE,2025-01-16T17:00:00Z,1014.25
679e9a52ac375d44ca9134cf,🐍TLS TCG SERIES QUALIFIER 4/10 S2 - CASH + CODES,online,2025-02-28T00:00:00Z,77,BRS-PRE,F-H,PRE,2025-01-16T17:00:00Z,1015.0
67bbbbbf78c0b3231881ea58,Pokémon Battle Park,online,2025-02-28T15:30:00Z,77,BRS-PRE,F-H,PRE,2025-01-16T17:00:00Z,1030.5
67b10cfbdb9039721dba9846,Jester's Weekly Casual #5,online,2025-02-28T18:00:00Z,61,BRS-PRE,F-H,PRE,2025-01-16T17:00:00Z,1033.0
67bcf25478c0b3231881f5fd,Poli's Poolhouse Weekly! #15,online,2025-02-28T23:00:00Z,59,BRS-PRE,F-H,PRE,2025-01-16T17:00:00Z,1038.0
67a70916a184c8cb6719a288,TOURNAMENT OF DOOM! NOT A LEAP YEAR!,online,2025-03-01T03:35:00Z,195,BRS-PRE,F-H,PRE,2025-01-16T17:00:00Z,1042.583
67c1978ca1d5aaa96ff587d6,Team gamers Guild CUP! 🏆 #2,online,2025-03-01T15:30:00Z,56,BRS-PRE,F-H,PRE,2025-01-16T17:00:00Z,1054.5
67be0e010b3322ebaa514873,🎉 Leahly’s PTCG Weekly Tournament #4 🎉,online,2025-03-01T18:30:00Z,83,BRS-PRE,F-H,PRE,2025-01-16T17:00:00Z,1057.5
67bfd0620b3322ebaa515d88,Redacted Evolutions #6 (100 Codes) CLOSED LISTS,online,2025-03-02T00:05:00Z,126,BRS-PRE,F-H,PRE,2025-01-16T17:00:00Z,1063.083
67bfd3d40b3322ebaa515de6,Redacted 2nd Chance #6 (Mini Event 50 Codes),online,2025-03-02T01:30:00Z,78,BRS-PRE,F-H,PRE,2025-01-16T17:00:00Z,1064.5
67bbbc0678c0b3231881ea59,Pokémon Battle Park,online,2025-03-02T17:00:00Z,130,BRS-PRE,F-H,PRE,2025-01-16T17:00:00Z,1080.0
67bb999378c0b3231881e7c4,Mudkip Champions Series 2-1 The Return,online,2025-03-02T22:35:00Z,125,BRS-PRE,F-H,PRE,2025-01-16T17:00:00Z,1085.583
67c4b6d436181ea4d6e9b126,Redacted x Ditto Open Cup (100 Codes) CLOSED LISTS,online,2025-03-03T00:05:00Z,106,BRS-PRE,F-H,PRE,2025-01-16T17:00:00Z,1087.083
67bc3fea78c0b3231881ece4,SMG Nightly Standard,online,2025-03-03T02:00:00Z,59,BRS-PRE,F-H,PRE,2025-01-16T17:00:00Z,1089.0
67c4559e36181ea4d6e9a56c,Pumpka Weekly,online,2025-03-03T19:00:00Z,157,BRS-PRE,F-H,PRE,2025-01-16T17:00:00Z,1106.0
67bcd57f78c0b3231881f3ca,Sunny's Weekly #194 Sunny's Construction Company,online,2025-03-03T23:05:00Z,128,BRS-PRE,F-H,PRE,2025-01-16T17:00:00Z,1110.083
67c5321f8f99a44fce341c63,Card Temple Weekly Battles #3,online,2025-03-04T01:40:00Z,76,BRS-PRE,F-H,PRE,2025-01-16T17:00:00Z,1112.667
67c48eaa36181ea4d6e9acdf,Team Gamers Guild League #6,online,2025-03-04T17:30:00Z,62,BRS-PRE,F-H,PRE,2025-01-16T17:00:00Z,1128.5
6784039e7960ec710eff4105,Gray's PokéLeague - Champion's Road #15,online,2025-03-04T18:30:00Z,70,BRS-PRE,F-H,PRE,2025-01-16T17:00:00Z,1129.5
67c50ce58f99a44fce341b0d,ASRcristiano # 24,online,2025-03-04T20:00:00Z,70,BRS-PRE,F-H,PRE,2025-01-16T17:00:00Z,1131.0
67b730420b3322ebaa50ed10,🐢Turtle Weekly 15🐢Allout takeover,online,2025-03-04T22:30:00Z,95,BRS-PRE,F-H,PRE,2025-01-16T17:00:00Z,1133.5
67c610178f99a44fce3427f1,Card Forum Online #16 - Top 4 prizes,online,2025-03-05T02:30:00Z,59,BRS-PRE,F-H,PRE,2025-01-16T17:00:00Z,1137.5
67a3b93a3b814c326f97383e,CHALLENGE OF DOOM! VANCOUVER PREVIEW!,online,2025-03-05T04:35:00Z,64,BRS-PRE,F-H,PRE,2025-01-16T17:00:00Z,1139.583
67c6656036181ea4d6e9cd3c,🔴 Arrow Cup #1 🔴,online,2025-03-05T22:45:00Z,95,BRS-PRE,F-H,PRE,2025-01-16T17:00:00Z,1157.75
67c5da4236181ea4d6e9c074,CARDHUB CHALLENGE 5 round || PTCGL Codes Prize,online,2025-03-06T14:00:00Z,51,BRS-PRE,F-H,PRE,2025-01-16T17:00:00Z,1173.0
67c0f9d078c0b323188226be,🏆Moujii's Dojo🏆,online,2025-03-06T18:00:00Z,135,BRS-PRE,F-H,PRE,2025-01-16T17:00:00Z,1177.0
67bbd4a278c0b3231881eb7a,#13 Torneo Online Vortex Squad,online,2025-03-06T23:00:00Z,52,BRS-PRE,F-H,PRE,2025-01-16T17:00:00Z,1182.0
679e9a6aec94bf470ec8f70a,🐍TLS TCG SERIES QUALIFIER 5/10 S2 - CASH + CODES,online,2025-03-07T00:00:00Z,88,BRS-PRE,F-H,PRE,2025-01-16T17:00:00Z,1183.0
67c5c06d8f99a44fce3420c3,Pokémon Battle Park,online,2025-03-07T15:30:00Z,97,BRS-PRE,F-H,PRE,2025-01-16T17:00:00Z,1198.5
67cacb5a36181ea4d6ea08bb,CARDHUB CHALLENGE 5 round || PTCGL Codes Prize,online,2025-03-07T20:00:00Z,64,BRS-PRE,F-H,PRE,2025-01-16T17:00:00Z,1203.0
67ca48758f99a44fce346779,Plantel Battle #09 ( 100 CODES - TOP 8),online,2025-03-07T23:00:00Z,58,BRS-PRE,F-H,PRE,2025-01-16T17:00:00Z,1206.0
67c9b23936181ea4d6e9f8bd,Torneo Online PTCGL Gratuito #1,online,2025-03-08T02:00:00Z,75,BRS-PRE,F-H,PRE,2025-01-16T17:00:00Z,1209.0
67c2c72a7343de6f1c79b33c,Jester's Weekly Casual #6,online,2025-03-08T18:05:00Z,81,BRS-PRE,F-H,PRE,2025-01-16T17:00:00Z,1225.083
67bfd06c0b3322ebaa515d8a,Redacted Evolutions #7 (100 Codes) CLOSED LISTS,online,2025-03-09T00:05:00Z,104,BRS-PRE,F-H,PRE,2025-01-16T17:00:00Z,1231.083
67c4541f36181ea4d6e9a55f,Oceanic Tournament Series 2025 #6,online,2025-03-09T08:00:00Z,56,BRS-PRE,F-H,PRE,2025-01-16T17:00:00Z,1239.0
67c5c0af36181ea4d6e9be14,Pokémon Battle Park,online,2025-03-09T16:00:00Z,76,BRS-PRE,F-H,PRE,2025-01-16T17:00:00Z,1247.0
6786be9a010576265d10b08b,Prismatic Ditto #6 (200 Codes),online,2025-03-09T23:30:00Z,116,BRS-PRE,F-H,PRE,2025-01-16T17:00:00Z,1254.5
67ce3a157c466f5723c32ea0,Pokémon Journey League #1 - 30 USD Prize,online,2025-03-10T17:00:00Z,57,BRS-PRE,F-H,PRE,2025-01-16T17:00:00Z,1272.0
67cdb89f0bff7e07c136bd70,Pumpka Weekly,online,2025-03-10T19:00:00Z,132,BRS-PRE,F-H,PRE,2025-01-16T17:00:00Z,1274.0
67c61a368f99a44fce3428e3,Sunny's Weekly #195 The Gladiator Pits,online,2025-03-10T22:05:00Z,107,BRS-PRE,F-H,PRE,2025-01-16T17:00:00Z,1277.083
67ce15117c466f5723c32b94,Card Temple Weekly Battles #4,online,2025-03-11T02:00:00Z,75,BRS-PRE,F-H,PRE,2025-01-16T17:00:00Z,1281.0
67d9af4fa99850c6e38cbebb,PokeArena #3 (200 Codes),online,2025-03-24T23:15:00Z,62,BRS-PRE,F-H,PRE,2025-01-16T17:00:00Z,1614.25
67e1731740ab762997eac0bb,Card Temple Weekly Battles #6,online,2025-03-25T02:00:00Z,68,BRS-PRE,F-H,PRE,2025-01-16T17:00:00Z,1617.0
67da2b4ca99850c6e38cc547,BSS🗿Po’l la Noche Vol.4 Good bye Reg F,online,2025-03-26T00:00:00Z,58,BRS-PRE,F-H,PRE,2025-01-16T17:00:00Z,1639.0
67e2fc5e40ab762997ead5fe,Pokemon TCG #1,online,2025-03-26T23:30:00Z,70,BRS-PRE,F-H,PRE,2025-01-16T17:00:00Z,1662.5
679e9aa2ac375d44ca9134d8,🐍TLS TCG SERIES QUALIFIER 8/10 S2 - CASH + CODES,online,2025-03-27T23:00:00Z,146,SVI-JTG,G-I,JTG,2025-03-27T17:00:00Z,6.0
67e07d6cfb3a86a4cffce215,Pokémon Battle Park- Journey Together is Legal,online,2025-03-28T14:30:00Z,103,SVI-JTG,G-I,JTG,2025-03-27T17:00:00Z,21.5
67a913fd05f4a8b0fc5726b9,Polskie Nocne Granie #4,online,2025-03-28T17:00:00Z,79,SVI-JTG,G-I,JTG,2025-03-27T17:00:00Z,24.0
67dee62247ba07e827b70213,Poli's Poolhouse Weekly! #16,online,2025-03-28T22:00:00Z,54,SVI-JTG,G-I,JTG,2025-03-27T17:00:00Z,29.0
67e18a64fb3a86a4cffceafd,Redacted x Ditto x PokeArena Cup (600 Codes+Cash),online,2025-03-28T23:05:00Z,276,SVI-JTG,G-I,JTG,2025-03-27T17:00:00Z,30.083
67e19be0fb3a86a4cffcebab,Special Battles #1,online,2025-03-29T02:00:00Z,64,SVI-JTG,G-I,JTG,2025-03-27T17:00:00Z,33.0
677dade77960ec710efe5294,"ToD: ""Regional"" Championships V",online,2025-03-29T15:00:00Z,289,SVI-JTG,G-I,JTG,2025-03-27T17:00:00Z,46.0
67cd516d7c466f5723c31974,Jester's Monthly Challenge [March 2025][Rotation],online,2025-03-29T18:05:00Z,57,SVI-JTG,G-I,JTG,2025-03-27T17:00:00Z,49.083
67bfd08678c0b323188217bb,Redacted Evolutions #10 (100 Codes) CLOSED LISTS,online,2025-03-29T23:05:00Z,132,SVI-JTG,G-I,JTG,2025-03-27T17:00:00Z,54.083
67bfd40078c0b323188217d6,Redacted 2nd Chance #10 (Mini Event 50 Codes),online,2025-03-30T00:30:00Z,71,SVI-JTG,G-I,JTG,2025-03-27T17:00:00Z,55.5
67e07e41fb3a86a4cffce220,Pokémon Battle Park-Post Rotation Tournament,online,2025-03-30T16:00:00Z,181,SVI-JTG,G-I,JTG,2025-03-27T17:00:00Z,71.0
67e9727a142155bb4448f867,Poli's Pop Up Mickey! #21 ATLANTA TESTING,online,2025-03-30T20:30:00Z,72,SVI-JTG,G-I,JTG,2025-03-27T17:00:00Z,75.5
67c6341f8f99a44fce342bc9,Deep Sea Draw #2,online,2025-03-30T23:00:00Z,57,SVI-JTG,G-I,JTG,2025-03-27T17:00:00Z,78.0
67ce44290bff7e07c136c935,Ditto Together #1 JTG is Legal! (200 Codes),online,2025-03-30T23:30:00Z,179,SVI-JTG,G-I,JTG,2025-03-27T17:00:00Z,78.5
67e9a3d78618249809367feb,Pumpka Weekly,online,2025-03-31T18:00:00Z,206,SVI-JTG,G-I,JTG,2025-03-27T17:00:00Z,97.0
67e1b36cfb3a86a4cffced80,Sunny's Weekly #198 A New Journey.... Together!,online,2025-03-31T22:05:00Z,128,SVI-JTG,G-I,JTG,2025-03-27T17:00:00Z,101.083
67e417eefb3a86a4cffd03c9,PokeArena #4 (100 Codes),online,2025-03-31T23:15:00Z,109,SVI-JTG,G-I,JTG,2025-03-27T17:00:00Z,102.25
67eaed6e8618249809368a81,Card Temple Weekly Battles #7,online,2025-04-01T02:00:00Z,81,SVI-JTG,G-I,JTG,2025-03-27T17:00:00Z,105.0
67d733879561463c337210a2,🐢Turtle Weekly 18🐢,online,2025-04-01T21:30:00Z,75,SVI-JTG,G-I,JTG,2025-03-27T17:00:00Z,124.5
67df78ecfb3a86a4cffcd41d,BSS🗿Po’l la Noche Vol.5 Hop Is that you?,online,2025-04-02T00:00:00Z,67,SVI-JTG,G-I,JTG,2025-03-27T17:00:00Z,127.0
67e71b83fb3a86a4cffd20ea,🏆Team GG Cup... Not a Fools Day Prank🏆 #4,online,2025-04-02T16:30:00Z,110,SVI-JTG,G-I,JTG,2025-03-27T17:00:00Z,143.5
67e6fe9efb3a86a4cffd1f3f,🏆Moujii's Dojo🏆,online,2025-04-03T16:00:00Z,169,SVI-JTG,G-I,JTG,2025-03-27T17:00:00Z,167.0
679e9ab92e9db6e88f3e5dbc,🐍TLS TCG SERIES QUALIFIER 9/10 S2 - CASH + CODES,online,2025-04-03T23:00:00Z,159,SVI-JTG,G-I,JTG,2025-03-27T17:00:00Z,174.0
67e9e71e142155bb4448fe53,Pokémon Battle Park- Post Rotation Tournament,online,2025-04-04T14:30:00Z,139,SVI-JTG,G-I,JTG,2025-03-27T17:00:00Z,189.5
67e5fa2140ab762997eaf1d8,Plantel Battle #10 ( 100 CODES - TOP 8 ),online,2025-04-04T23:00:00Z,71,SVI-JTG,G-I,JTG,2025-03-27T17:00:00Z,198.0
67e04a29fb3a86a4cffcdd94,TOURNAMENT OF DOOM! THE NEW FRONTIER!,online,2025-04-05T02:35:00Z,306,SVI-JTG,G-I,JTG,2025-03-27T17:00:00Z,201.583
67e905c68618249809367809,Jester's Weekly Casual #9,online,2025-04-05T17:05:00Z,78,SVI-JTG,G-I,JTG,2025-03-27T17:00:00Z,216.083
678401a77960ec710eff3fc6,Gray's PokéLeague - Journey Together Special,online,2025-04-05T17:30:00Z,168,SVI-JTG,G-I,JTG,2025-03-27T17:00:00Z,216.5
67f11d0d301019fd332f61f0,Redacted Evolutions #11 (100 Codes) CLOSED LISTS,online,2025-04-05T23:05:00Z,181,SVI-JTG,G-I,JTG,2025-03-27T17:00:00Z,222.083
67f11d82301019fd332f61fb,Redacted 2nd Chance #11 (Mini Event 50 Codes),online,2025-04-06T00:30:00Z,68,SVI-JTG,G-I,JTG,2025-03-27T17:00:00Z,223.5
67f2a82e10ff208821ec2824,Battle park replacement:) TGG League #11,online,2025-04-06T17:15:00Z,61,SVI-JTG,G-I,JTG,2025-03-27T17:00:00Z,240.25
67e32dee40ab762997ead7c2,Mudkip Champions 2-5,online,2025-04-06T21:35:00Z,70,SVI-JTG,G-I,JTG,2025-03-27T17:00:00Z,244.583
67e0d19140ab762997eabc88,Ditto Together #2 (100 Codes),online,2025-04-06T23:30:00Z,258,SVI-JTG,G-I,JTG,2025-03-27T17:00:00Z,246.5
67f2d12a10ff208821ec2a2b,Pumpka Weekly - Partner Anniversary Special!,online,2025-04-07T18:00:00Z,221,SVI-JTG,G-I,JTG,2025-03-27T17:00:00Z,265.0
67eaf1d88618249809368ad1,Sunny's Weekly #199 Quest to Atlanta,online,2025-04-07T22:05:00Z,128,SVI-JTG,G-I,JTG,2025-03-27T17:00:00Z,269.083
67ec91548618249809369748,PokeArena #5 (200 Codes) - Atlanta Testing,online,2025-04-07T23:05:00Z,89,SVI-JTG,G-I,JTG,2025-03-27T17:00:00Z,270.083
67f3560810ff208821ec2e82,Card Temple Weekly Battles #8,online,2025-04-08T02:00:00Z,97,SVI-JTG,G-I,JTG,2025-03-27T17:00:00Z,273.0
67f4ee13d28716d7204d4bc2,Team Gamers Guild League #13,online,2025-04-08T15:30:00Z,63,SVI-JTG,G-I,JTG,2025-03-27T17:00:00Z,286.5
678404067960ec710eff411c,Gray's PokéLeague - Champion's Road #16,online,2025-04-08T17:30:00Z,140,SVI-JTG,G-I,JTG,2025-03-27T17:00:00Z,288.5
67d733bc9561463c337210a3,🐢Turtle Weekly 19🐢,online,2025-04-08T21:30:00Z,87,SVI-JTG,G-I,JTG,2025-03-27T17:00:00Z,292.5
67f03379301019fd332f57f1,BSS🗿Po’l la Noche Vol.6 Ar yo Washed and Expired?,online,2025-04-09T00:00:00Z,63,SVI-JTG,G-I,JTG,2025-03-27T17:00:00Z,295.0
67f471998aba2f879d432f6b,Card Forum Online #21,online,2025-04-09T01:30:00Z,55,SVI-JTG,G-I,JTG,2025-03-27T17:00:00Z,296.5
67f01a7a301019fd332f56c9,🏆Moujii's Dojo🏆,online,2025-04-10T16:10:00Z,156,SVI-JTG,G-I,JTG,2025-03-27T17:00:00Z,335.167
67fccaf357322cac462468fa,SMG Nightly Standard,online,2025-04-21T01:00:00Z,93,SVI-JTG,G-I,JTG,2025-03-27T17:00:00Z,584.0
6804db97b8cdc8c08c2102bd,Pumpka Weekly,online,2025-04-21T18:00:00Z,234,SVI-JTG,G-I,JTG,2025-03-27T17:00:00Z,601.0
67fdc6ce57322cac4624719c,Sunny's Weekly #201 In the Dragon's Lair,online,2025-04-21T22:05:00Z,128,SVI-JTG,G-I,JTG,2025-03-27T17:00:00Z,605.083
67ff8a0d57322cac46247c6d,PokeArena #7 ( 100 Codes Prize ),online,2025-04-21T23:05:00Z,85,SVI-JTG,G-I,JTG,2025-03-27T17:00:00Z,606.083
6806c18157322cac4624b93a,Card Temple Weekly Battles #10,online,2025-04-22T02:00:00Z,81,SVI-JTG,G-I,JTG,2025-03-27T17:00:00Z,609.0
67f1c26b10ff208821ec21e6,Gray's PokéLeague - Champion's Road #18,online,2025-04-22T17:30:00Z,162,SVI-JTG,G-I,JTG,2025-03-27T17:00:00Z,624.5
67f5d771d28716d7204d5358,DMV Drakes - Pokemon TCG Live Tournament 4/22!,online,2025-04-22T22:00:00Z,59,SVI-JTG,G-I,JTG,2025-03-27T17:00:00Z,629.0
67e04c1ffb3a86a4cffcde27,CHALLENGE OF DOOM! Seeing double?,online,2025-04-23T03:35:00Z,64,SVI-JTG,G-I,JTG,2025-03-27T17:00:00Z,634.583
6803de95b8cdc8c08c20f9df,🏆Moujii's Dojo🏆,online,2025-04-24T16:30:00Z,124,SVI-JTG,G-I,JTG,2025-03-27T17:00:00Z,671.5
68065393b8cdc8c08c210f68,#20 Torneo Vortex Squad,online,2025-04-25T00:00:00Z,104,SVI-JTG,G-I,JTG,2025-03-27T17:00:00Z,679.0
68057a1f57322cac4624af2a,Pokémon Battle Park,online,2025-04-25T14:30:00Z,114,SVI-JTG,G-I,JTG,2025-03-27T17:00:00Z,693.5
67e04b3440ab762997eab5ce,TOURNAMENT OF DOOM! BURGER OF THE DAY!,online,2025-04-26T02:35:00Z,215,SVI-JTG,G-I,JTG,2025-03-27T17:00:00Z,705.583
67fb7787b8cdc8c08c20baae,Jester's Monthly Challenge [April 2025],online,2025-04-26T17:05:00Z,128,SVI-JTG,G-I,JTG,2025-03-27T17:00:00Z,720.083
67f11d20301019fd332f61f3,Redacted Evolutions #13 (100 Codes) CLOSED LISTS,online,2025-04-26T23:05:00Z,130,SVI-JTG,G-I,JTG,2025-03-27T17:00:00Z,726.083
67f123b4301019fd332f6224,Redacted 2nd Chance #13 (Mini Event 50 Codes),online,2025-04-27T00:30:00Z,70,SVI-JTG,G-I,JTG,2025-03-27T17:00:00Z,727.5
6806cc30b8cdc8c08c211552,Mudkip Champions 2-8,online,2025-04-27T01:35:00Z,58,SVI-JTG,G-I,JTG,2025-03-27T17:00:00Z,728.583
68057a5a57322cac4624af2b,Pokémon Battle Park,online,2025-04-27T16:00:00Z,133,SVI-JTG,G-I,JTG,2025-03-27T17:00:00Z,743.0
67e0d2c340ab762997eabc8d,Ditto Together #4 (100 Codes),online,2025-04-27T23:30:00Z,170,SVI-JTG,G-I,JTG,2025-03-27T17:00:00Z,750.5
680e5bd2223a6c7d5ec9698f,Pumpka Weekly,online,2025-04-28T18:00:00Z,159,SVI-JTG,G-I,JTG,2025-03-27T17:00:00Z,769.0
68069bdd57322cac4624b6fc,Sunny's Weekly #202 Steamboat Sunny,online,2025-04-28T22:05:00Z,117,SVI-JTG,G-I,JTG,2025-03-27T17:00:00Z,773.083
680813ea57322cac4624c359,PokeArena #8 (100 Codes) By DrawACard,online,2025-04-28T23:05:00Z,64,SVI-JTG,G-I,JTG,2025-03-27T17:00:00Z,774.083
680c5bf1fcf14d4e4278d7cb,Card Temple Weekly Battles #11,online,2025-04-29T02:00:00Z,117,SVI-JTG,G-I,JTG,2025-03-27T17:00:00Z,777.0
67f2cd1617fa475a4bcae9df,Gray's PokéLeague - Champion's Road #19,online,2025-04-29T17:30:00Z,154,SVI-JTG,G-I,JTG,2025-03-27T17:00:00Z,792.5
6811095bfcf14d4e4278fa8f,🐢Turte Weekly 22🐢,online,2025-04-29T22:10:00Z,56,SVI-JTG,G-I,JTG,2025-03-27T17:00:00Z,797.167
680ef7be223a6c7d5ec96fdd,BSS🗿Po’l la Noche Vol.9 Gardy’s Block,online,2025-04-30T00:00:00Z,62,SVI-JTG,G-I,JTG,2025-03-27T17:00:00Z,799.0
681249aebd2cdd8cd7d3bcba,🔴 Arrow Cup #2 🔴,online,2025-05-01T01:30:00Z,63,SVI-JTG,G-I,JTG,2025-03-27T17:00:00Z,824.5
680be2aa223a6c7d5ec95492,🏆Moujii's Dojo🏆,online,2025-05-01T16:10:00Z,174,SVI-JTG,G-I,JTG,2025-03-27T17:00:00Z,839.167
6813608e7884c9a104b23052,Free | PokeDeck May 1st,online,2025-05-01T18:30:00Z,51,SVI-JTG,G-I,JTG,2025-03-27T17:00:00Z,841.5
681045eb223a6c7d5ec97739,#21 Torneo Vortex Squad,online,2025-05-02T00:00:00Z,104,SVI-JTG,G-I,JTG,2025-03-27T17:00:00Z,847.0
680eb2c3223a6c7d5ec96d1a,Pokémon Battle Park,online,2025-05-02T14:30:00Z,86,SVI-JTG,G-I,JTG,2025-03-27T17:00:00Z,861.5
6803d0ccb8cdc8c08c20f92f,TOURNAMENT OF DOOM! SEES THE LIGHT!,online,2025-05-03T02:35:00Z,207,SVI-JTG,G-I,JTG,2025-03-27T17:00:00Z,873.583
680782c557322cac4624bd04,🟣 GHT'S regional 300+ codes 🟣,online,2025-05-03T14:30:00Z,134,SVI-JTG,G-I,JTG,2025-03-27T17:00:00Z,885.5
68132b187884c9a104b22fc7,Jester's Weekly Casual #11,online,2025-05-03T17:05:00Z,66,SVI-JTG,G-I,JTG,2025-03-27T17:00:00Z,888.083
67f11d2c8139b930abd76d38,Redacted Evolutions #14 (200 Codes +) CLOSED LISTS,online,2025-05-03T23:05:00Z,93,SVI-JTG,G-I,JTG,2025-03-27T17:00:00Z,894.083
67f123be8139b930abd76d50,Redacted 2nd Chance #14 (Mini Event 100 Codes),online,2025-05-04T00:30:00Z,58,SVI-JTG,G-I,JTG,2025-03-27T17:00:00Z,895.5
680ed6c1fcf14d4e4278efe7,Kuyo杯 #13 || Kuyo Cup #13,online,2025-05-04T05:00:00Z,79,SVI-JTG,G-I,JTG,2025-03-27T17:00:00Z,900.0
680eb2f6223a6c7d5ec96d1d,Pokémon Battle Park,online,2025-05-04T16:00:00Z,114,SVI-JTG,G-I,JTG,2025-03-27T17:00:00Z,911.0
68117353bd2cdd8cd7d3ba29,Mudkip Champions 2-9,online,2025-05-04T21:35:00Z,117,SVI-JTG,G-I,JTG,2025-03-27T17:00:00Z,916.583
67e0d2ef40ab762997eabc8e,Ditto Together #5 (100 Codes),online,2025-05-04T23:30:00Z,136,SVI-JTG,G-I,JTG,2025-03-27T17:00:00Z,918.5
6817a9fed7ac342ba904ed1f,Pumpka Weekly,online,2025-05-05T18:00:00Z,212,SVI-JTG,G-I,JTG,2025-03-27T17:00:00Z,937.0
680fdb6c223a6c7d5ec973fa,Sunny's Weekly #203 Cinco de Sunny,online,2025-05-05T22:05:00Z,128,SVI-JTG,G-I,JTG,2025-03-27T17:00:00Z,941.083
681558cc7884c9a104b23da2,PokeArena #9 (100 Codes) By DrawACard,online,2025-05-05T23:05:00Z,73,SVI-JTG,G-I,JTG,2025-03-27T17:00:00Z,942.083
6818d05cd7ac342ba904f5e0,Card Temple Weekly Battles #12,online,2025-05-06T02:00:00Z,125,SVI-JTG,G-I,JTG,2025-03-27T17:00:00Z,945.0
6812e4797884c9a104b22eef,DMV Drakes - Pokemon TCG Live Tournament 5/6!,online,2025-05-06T23:05:00Z,64,SVI-JTG,G-I,JTG,2025-03-27T17:00:00Z,966.083
680ec392fcf14d4e4278ef30,CHALLENGE OF DOOM! BEST KITTY NAME?,online,2025-05-07T03:35:00Z,102,SVI-JTG,G-I,JTG,2025-03-27T17:00:00Z,970.583
67b1925b78c0b32318816219,MOSCO Masters S2: Pokemon TCG Live Tournament #9,online,2025-05-07T13:00:00Z,71,SVI-JTG,G-I,JTG,2025-03-27T17:00:00Z,980.0
6819e62dd7ac342ba905005a,🐢Turtle weekly 23🐢,online,2025-05-07T21:30:00Z,118,SVI-JTG,G-I,JTG,2025-03-27T17:00:00Z,988.5
681ef60c524e86dc8e9f6df0,Card Temple Weekly Battles #14,online,2025-05-20T02:00:00Z,98,SVI-JTG,G-I,JTG,2025-03-27T17:00:00Z,1281.0
6829dae9538fc8c344fe2b4b,TGG Division 3 #2,online,2025-05-20T15:30:00Z,61,SVI-JTG,G-I,JTG,2025-03-27T17:00:00Z,1294.5
67f2cd8e10ff208821ec29fd,Gray's PokéLeague - Champion's Road #21,online,2025-05-20T17:30:00Z,113,SVI-JTG,G-I,JTG,2025-03-27T17:00:00Z,1296.5
681ad6ed524e86dc8e9f4d33,DMV Drakes - Pokemon TCG Live Tournament 5/20!,online,2025-05-20T23:00:00Z,57,SVI-JTG,G-I,JTG,2025-03-27T17:00:00Z,1302.0
681a7850d7ac342ba905032b,CHALLENGE OF DOOM! Zekrom or Reshiram?,online,2025-05-21T03:35:00Z,64,SVI-JTG,G-I,JTG,2025-03-27T17:00:00Z,1306.583
6829db89b1af51fdf4341c35,TeamGG Cup #5,online,2025-05-21T16:00:00Z,73,SVI-JTG,G-I,JTG,2025-03-27T17:00:00Z,1319.0
682ca641538fc8c344fe42a5,CARDHUB 6 ROUND 100 CODES PRIZES TOP 8,online,2025-05-21T19:00:00Z,97,SVI-JTG,G-I,JTG,2025-03-27T17:00:00Z,1322.0
68267da0ffed157efd3f88cb,🏆Moujii's Dojo🏆,online,2025-05-22T16:10:00Z,157,SVI-JTG,G-I,JTG,2025-03-27T17:00:00Z,1343.167
682a4ba5538fc8c344fe30e8,Pokémon Battle Park,online,2025-05-23T14:30:00Z,103,SVI-JTG,G-I,JTG,2025-03-27T17:00:00Z,1365.5
68244a8affed157efd3f7aa4,Jester's Weekly Casual #14,online,2025-05-23T17:35:00Z,74,SVI-JTG,G-I,JTG,2025-03-27T17:00:00Z,1368.583
682b3576b1af51fdf4342745,Mudkip Champions 2-12,online,2025-05-25T01:35:00Z,61,SVI-JTG,G-I,JTG,2025-03-27T17:00:00Z,1400.583
682a4bcf538fc8c344fe30ea,Pokémon Battle Park,online,2025-05-25T16:00:00Z,91,SVI-JTG,G-I,JTG,2025-03-27T17:00:00Z,1415.0
6831014c27d8bc24cf2459a3,SMG Nightly Standard,online,2025-05-26T01:00:00Z,78,SVI-JTG,G-I,JTG,2025-03-27T17:00:00Z,1424.0
6833194fc4596e812234e34c,Pumpka Weekly,online,2025-05-26T18:00:00Z,199,SVI-JTG,G-I,JTG,2025-03-27T17:00:00Z,1441.0
683385ecc4596e812234e855,CardHub 100 Codes Prize Top 8,online,2025-05-26T19:00:00Z,66,SVI-JTG,G-I,JTG,2025-03-27T17:00:00Z,1442.0
682b81d0b1af51fdf4342b52,Sunny's Weekly #206 Happy Birthday Sunny!,online,2025-05-26T22:05:00Z,112,SVI-JTG,G-I,JTG,2025-03-27T17:00:00Z,1445.083
682f902fb1af51fdf434482e,🌲Control Players Unite's Standard Tournament! #10,online,2025-05-27T23:00:00Z,82,SVI-JTG,G-I,JTG,2025-03-27T17:00:00Z,1470.0
682fc7c9538fc8c344fe5a0c,🏆Moujii's Dojo🏆,online,2025-05-29T16:10:00Z,116,SVI-JTG,G-I,JTG,2025-03-27T17:00:00Z,1511.167
6833b67527d8bc24cf246e72,Pokémon Battle Park- Destined Rivals is Legal,online,2025-05-30T14:30:00Z,130,SVI-DRI,G-I,DRI,2025-05-29T17:00:00Z,21.5
683474eec4596e812234ebb9,Redacted Open Cup (CLOSED LISTS),online,2025-05-30T23:05:00Z,77,SVI-DRI,G-I,DRI,2025-05-29T17:00:00Z,30.083
6803d207b8cdc8c08c20f946,TOURNAMENT OF DOOM! WAIT WHERE DID LAST WEEK GO?,online,2025-05-31T02:35:00Z,246,SVI-DRI,G-I,DRI,2025-05-29T17:00:00Z,33.583
68244a0a4c6488b18ed5e858,Jester's Monthly Challenge [May 2025],online,2025-05-31T17:05:00Z,111,SVI-DRI,G-I,DRI,2025-05-29T17:00:00Z,48.083
6834729ec4596e812234ebaf,Redacted Rivals #1 (100 Codes),online,2025-05-31T23:05:00Z,142,SVI-DRI,G-I,DRI,2025-05-29T17:00:00Z,54.083
683b221e27d8bc24cf24a047,Redacted 2nd Chance #1 (50 Codes),online,2025-06-01T00:30:00Z,62,SVI-DRI,G-I,DRI,2025-05-29T17:00:00Z,55.5
68332c4ac4596e812234e410,Oceanic Tournament Series 2025 #16,online,2025-06-01T09:00:00Z,72,SVI-DRI,G-I,DRI,2025-05-29T17:00:00Z,64.0
6833b74127d8bc24cf246e74,Pokémon Battle Park- Destined Rivals is Legal,online,2025-06-01T16:00:00Z,138,SVI-DRI,G-I,DRI,2025-05-29T17:00:00Z,71.0
6822c7aad7ac342ba9054dd8,GREATBALL LEAGUE | by Pokemon TCG en Español,online,2025-06-01T17:00:00Z,56,SVI-DRI,G-I,DRI,2025-05-29T17:00:00Z,72.0
6833573127d8bc24cf246aa7,Mudkip Champions 2-13,online,2025-06-01T21:35:00Z,54,SVI-DRI,G-I,DRI,2025-05-29T17:00:00Z,76.583
68376b8827d8bc24cf248416,Deep Sea Draw #3,online,2025-06-01T23:00:00Z,64,SVI-DRI,G-I,DRI,2025-05-29T17:00:00Z,78.0
682f7e1bb1af51fdf43447d2,Destined Ditto! #1 DRI is Legal! (200 Codes),online,2025-06-01T23:30:00Z,164,SVI-DRI,G-I,DRI,2025-05-29T17:00:00Z,78.5
683be4a827d8bc24cf24ae37,SMG Nightly Standard,online,2025-06-02T01:00:00Z,51,SVI-DRI,G-I,DRI,2025-05-29T17:00:00Z,80.0
683c334cc4596e81223525aa,Pumpka Weekly,online,2025-06-02T18:00:00Z,241,SVI-DRI,G-I,DRI,2025-05-29T17:00:00Z,97.0
6834b50527d8bc24cf2473c1,Sunny's Weekly #207 Team Rocket Takeover!,online,2025-06-02T22:05:00Z,128,SVI-DRI,G-I,DRI,2025-05-29T17:00:00Z,101.083
683ccd7bc4596e8122352d1f,PokeArena #1 Destined Rivals Legal Season #2,online,2025-06-02T23:05:00Z,108,SVI-DRI,G-I,DRI,2025-05-29T17:00:00Z,102.083
683de9a927d8bc24cf24bec3,Card Temple Weekly Battles #16,online,2025-06-03T02:00:00Z,88,SVI-DRI,G-I,DRI,2025-05-29T17:00:00Z,105.0
682c8929b1af51fdf4343224,Team Gamers Guild League #18,online,2025-06-03T16:15:00Z,121,SVI-DRI,G-I,DRI,2025-05-29T17:00:00Z,119.25
67f1c3768139b930abd7738a,Gray's PokéLeague - Destined Rivals Special,online,2025-06-03T17:30:00Z,123,SVI-DRI,G-I,DRI,2025-05-29T17:00:00Z,120.5
683e195827d8bc24cf24c1b5,DMV Drakes - Pokemon TCG Live Tournament 6/3!,online,2025-06-03T22:00:00Z,107,SVI-DRI,G-I,DRI,2025-05-29T17:00:00Z,125.0
683ef762c4596e8122353d42,BSS🗿Po’l la Noche Vol.14 Lone Spidods,online,2025-06-04T00:00:00Z,53,SVI-DRI,G-I,DRI,2025-05-29T17:00:00Z,127.0
683e6e7f27d8bc24cf24c516,WND Tuesday Beatdown #3,online,2025-06-04T01:00:00Z,54,SVI-DRI,G-I,DRI,2025-05-29T17:00:00Z,128.0
683b310c27d8bc24cf24a0f1,CHALLENGE OF DOOM! I've lost track of time...,online,2025-06-04T03:35:00Z,64,SVI-DRI,G-I,DRI,2025-05-29T17:00:00Z,130.583
682cc739538fc8c344fe44ba,Spheal Series Cup #1 The Birth,online,2025-06-04T18:00:00Z,120,SVI-DRI,G-I,DRI,2025-05-29T17:00:00Z,145.0
6838e4c1c4596e81223509d6,🏆Moujii's Dojo🏆,online,2025-06-05T16:10:00Z,197,SVI-DRI,G-I,DRI,2025-05-29T17:00:00Z,167.167
68417585c4596e81223556f7,ASRcristiano # 47 - Destined Rivals Legal !,online,2025-06-05T19:00:00Z,90,SVI-DRI,G-I,DRI,2025-05-29T17:00:00Z,170.0
683f8a5b27d8bc24cf24cc9e,Pokémon Battle Park- Destined Rivals is Legal,online,2025-06-06T14:30:00Z,130,SVI-DRI,G-I,DRI,2025-05-29T17:00:00Z,189.5
684db78a27d8bc24cf25442a,Card Temple Weekly Battles #18,online,2025-06-17T02:00:00Z,110,SVI-DRI,G-I,DRI,2025-05-29T17:00:00Z,441.0
683b37cbc4596e8122351b43,CHALLENGE OF DOOM! CH-CH-CH-CHURROS!,online,2025-06-18T03:35:00Z,64,SVI-DRI,G-I,DRI,2025-05-29T17:00:00Z,466.583
682cccb8b1af51fdf43435a1,Spheal Series Regional #1 A New Beginning,online,2025-06-18T18:00:00Z,140,SVI-DRI,G-I,DRI,2025-05-29T17:00:00Z,481.0
6852a818c4596e812235dff4,ASRcristiano # 52 - Codes For Top 8 !,online,2025-06-18T19:00:00Z,60,SVI-DRI,G-I,DRI,2025-05-29T17:00:00Z,482.0
68519c5ec4596e812235da58,Praww Series #1,online,2025-06-18T23:00:00Z,77,SVI-DRI,G-I,DRI,2025-05-29T17:00:00Z,486.0
684b52d3c4596e812235b28d,🏆Moujii's Dojo🏆,online,2025-06-19T16:10:00Z,232,SVI-DRI,G-I,DRI,2025-05-29T17:00:00Z,503.167
685419c227d8bc24cf2569bb,ASRcristiano # 52 - Codes for Top 8 !,online,2025-06-19T19:00:00Z,85,SVI-DRI,G-I,DRI,2025-05-29T17:00:00Z,506.0
684c8991c4596e812235b945,Pokémon Battle Park,online,2025-06-20T14:30:00Z,139,SVI-DRI,G-I,DRI,2025-05-29T17:00:00Z,525.5
68555cc1c4596e812235f10b,ASRcristiano # 53 - Codes for Top 8 !,online,2025-06-20T19:00:00Z,100,SVI-DRI,G-I,DRI,2025-05-29T17:00:00Z,530.0
684f8ba7c4596e812235d122,ParadoxTCG Online Weekly #1 Season #1,online,2025-06-20T22:00:00Z,66,SVI-DRI,G-I,DRI,2025-05-29T17:00:00Z,533.0
682ca6d7b1af51fdf43432ec,"TOURNAMENT OF DOOM! Blah, blah, blah....",online,2025-06-21T02:35:00Z,242,SVI-DRI,G-I,DRI,2025-05-29T17:00:00Z,537.583
6845dca2c4596e8122358f40,Jester's Quarter Cup! [Q2 2025],online,2025-06-21T17:05:00Z,121,SVI-DRI,G-I,DRI,2025-05-29T17:00:00Z,552.083
68464db527d8bc24cf2514bb,Redacted Rivals #3 (100 Codes),online,2025-06-21T23:05:00Z,164,SVI-DRI,G-I,DRI,2025-05-29T17:00:00Z,558.083
6856c60b27d8bc24cf258235,Redacted 2nd Chance #3 (50 Codes),online,2025-06-22T00:30:00Z,79,SVI-DRI,G-I,DRI,2025-05-29T17:00:00Z,559.5
684ecffb27d8bc24cf254d0e,Oceanic Tournament Series 2025 #19,online,2025-06-22T09:00:00Z,58,SVI-DRI,G-I,DRI,2025-05-29T17:00:00Z,568.0
684c89dc27d8bc24cf253c13,Pokémon Battle Park,online,2025-06-22T16:00:00Z,157,SVI-DRI,G-I,DRI,2025-05-29T17:00:00Z,575.0
6855178e27d8bc24cf2573a7,underground special 200 codes,online,2025-06-22T19:00:00Z,88,SVI-DRI,G-I,DRI,2025-05-29T17:00:00Z,578.0
682f82e5538fc8c344fe56dd,Destined Ditto! #3 (100 Codes),online,2025-06-22T23:30:00Z,181,SVI-DRI,G-I,DRI,2025-05-29T17:00:00Z,582.5
6857de98c4596e8122360c88,Pumpka Weekly,online,2025-06-23T18:00:00Z,200,SVI-DRI,G-I,DRI,2025-05-29T17:00:00Z,601.0
68507e9ec4596e812235d5c7,Sunny's Weekly #210 Somewhere Soon!,online,2025-06-23T22:05:00Z,128,SVI-DRI,G-I,DRI,2025-05-29T17:00:00Z,605.083
6855b8ec27d8bc24cf25797c,PokeArena #4 Gardevoir Nightmare,online,2025-06-23T23:05:00Z,77,SVI-DRI,G-I,DRI,2025-05-29T17:00:00Z,606.083
68598b34c4596e81223617fb,Card Temple Weekly Battles #19,online,2025-06-24T02:00:00Z,93,SVI-DRI,G-I,DRI,2025-05-29T17:00:00Z,609.0
685a9598c4596e8122361f84,ASRcristiano # 54 - Codes for Top 8 !,online,2025-06-24T19:15:00Z,140,SVI-DRI,G-I,DRI,2025-05-29T17:00:00Z,626.25
6853129a27d8bc24cf256527,🌲Control Players Unite's Standard Tournament! #12,online,2025-06-24T23:00:00Z,103,SVI-DRI,G-I,DRI,2025-05-29T17:00:00Z,630.0
6858bc6127d8bc24cf259954,WND Tuesday Beatdown #6,online,2025-06-25T01:00:00Z,71,SVI-DRI,G-I,DRI,2025-05-29T17:00:00Z,632.0
685be19427d8bc24cf25aa3f,Turtwig Den No Stakes Standard Tournament 9,online,2025-06-25T16:05:00Z,60,SVI-DRI,G-I,DRI,2025-05-29T17:00:00Z,647.083
6855824827d8bc24cf2575b6,Spheal Series #3 sick invite!,online,2025-06-25T18:00:00Z,58,SVI-DRI,G-I,DRI,2025-05-29T17:00:00Z,649.0
685bff31c4596e812236263a,ASRcristiano # 55 - Codes for Top 8,online,2025-06-25T19:00:00Z,76,SVI-DRI,G-I,DRI,2025-05-29T17:00:00Z,650.0
6854c36627d8bc24cf25732b,🏆Moujii's Dojo🏆,online,2025-06-26T16:10:00Z,187,SVI-DRI,G-I,DRI,2025-05-29T17:00:00Z,671.167
685468a4c4596e812235ec50,🐢Turtle Thursday 5🐢,online,2025-06-26T22:10:00Z,75,SVI-DRI,G-I,DRI,2025-05-29T17:00:00Z,677.167
684d7d2cc4596e812235bfc6,Draw Pass Champions Series #1,online,2025-06-27T00:00:00Z,82,SVI-DRI,G-I,DRI,2025-05-29T17:00:00Z,679.0
685c847ac4596e8122362af2,ASRcristiano # 56 - Codes for Top 8,online,2025-06-27T19:00:00Z,119,SVI-DRI,G-I,DRI,2025-05-29T17:00:00Z,698.0
685dd7dac4596e8122363393,💥​Plantel Battle #13 💥​ 100 CODES ✔️​ TOP 8 ​,online,2025-06-27T23:00:00Z,56,SVI-DRI,G-I,DRI,2025-05-29T17:00:00Z,702.0
684f5a6cc4596e812235d00e,TOURNAMENT OF DOOM! CATS?,online,2025-06-28T02:35:00Z,261,SVI-DRI,G-I,DRI,2025-05-29T17:00:00Z,705.583
6845de7227d8bc24cf250f1d,Jester's Monthly Challenge [June 2025],online,2025-06-28T17:05:00Z,98,SVI-DRI,G-I,DRI,2025-05-29T17:00:00Z,720.083
68464e6b27d8bc24cf2514cf,Redacted Rivals #4 (100 Codes),online,2025-06-28T23:05:00Z,159,SVI-DRI,G-I,DRI,2025-05-29T17:00:00Z,726.083
68601e5d27d8bc24cf25c91c,Redacted 2nd Chance #4 (50 Codes),online,2025-06-29T00:30:00Z,54,SVI-DRI,G-I,DRI,2025-05-29T17:00:00Z,727.5
685ad0cec4596e812236204c,Mudkip Champions 2-14,online,2025-06-29T01:35:00Z,63,SVI-DRI,G-I,DRI,2025-05-29T17:00:00Z,728.583
6858123027d8bc24cf259079,Oceanic Tournament Series 2025 #20,online,2025-06-29T09:00:00Z,52,SVI-DRI,G-I,DRI,2025-05-29T17:00:00Z,736.0
681f967d524e86dc8e9f75e1,Abra's Weekly #10,online,2025-06-29T17:30:00Z,74,SVI-DRI,G-I,DRI,2025-05-29T17:00:00Z,744.5
682f835a538fc8c344fe5763,Destined Ditto! #4 (100 Codes),online,2025-06-29T23:30:00Z,238,SVI-DRI,G-I,DRI,2025-05-29T17:00:00Z,750.5
6861950327d8bc24cf25d889,Pumpka Weekly,online,2025-06-30T18:00:00Z,162,SVI-DRI,G-I,DRI,2025-05-29T17:00:00Z,769.0
6859bb53c4596e8122361a92,Sunny's Weekly #211 House Party,online,2025-06-30T22:05:00Z,99,SVI-DRI,G-I,DRI,2025-05-29T17:00:00Z,773.083
685de8e227d8bc24cf25b885,💰The Smart Series #1 $100 prize pool (FREE),online,2025-06-30T23:00:00Z,575,SVI-DRI,G-I,DRI,2025-05-29T17:00:00Z,774.0
685a1321c4596e8122361e3e,Card Temple Weekly Battles #20,online,2025-07-01T02:00:00Z,107,SVI-DRI,G-I,DRI,2025-05-29T17:00:00Z,777.0
681a52dcd7ac342ba9050202,Gray's PokéLeague - Champion's Road #23,online,2025-07-01T17:30:00Z,226,SVI-DRI,G-I,DRI,2025-05-29T17:00:00Z,792.5
68618200c4596e8122365505,CARDHUB 6 round 100 Codes Prize Top 8,online,2025-07-01T19:00:00Z,68,SVI-DRI,G-I,DRI,2025-05-29T17:00:00Z,794.0
683e1dcbc4596e8122353876,DMV Drakes - Pokemon TCG Live Tournament 7/1!,online,2025-07-01T22:00:00Z,56,SVI-DRI,G-I,DRI,2025-05-29T17:00:00Z,797.0
685eb286c4596e812236379a,Draw Pass Champions Series #2,online,2025-07-01T23:00:00Z,81,SVI-DRI,G-I,DRI,2025-05-29T17:00:00Z,798.0
6863415a27d8bc24cf25e888,WND Tuesday Beatdown #7,online,2025-07-02T02:01:00Z,56,SVI-DRI,G-I,DRI,2025-05-29T17:00:00Z,801.017
68558239c4596e812235f29d,CHALLENGE OF DOOM! THE LAST ONE! OF THE SEASON!,online,2025-07-02T03:35:00Z,116,SVI-DRI,G-I,DRI,2025-05-29T17:00:00Z,802.583
685da60027d8bc24cf25b536,Spheal Series Regional #2 Electric Boogaloo,online,2025-07-02T16:00:00Z,109,SVI-DRI,G-I,DRI,2025-05-29T17:00:00Z,815.0
68637812c4596e8122366621,ASRcristiano # 57 - Codes for Top 8,online,2025-07-02T19:00:00Z,117,SVI-DRI,G-I,DRI,2025-05-29T17:00:00Z,818.0
685c5c33c4596e81223629e6,Late Night 241,online,2025-07-02T23:00:00Z,316,SVI-DRI,G-I,DRI,2025-05-29T17:00:00Z,822.0
68602b5727d8bc24cf25cb1f,🏆Moujii's Dojo🏆,online,2025-07-03T16:10:00Z,202,SVI-DRI,G-I,DRI,2025-05-29T17:00:00Z,839.167
68637839c4596e8122366622,ASRcristiano # 58 - Codes for Top 8,online,2025-07-03T19:00:00Z,115,SVI-DRI,G-I,DRI,2025-05-29T17:00:00Z,842.0
685cc31227d8bc24cf25b05d,🐢Turtle Thursday 6🐢,online,2025-07-03T22:10:00Z,81,SVI-DRI,G-I,DRI,2025-05-29T17:00:00Z,845.167
68675e20c4596e8122367fb4,There was no July 4th event so I made one-,online,2025-07-04T17:00:00Z,106,SVI-DRI,G-I,DRI,2025-05-29T17:00:00Z,864.0
68641558c4596e81223667d1,TOURNAMENT OF DOOM! Why not?,online,2025-07-05T02:35:00Z,300,SVI-DRI,G-I,DRI,2025-05-29T17:00:00Z,873.583
6861340027d8bc24cf25d4c9,Jester's Weekly Casual #17,online,2025-07-05T17:05:00Z,111,SVI-DRI,G-I,DRI,2025-05-29T17:00:00Z,888.083
68464ecb27d8bc24cf2514d0,Redacted Rivals #5 (100 Codes),online,2025-07-05T23:05:00Z,175,SVI-DRI,G-I,DRI,2025-05-29T17:00:00Z,894.083
686999a478c544eaa1dc5372,Redacted 2nd Chance #5 (50 Codes),online,2025-07-06T00:30:00Z,58,SVI-DRI,G-I,DRI,2025-05-29T17:00:00Z,895.5
6865b89827d8bc24cf25f9c6,Mudkip Champions 2-15,online,2025-07-06T21:35:00Z,241,SVI-DRI,G-I,DRI,2025-05-29T17:00:00Z,916.583
686ad52df43abb4c700a5c07,SMG Nightly Standard,online,2025-07-07T01:00:00Z,96,SVI-DRI,G-I,DRI,2025-05-29T17:00:00Z,920.0
686a914478c544eaa1dc5a10,Pumpka Weekly,online,2025-07-07T18:00:00Z,239,SVI-DRI,G-I,DRI,2025-05-29T17:00:00Z,937.0
6862fb8cc4596e8122365f7b,Sunny's Weekly #212 Here to Stay!,online,2025-07-07T22:05:00Z,128,SVI-DRI,G-I,DRI,2025-05-29T17:00:00Z,941.083
6867d5cd78c544eaa1dc3dee,PokeArena #6 (100 Codes) (Closed Decklist),online,2025-07-07T23:05:00Z,181,SVI-DRI,G-I,DRI,2025-05-29T17:00:00Z,942.083
68694b5df43abb4c700a4d5b,Card Temple Weekly Battles #21,online,2025-07-08T02:00:00Z,127,SVI-DRI,G-I,DRI,2025-05-29T17:00:00Z,945.0
6864caf727d8bc24cf25f275,The Lucky Draw Weekly #1,online,2025-07-08T16:00:00Z,128,SVI-DRI,G-I,DRI,2025-05-29T17:00:00Z,959.0
681a5354d7ac342ba9050214,Gray's PokéLeague - Champion's Road #24,online,2025-07-08T17:30:00Z,120,SVI-DRI,G-I,DRI,2025-05-29T17:00:00Z,960.5
686ae5ee78c544eaa1dc5cc2,ASRcristiano # 59 - Codes for Top 8,online,2025-07-08T19:00:00Z,116,SVI-DRI,G-I,DRI,2025-05-29T17:00:00Z,962.0
6868b5af78c544eaa1dc479f,The Lucky Draw Weekly #2,online,2025-07-08T23:00:00Z,128,SVI-DRI,G-I,DRI,2025-05-29T17:00:00Z,966.0
6869da3df43abb4c700a5506,Draw Pass Champions Series #3,online,2025-07-08T23:15:00Z,72,SVI-DRI,G-I,DRI,2025-05-29T17:00:00Z,966.25
686557ac27d8bc24cf25f492,BZGC Online🔥 - LVL. 19 ~ Road to Blink x2,online,2025-07-09T00:00:00Z,76,SVI-DRI,G-I,DRI,2025-05-29T17:00:00Z,967.0
686d7e79f43abb4c700a7168,Spheal Series Cup #4 unagi at work!,online,2025-07-09T16:00:00Z,99,SVI-DRI,G-I,DRI,2025-05-29T17:00:00Z,983.0
686ae60ff43abb4c700a5c93,ASRcristiano # 60 - Codes for Top 8,online,2025-07-09T19:00:00Z,156,SVI-DRI,G-I,DRI,2025-05-29T17:00:00Z,986.0
685c6eea27d8bc24cf25aef8,Late Night 242,online,2025-07-09T23:00:00Z,353,SVI-DRI,G-I,DRI,2025-05-29T17:00:00Z,990.0
686e855078c544eaa1dc7400,WND Midweek Mayhem,online,2025-07-10T01:00:00Z,68,SVI-DRI,G-I,DRI,2025-05-29T17:00:00Z,992.0
686810e3f43abb4c700a429a,🏆Moujii's Dojo🏆,online,2025-07-10T16:10:00Z,174,SVI-DRI,G-I,DRI,2025-05-29T17:00:00Z,1007.167
686ae66578c544eaa1dc5cc8,ASRcristiano # 61 - Codes for Top 8,online,2025-07-10T19:00:00Z,130,SVI-DRI,G-I,DRI,2025-05-29T17:00:00Z,1010.0
6865b3e0c4596e81223674fa,🐍TLS TCG SERIES QUALIFIER 1/10 S3 - CASH + CODES,online,2025-07-10T23:00:00Z,168,SVI-DRI,G-I,DRI,2025-05-29T17:00:00Z,1014.0
68703064f43abb4c700a870e,MM6: Return of the Midnight Mickey,online,2025-07-11T03:45:00Z,57,SVI-DRI,G-I,DRI,2025-05-29T17:00:00Z,1018.75
6870f362f43abb4c700a8b6f,Turtwig Den No Stakes Standard Tournament 13,online,2025-07-11T16:05:00Z,57,SVI-DRI,G-I,DRI,2025-05-29T17:00:00Z,1031.083
67e0747dfb3a86a4cffce1b2,Peladão da Baixada #148 • Crossing The Ruins,online,2025-07-11T22:30:00Z,66,SVI-DRI,G-I,DRI,2025-05-29T17:00:00Z,1037.5
68557468c4596e812235f1f2,TOURNAMENT OF DOOM! THE PRE-SHOW!,online,2025-07-12T02:35:00Z,354,SVI-DRI,G-I,DRI,2025-05-29T17:00:00Z,1041.583
686c1397f43abb4c700a6524,Jester's Weekly Casual #18 - 2x Prizing Special!,online,2025-07-12T17:05:00Z,114,SVI-DRI,G-I,DRI,2025-05-29T17:00:00Z,1056.083
68464f69c4596e81223593ba,REDACTED BIRTHDAY BASH! (RR #6) (400 Codes),online,2025-07-12T22:30:00Z,158,SVI-DRI,G-I,DRI,2025-05-29T17:00:00Z,1061.5
68729936f43abb4c700a9c8f,Redacted 2nd Chance #6 (100 Codes),online,2025-07-13T00:30:00Z,70,SVI-DRI,G-I,DRI,2025-05-29T17:00:00Z,1063.5
686f409178c544eaa1dc7a91,SMG Nightly Standard,online,2025-07-14T01:00:00Z,59,SVI-DRI,G-I,DRI,2025-05-29T17:00:00Z,1088.0
6874e61178c544eaa1dca5ef,Turtwig Den No Stakes Standard Tournament 14,online,2025-07-14T16:05:00Z,59,SVI-DRI,G-I,DRI,2025-05-29T17:00:00Z,1103.083
6873d2d078c544eaa1dc9dec,Pumpka Weekly,online,2025-07-14T18:00:00Z,176,SVI-DRI,G-I,DRI,2025-05-29T17:00:00Z,1105.0
686c2edc78c544eaa1dc6617,Sunny's Weekly #213 The Greatest Show on Earth!,online,2025-07-14T22:05:00Z,72,SVI-DRI,G-I,DRI,2025-05-29T17:00:00Z,1109.083
688270b03e7086bfd3b9df66,Mudkip Champions 2-18,online,2025-07-27T01:35:00Z,66,SVI-BLK/WHT,G-I,BLK/WHT,2025-07-17T17:00:00Z,224.583
687cf8b93e7086bfd3b9ae90,OTS Weekly Open 27Jul25 - 64 codes,online,2025-07-27T08:30:00Z,66,SVI-BLK/WHT,G-I,BLK/WHT,2025-07-17T17:00:00Z,231.5
687c8e503e7086bfd3b9ac05,Cardstore.nl Pokémon Masters Tournament #12,online,2025-07-27T11:00:00Z,73,SVI-BLK/WHT,G-I,BLK/WHT,2025-07-17T17:00:00Z,234.0
6884348e164bc0b13840c3e1,Apollo's Weekly,online,2025-07-27T22:00:00Z,76,SVI-BLK/WHT,G-I,BLK/WHT,2025-07-17T17:00:00Z,245.0
682f8460538fc8c344fe5766,Destined Ditto! #6 (100 Codes),online,2025-07-27T23:30:00Z,406,SVI-BLK/WHT,G-I,BLK/WHT,2025-07-17T17:00:00Z,246.5
688650413e7086bfd3ba0515,SMG Nightly Standard,online,2025-07-28T01:00:00Z,68,SVI-BLK/WHT,G-I,BLK/WHT,2025-07-17T17:00:00Z,248.0
68867b963e7086bfd3ba07bc,Pumpka Weekly,online,2025-07-28T18:00:00Z,280,SVI-BLK/WHT,G-I,BLK/WHT,2025-07-17T17:00:00Z,265.0
687e9cf53e7086bfd3b9bca8,Sunny's Weekly #215 Bananza!,online,2025-07-28T22:05:00Z,256,SVI-BLK/WHT,G-I,BLK/WHT,2025-07-17T17:00:00Z,269.083
688761e4bb2925f99de0272f,The  First  Teacher  Skwovet's  PTCG  Game,online,2025-07-29T01:00:00Z,88,SVI-BLK/WHT,G-I,BLK/WHT,2025-07-17T17:00:00Z,272.0
6887817d251cd5b162f01f90,Card Temple Weekly Battles #24,online,2025-07-29T02:00:00Z,99,SVI-BLK/WHT,G-I,BLK/WHT,2025-07-17T17:00:00Z,273.0
68810765164bc0b13840a5e3,Rising Poke Japan Cup #14,online,2025-07-29T10:00:00Z,65,SVI-BLK/WHT,G-I,BLK/WHT,2025-07-17T17:00:00Z,281.0
6885cebf164bc0b13840d836,The Lucky Draw Weekly #7,online,2025-07-29T16:00:00Z,145,SVI-BLK/WHT,G-I,BLK/WHT,2025-07-17T17:00:00Z,287.0
681a4e1dd7ac342ba90501de,Gray's PokéLeague - Black Bolt/White Flare Special,online,2025-07-29T17:30:00Z,204,SVI-BLK/WHT,G-I,BLK/WHT,2025-07-17T17:00:00Z,288.5
68869469164bc0b13840e17a,ASRcristiano # 69 - B & W legal !,online,2025-07-29T19:00:00Z,141,SVI-BLK/WHT,G-I,BLK/WHT,2025-07-17T17:00:00Z,290.0
687710f278c544eaa1dcbb50,DMV Drakes - Pokemon TCG Live Tournament 7/29!,online,2025-07-29T22:00:00Z,56,SVI-BLK/WHT,G-I,BLK/WHT,2025-07-17T17:00:00Z,293.0
68816d00164bc0b13840ac58,The Lucky Draw Weekly #8,online,2025-07-29T23:00:00Z,147,SVI-BLK/WHT,G-I,BLK/WHT,2025-07-17T17:00:00Z,294.0
68883cc1dd3aa218838a4d94,Draw Pass Champions Series #5,online,2025-07-29T23:20:00Z,53,SVI-BLK/WHT,G-I,BLK/WHT,2025-07-17T17:00:00Z,294.333
68890b42dd3aa218838a5100,WND Tuesday Beatdown #9,online,2025-07-30T01:00:00Z,73,SVI-BLK/WHT,G-I,BLK/WHT,2025-07-17T17:00:00Z,296.0
68892276dd3aa218838a524f,Spheal Series Cup #6 I am Out of Name Ideas!!,online,2025-07-30T18:00:00Z,186,SVI-BLK/WHT,G-I,BLK/WHT,2025-07-17T17:00:00Z,313.0
685c6fa9c4596e8122362a81,Late Night 245,online,2025-07-30T23:10:00Z,592,SVI-BLK/WHT,G-I,BLK/WHT,2025-07-17T17:00:00Z,318.167
6882a6ab164bc0b13840b6af,🏆Moujii's Dojo🏆 (Late Registration Available!),online,2025-07-31T16:10:00Z,242,SVI-BLK/WHT,G-I,BLK/WHT,2025-07-17T17:00:00Z,335.167
68869497164bc0b13840e17b,ASRcristiano # 70 - B & W legal !,online,2025-07-31T19:00:00Z,182,SVI-BLK/WHT,G-I,BLK/WHT,2025-07-17T17:00:00Z,338.0
6865b4b327d8bc24cf25f982,🐍TLS TCG SERIES QUALIFIER 4/10 S3 - CASH + CODES,online,2025-07-31T23:00:00Z,251,SVI-BLK/WHT,G-I,BLK/WHT,2025-07-17T17:00:00Z,342.0
688c677a71faa4f93bbc6eb0,Pokémon Journey League #6 - 30 USD Prizes,online,2025-08-01T15:00:00Z,84,SVI-BLK/WHT,G-I,BLK/WHT,2025-07-17T17:00:00Z,358.0
68794c9778c544eaa1dccb0e,Turtwig Den Revival Series Cup 1,online,2025-08-01T16:05:00Z,75,SVI-BLK/WHT,G-I,BLK/WHT,2025-07-17T17:00:00Z,359.083
688694f4164bc0b13840e17f,ASRcristiano # 71 - B & W legal !,online,2025-08-01T19:00:00Z,191,SVI-BLK/WHT,G-I,BLK/WHT,2025-07-17T17:00:00Z,362.0
6878a80778c544eaa1dcc627,好奇杯x瞬间失忆联赛 wcs练习赛 Hao Qi cup xAmnesia Series bo3,online,2025-08-02T04:00:00Z,77,SVI-BLK/WHT,G-I,BLK/WHT,2025-07-17T17:00:00Z,371.0
688704ba164bc0b13840e5f8,Jester's Weekly Casual #20,online,2025-08-02T17:05:00Z,127,SVI-BLK/WHT,G-I,BLK/WHT,2025-07-17T17:00:00Z,384.083
6846506bc4596e81223593be,Redacted Rivals #9 ($200 USD) FREE EVENT,online,2025-08-02T21:00:00Z,421,SVI-BLK/WHT,G-I,BLK/WHT,2025-07-17T17:00:00Z,388.0
688e2b2071faa4f93bbc7dab,Redacted 2nd Chance #8 (50 Codes),online,2025-08-02T23:00:00Z,69,SVI-BLK/WHT,G-I,BLK/WHT,2025-07-17T17:00:00Z,390.0
685574f227d8bc24cf257507,TOURNAMENT OF DOOM! THE LCQ!,online,2025-08-03T02:35:00Z,469,SVI-BLK/WHT,G-I,BLK/WHT,2025-07-17T17:00:00Z,393.583
688634703e7086bfd3ba03ca,OTS Weekly Open 03Aug25 - 40 codes,online,2025-08-03T08:30:00Z,55,SVI-BLK/WHT,G-I,BLK/WHT,2025-07-17T17:00:00Z,399.5
68890313dd3aa218838a50c2,Tournoi amical LEAGUE canto N40°,online,2025-08-03T12:00:00Z,58,SVI-BLK/WHT,G-I,BLK/WHT,2025-07-17T17:00:00Z,403.0
68896b068c0cf80c508d189e,Mudkip Champions 2-19,online,2025-08-03T21:35:00Z,116,SVI-BLK/WHT,G-I,BLK/WHT,2025-07-17T17:00:00Z,412.583
682f84e6538fc8c344fe5768,Destined Ditto! #7 (100 Codes),online,2025-08-03T22:00:00Z,270,SVI-BLK/WHT,G-I,BLK/WHT,2025-07-17T17:00:00Z,413.0
688fe8429e64f4a232d0ef11,SMG Nightly Standard,online,2025-08-04T01:00:00Z,77,SVI-BLK/WHT,G-I,BLK/WHT,2025-07-17T17:00:00Z,416.0
688faa2371faa4f93bbc9385,Pumpka Weekly,online,2025-08-04T18:00:00Z,280,SVI-BLK/WHT,G-I,BLK/WHT,2025-07-17T17:00:00Z,433.0
6887e7018c0cf80c508d07fd,Sunny's Weekly #216 Sunny's Island,online,2025-08-04T22:05:00Z,256,SVI-BLK/WHT,G-I,BLK/WHT,2025-07-17T17:00:00Z,437.083
688effc371faa4f93bbc8e72,Card Temple Weekly Battles #25,online,2025-08-05T02:00:00Z,221,SVI-BLK/WHT,G-I,BLK/WHT,2025-07-17T17:00:00Z,441.0
681a5417524e86dc8e9f48b6,Gray's PokéLeague - Champion's Road #25,online,2025-08-05T17:30:00Z,277,SVI-BLK/WHT,G-I,BLK/WHT,2025-07-17T17:00:00Z,456.5
68905c469e64f4a232d0f2d8,ASRcristiano # 72 - B & W legal !,online,2025-08-05T19:00:00Z,158,SVI-BLK/WHT,G-I,BLK/WHT,2025-07-17T17:00:00Z,458.0
6891bc009e64f4a232d0ff9a,The Lucky Draw Weekly #9,online,2025-08-05T23:00:00Z,151,SVI-BLK/WHT,G-I,BLK/WHT,2025-07-17T17:00:00Z,462.0
6891c15a71faa4f93bbca8ad,Let's Go World! #1 CASH & CODE & LUCKY DRAW,online,2025-08-06T02:00:00Z,100,SVI-BLK/WHT,G-I,BLK/WHT,2025-07-17T17:00:00Z,465.0
6888d50cdd3aa218838a4f64,Rising Poke Japan Cup #15,online,2025-08-06T10:00:00Z,70,SVI-BLK/WHT,G-I,BLK/WHT,2025-07-17T17:00:00Z,473.0
6891bc349e64f4a232d0ff9b,The Lucky Draw Weekly #10,online,2025-08-06T16:00:00Z,148,SVI-BLK/WHT,G-I,BLK/WHT,2025-07-17T17:00:00Z,479.0
68905c6a71faa4f93bbc9ba4,ASRcristiano # 73 - B & W legal !,online,2025-08-06T19:00:00Z,138,SVI-BLK/WHT,G-I,BLK/WHT,2025-07-17T17:00:00Z,482.0
685c6fda27d8bc24cf25af17,Late Night 246,online,2025-08-06T23:00:00Z,567,SVI-BLK/WHT,G-I,BLK/WHT,2025-07-17T17:00:00Z,486.0
688d1b679e64f4a232d0ce9b,🏆Moujii's Dojo🏆 (Late Registration Available!),online,2025-08-07T16:10:00Z,243,SVI-BLK/WHT,G-I,BLK/WHT,2025-07-17T17:00:00Z,503.167
68905c889e64f4a232d0f2da,ASRcristiano # 74 - B & W legal !,online,2025-08-07T19:00:00Z,150,SVI-BLK/WHT,G-I,BLK/WHT,2025-07-17T17:00:00Z,506.0
688ea6599e64f4a232d0e29f,TOURNAMENT OF DOOM! SEASON Something?,online,2025-08-23T02:35:00Z,275,SVI-BLK/WHT,G-I,BLK/WHT,2025-07-17T17:00:00Z,873.583
67e07810fb3a86a4cffce1df,Peladão da Baixada #150 • The Mewtwo Edition,online,2025-08-23T22:30:00Z,134,SVI-BLK/WHT,G-I,BLK/WHT,2025-07-17T17:00:00Z,893.5
68aa3e64da2bf11ab1d5a5eb,REDACTED POP UP 200 CODES!,online,2025-08-23T23:30:00Z,86,SVI-BLK/WHT,G-I,BLK/WHT,2025-07-17T17:00:00Z,894.5
68a1a3753070784ce70c21d4,OTS Weekly Open 24Aug25 - 40 codes,online,2025-08-24T08:30:00Z,59,SVI-BLK/WHT,G-I,BLK/WHT,2025-07-17T17:00:00Z,903.5
6887050b164bc0b13840e5fc,Jester's Weekly Casual #22,online,2025-08-24T17:05:00Z,128,SVI-BLK/WHT,G-I,BLK/WHT,2025-07-17T17:00:00Z,912.083
688c1d958c0cf80c508d3247,Destined Ditto! #9 (200 Codes),online,2025-08-24T22:00:00Z,182,SVI-BLK/WHT,G-I,BLK/WHT,2025-07-17T17:00:00Z,917.0
68a80e4dda2bf11ab1d591dc,IMPULSE Weekly Standard,online,2025-08-25T00:35:00Z,115,SVI-BLK/WHT,G-I,BLK/WHT,2025-07-17T17:00:00Z,919.583
68aa33c3da2bf11ab1d5a53e,Team Gamers Guild League #19,online,2025-08-25T13:00:00Z,91,SVI-BLK/WHT,G-I,BLK/WHT,2025-07-17T17:00:00Z,932.0
68a5d8ef3070784ce70c4088,🏆Moujii's Dojo🏆 (Late Registration Available!),online,2025-08-25T16:10:00Z,204,SVI-BLK/WHT,G-I,BLK/WHT,2025-07-17T17:00:00Z,935.167
68ab12c1da2bf11ab1d5ac3d,Pumpka Weekly,online,2025-08-25T18:00:00Z,149,SVI-BLK/WHT,G-I,BLK/WHT,2025-07-17T17:00:00Z,937.0
68a3ded8196e12cfd56a9840,Sunny's Weekly #219 Pinball Wizards,online,2025-08-25T22:05:00Z,224,SVI-BLK/WHT,G-I,BLK/WHT,2025-07-17T17:00:00Z,941.083
68aca206827e9d163f82f7db,Card Temple Weekly Battles #27,online,2025-08-26T02:00:00Z,152,SVI-BLK/WHT,G-I,BLK/WHT,2025-07-17T17:00:00Z,945.0
68860c773e7086bfd3ba019e,TGG Cup #7.... Finally!,online,2025-08-26T13:00:00Z,88,SVI-BLK/WHT,G-I,BLK/WHT,2025-07-17T17:00:00Z,956.0
684f3e9627d8bc24cf255126,Gray's PokéLeague - Champion's Road #27,online,2025-08-26T15:00:00Z,146,SVI-BLK/WHT,G-I,BLK/WHT,2025-07-17T17:00:00Z,958.0
68a8864dda2bf11ab1d5938f,ASRcristiano # 76 - Testing for Frankfurt !,online,2025-08-26T19:00:00Z,141,SVI-BLK/WHT,G-I,BLK/WHT,2025-07-17T17:00:00Z,962.0
68898516dd3aa218838a57f9,DMV Drakes - Pokemon TCG Live Tournament 8/26!,online,2025-08-26T22:00:00Z,64,SVI-BLK/WHT,G-I,BLK/WHT,2025-07-17T17:00:00Z,965.0
68aceb6dda2bf11ab1d5bf4f,The Lucky Draw Weekly #16,online,2025-08-26T23:00:00Z,94,SVI-BLK/WHT,G-I,BLK/WHT,2025-07-17T17:00:00Z,966.0
68a7a4383070784ce70c519c,LastPrize Series (200 Codes Prize Pool),online,2025-08-26T23:30:00Z,80,SVI-BLK/WHT,G-I,BLK/WHT,2025-07-17T17:00:00Z,966.5
68ae1902827e9d163f83066e,Team Gamers Guild League #20,online,2025-08-27T12:00:00Z,58,SVI-BLK/WHT,G-I,BLK/WHT,2025-07-17T17:00:00Z,979.0
68af688dda2bf11ab1d5d293,Midnight Mickey 23 - Beep boo boo bop,online,2025-08-28T00:00:00Z,89,SVI-BLK/WHT,G-I,BLK/WHT,2025-07-17T17:00:00Z,991.0
68a87611827e9d163f82d1ac,🏆Moujii's Dojo🏆 (Late Registration Available!),online,2025-08-28T16:10:00Z,211,SVI-BLK/WHT,G-I,BLK/WHT,2025-07-17T17:00:00Z,1007.167
68ac585cda2bf11ab1d5b757,ASRcristiano # 78 - Testing for Frankfurt !,online,2025-08-28T19:00:00Z,145,SVI-BLK/WHT,G-I,BLK/WHT,2025-07-17T17:00:00Z,1010.0
6865b51427d8bc24cf25f983,🐍TLS TCG SERIES QUALIFIER 8/10 S3 - CASH + CODES,online,2025-08-28T23:00:00Z,170,SVI-BLK/WHT,G-I,BLK/WHT,2025-07-17T17:00:00Z,1014.0
687a32b6164bc0b138406335,Turtwig Den Revival Series Challenge 5,online,2025-08-29T16:05:00Z,79,SVI-BLK/WHT,G-I,BLK/WHT,2025-07-17T17:00:00Z,1031.083
68b0f4feda2bf11ab1d5e0ac,ASRcristiano # 79 - Testing for Frankfurt !,online,2025-08-29T19:00:00Z,112,SVI-BLK/WHT,G-I,BLK/WHT,2025-07-17T17:00:00Z,1034.0
68b08636827e9d163f831776,💥​Plantel Battle #15 💥​ 100 CODES ✔️​ TOP 8 ​,online,2025-08-29T23:00:00Z,100,SVI-BLK/WHT,G-I,BLK/WHT,2025-07-17T17:00:00Z,1038.0
68979de912254c15df8268e8,TOURNAMENT OF DOOM! Weird.....,online,2025-08-30T02:35:00Z,287,SVI-BLK/WHT,G-I,BLK/WHT,2025-07-17T17:00:00Z,1041.583
68b04a1b827e9d163f831616,"TGG ""Worlds"" DAY 1 ETB!",online,2025-08-30T14:00:00Z,69,SVI-BLK/WHT,G-I,BLK/WHT,2025-07-17T17:00:00Z,1053.0
6887052a3e7086bfd3ba1117,Jester's Quarter Cup! [Q3 2025],online,2025-08-30T17:05:00Z,104,SVI-BLK/WHT,G-I,BLK/WHT,2025-07-17T17:00:00Z,1056.083
689cff6f196e12cfd56a6d8c,Rogue's Champions Tournament Series #1,online,2025-08-30T18:00:00Z,55,SVI-BLK/WHT,G-I,BLK/WHT,2025-07-17T17:00:00Z,1057.0
689155159e64f4a232d0fce1,Redacted Rivals #11 (100 Codes),online,2025-08-30T22:05:00Z,156,SVI-BLK/WHT,G-I,BLK/WHT,2025-07-17T17:00:00Z,1061.083
689155459e64f4a232d0fce3,Redacted 2nd Chance #10 (50 Codes),online,2025-08-30T23:30:00Z,103,SVI-BLK/WHT,G-I,BLK/WHT,2025-07-17T17:00:00Z,1062.5
68ab015a827e9d163f82e9e5,OTS Weekly Open 31Aug25 - 40 codes,online,2025-08-31T08:30:00Z,69,SVI-BLK/WHT,G-I,BLK/WHT,2025-07-17T17:00:00Z,1071.5
68ad439fda2bf11ab1d5c2d4,⭐IMPULSE Weekly Standard # 2,online,2025-09-01T00:35:00Z,216,SVI-BLK/WHT,G-I,BLK/WHT,2025-07-17T17:00:00Z,1087.583
68b48109827e9d163f833f0e,SMG Nightly Standard,online,2025-09-01T01:00:00Z,92,SVI-BLK/WHT,G-I,BLK/WHT,2025-07-17T17:00:00Z,1088.0
68b4c74d827e9d163f83420a,PumpkaWeekly,online,2025-09-01T18:00:00Z,247,SVI-BLK/WHT,G-I,BLK/WHT,2025-07-17T17:00:00Z,1105.0
68acb59bda2bf11ab1d5bc34,Sunny's Weekly #220 Kaiju Rumble!,online,2025-09-01T22:05:00Z,235,SVI-BLK/WHT,G-I,BLK/WHT,2025-07-17T17:00:00Z,1109.083
68b61e16da2bf11ab1d61246,Card Temple Weekly Battles #28,online,2025-09-02T02:00:00Z,97,SVI-BLK/WHT,G-I,BLK/WHT,2025-07-17T17:00:00Z,1113.0
68b18fd4da2bf11ab1d5e318,The Lucky Draw Weekly #17,online,2025-09-02T16:00:00Z,108,SVI-BLK/WHT,G-I,BLK/WHT,2025-07-17T17:00:00Z,1127.0
684f402327d8bc24cf25512d,Gray's PokéLeague - Champion's Road #28,online,2025-09-02T17:30:00Z,101,SVI-BLK/WHT,G-I,BLK/WHT,2025-07-17T17:00:00Z,1128.5
68b5f654827e9d163f834aec,ASRcristiano # 80 - Testing for Frankfurt !,online,2025-09-02T19:00:00Z,133,SVI-BLK/WHT,G-I,BLK/WHT,2025-07-17T17:00:00Z,1130.0
68b19003827e9d163f831f82,The Lucky Draw Weekly #18,online,2025-09-02T23:00:00Z,140,SVI-BLK/WHT,G-I,BLK/WHT,2025-07-17T17:00:00Z,1134.0
68b48018da2bf11ab1d6028e,LastPrize Series #3 Titans Rivals (100 Codes),online,2025-09-02T23:35:00Z,92,SVI-BLK/WHT,G-I,BLK/WHT,2025-07-17T17:00:00Z,1134.583
6890ed9a71faa4f93bbc9e24,MOSCO Masters S3: Pokemon TCG Live Tournament #3,online,2025-09-03T13:00:00Z,61,SVI-BLK/WHT,G-I,BLK/WHT,2025-07-17T17:00:00Z,1148.0
68aabecb827e9d163f82e88b,Rogues tay x rebel vault weekly 100 code prize pot,online,2025-09-03T18:30:00Z,128,SVI-BLK/WHT,G-I,BLK/WHT,2025-07-17T17:00:00Z,1153.5
68b5f692da2bf11ab1d60f66,ASRcristiano # 81 - Testing for Frankfurt !,online,2025-09-03T19:00:00Z,129,SVI-BLK/WHT,G-I,BLK/WHT,2025-07-17T17:00:00Z,1154.0
68b50244827e9d163f8344e1,⭐IMPULSE Mid Week Increased Prize Support!,online,2025-09-03T23:35:00Z,179,SVI-BLK/WHT,G-I,BLK/WHT,2025-07-17T17:00:00Z,1158.583
68ad70eeda2bf11ab1d5c314,🏆Moujii's Dojo🏆 (Late Registration Available!),online,2025-09-04T16:10:00Z,197,SVI-BLK/WHT,G-I,BLK/WHT,2025-07-17T17:00:00Z,1175.167
68b5f6b0da2bf11ab1d60f73,ASRcristiano # 82 - Testing for Frankfurt !,online,2025-09-04T19:00:00Z,148,SVI-BLK/WHT,G-I,BLK/WHT,2025-07-17T17:00:00Z,1178.0
68c816d8827e9d163f83d5c6,The Lucky Draw Weekly #22,online,2025-09-16T23:00:00Z,130,SVI-BLK/WHT,G-I,BLK/WHT,2025-07-17T17:00:00Z,1470.0
68be285ada2bf11ab1d65452,LastPrize Series #5 (100 Codes),online,2025-09-16T23:35:00Z,81,SVI-BLK/WHT,G-I,BLK/WHT,2025-07-17T17:00:00Z,1470.583
68bf321d827e9d163f83970a,MOSCO Masters S3: Pokemon TCG Live Tournament #5,online,2025-09-17T13:00:00Z,53,SVI-BLK/WHT,G-I,BLK/WHT,2025-07-17T17:00:00Z,1484.0
68c7eed3da2bf11ab1d6995f,Rogues Tay x Rebel Vault - 50 code - Battle out,online,2025-09-17T18:30:00Z,76,SVI-BLK/WHT,G-I,BLK/WHT,2025-07-17T17:00:00Z,1489.5
68c39d22827e9d163f83ba37,Snipe The Bench Tournament #1 - Pittsburgh Prep!,online,2025-09-17T23:30:00Z,157,SVI-BLK/WHT,G-I,BLK/WHT,2025-07-17T17:00:00Z,1494.5
68c340a1da2bf11ab1d6799d,🏆Moujii's Dojo🏆 (Late Registration Available!),online,2025-09-18T16:10:00Z,178,SVI-BLK/WHT,G-I,BLK/WHT,2025-07-17T17:00:00Z,1511.167
68c9f89f827e9d163f83e7bf,ASRcristiano # 88 - Road to Gdansk !,online,2025-09-18T19:00:00Z,113,SVI-BLK/WHT,G-I,BLK/WHT,2025-07-17T17:00:00Z,1514.0
68c9f8bfda2bf11ab1d6a8f6,ASRcristiano # 89 - Road to Gdansk !,online,2025-09-19T19:00:00Z,156,SVI-BLK/WHT,G-I,BLK/WHT,2025-07-17T17:00:00Z,1538.0
68979f022c940503cce90793,TOURNAMENT OF DOOM! Best Starter Edition,online,2025-09-20T02:05:00Z,255,SVI-BLK/WHT,G-I,BLK/WHT,2025-07-17T17:00:00Z,1545.083
68b42b6ada2bf11ab1d5fed0,Jester's Monthly Challenge [Sep'25]: No IDs Here!,online,2025-09-20T17:05:00Z,118,SVI-BLK/WHT,G-I,BLK/WHT,2025-07-17T17:00:00Z,1560.083
6782e1e57960ec710eff0f2f,Logik Saturday Popup - closed lists,online,2025-09-21T00:05:00Z,54,SVI-BLK/WHT,G-I,BLK/WHT,2025-07-17T17:00:00Z,1567.083
68c1846a827e9d163f83a888,Mudkip Champions x Bwupsociety Series 1-1,online,2025-09-21T21:35:00Z,164,SVI-BLK/WHT,G-I,BLK/WHT,2025-07-17T17:00:00Z,1588.583
68c86c27da2bf11ab1d69e61,🏆Moujii's Dojo🏆 (Late Registration Available!),online,2025-09-22T16:10:00Z,160,SVI-BLK/WHT,G-I,BLK/WHT,2025-07-17T17:00:00Z,1607.167
68d01eacf661e4a158ddecfe,Pumpkaweekly,online,2025-09-22T18:00:00Z,145,SVI-BLK/WHT,G-I,BLK/WHT,2025-07-17T17:00:00Z,1609.0
68c87510da2bf11ab1d69ef0,Sunny's Weekly #223 New Beginnings!,online,2025-09-22T22:05:00Z,177,SVI-BLK/WHT,G-I,BLK/WHT,2025-07-17T17:00:00Z,1613.083
68cd9761f661e4a158ddd728,🏛💫 Card Temple Weekly Battles #31,online,2025-09-23T02:00:00Z,113,SVI-BLK/WHT,G-I,BLK/WHT,2025-07-17T17:00:00Z,1617.0
68d22dcef661e4a158ddfc14,The Lucky Draw Weekly #23,online,2025-09-23T23:00:00Z,83,SVI-BLK/WHT,G-I,BLK/WHT,2025-07-17T17:00:00Z,1638.0
68ca0465827e9d163f83e86d,LastPrize Series #6 (100 Codes),online,2025-09-23T23:35:00Z,67,SVI-BLK/WHT,G-I,BLK/WHT,2025-07-17T17:00:00Z,1638.583
68a55321196e12cfd56aa191,"CHALLENGE OF DOOM! PRACTICE, PRACTICE, PRACTICE",online,2025-09-24T03:35:00Z,64,SVI-BLK/WHT,G-I,BLK/WHT,2025-07-17T17:00:00Z,1642.583
68d22e0cf661e4a158ddfc15,The Lucky Draw Weekly #24,online,2025-09-24T16:00:00Z,103,SVI-BLK/WHT,G-I,BLK/WHT,2025-07-17T17:00:00Z,1655.0
68d27fef7a2c388893cab5eb,ASRcristiano # 90 - Road to Gdansk !,online,2025-09-24T19:00:00Z,96,SVI-BLK/WHT,G-I,BLK/WHT,2025-07-17T17:00:00Z,1658.0
68cd8246f661e4a158ddd65e,🏆Moujii's Dojo🏆 (Late Registration Available!),online,2025-09-25T16:10:00Z,110,SVI-BLK/WHT,G-I,BLK/WHT,2025-07-17T17:00:00Z,1679.167
68bb8d98827e9d163f8376ec,Peladão da Baixada #154 • MEGA Evolution is ON,online,2025-09-26T22:30:00Z,66,SVI-MEG,G-I,MEG,2025-09-25T17:00:00Z,29.5
68d0cce4f661e4a158ddf39a,BZGC Online🔥 - LVL. 28 ~ Zooming Draw,online,2025-09-27T00:00:00Z,82,SVI-MEG,G-I,MEG,2025-09-25T17:00:00Z,31.0
68979c162c940503cce90771,"ToD: ""Regional"" Championships VII",online,2025-09-27T15:00:00Z,324,SVI-MEG,G-I,MEG,2025-09-25T17:00:00Z,46.0
68b42bd1827e9d163f833aa9,Jester's Weekly Casual #25 - A Mega Event!,online,2025-09-27T17:05:00Z,82,SVI-MEG,G-I,MEG,2025-09-25T17:00:00Z,48.083
68d46e8c7a2c388893cac2f9,MEGA Redacted #1 (100 Codes),online,2025-09-27T22:05:00Z,127,SVI-MEG,G-I,MEG,2025-09-25T17:00:00Z,53.083
68d470077a2c388893cac2fe,MEGA Redacted 2nd Chance #1 (50 Codes),online,2025-09-27T23:30:00Z,99,SVI-MEG,G-I,MEG,2025-09-25T17:00:00Z,54.5
68d4989df661e4a158de09a1,Mudkip Champions Special Series 1-2,online,2025-09-28T21:35:00Z,75,SVI-MEG,G-I,MEG,2025-09-25T17:00:00Z,76.583
68c45af3827e9d163f83bd84,Mega Ditto! #1 (200 Codes),online,2025-09-28T22:00:00Z,213,SVI-MEG,G-I,MEG,2025-09-25T17:00:00Z,77.0
68d9a4ec7a2c388893caec92,Midnight Mickey 32 - Abyssal Flames,online,2025-09-29T03:00:00Z,75,SVI-MEG,G-I,MEG,2025-09-25T17:00:00Z,82.0
68d310ea7a2c388893cab97a,🏆Moujii's Dojo🏆 (Late Registration Available!),online,2025-09-29T16:10:00Z,223,SVI-MEG,G-I,MEG,2025-09-25T17:00:00Z,95.167
68d96c537a2c388893cae8d6,Pumpkaweekly,online,2025-09-29T18:00:00Z,157,SVI-MEG,G-I,MEG,2025-09-25T17:00:00Z,97.0
68d1b4567a2c388893cab18b,Sunny's Weekly #224 Mega Evolved!,online,2025-09-29T22:05:00Z,245,SVI-MEG,G-I,MEG,2025-09-25T17:00:00Z,101.083
68dabe317a2c388893caf46b,🏛💫 Card Temple Weekly Battles #32,online,2025-09-30T02:10:00Z,104,SVI-MEG,G-I,MEG,2025-09-25T17:00:00Z,105.167
68ca050eda2bf11ab1d6a97d,LastPrize Series #7 (100 Codes),online,2025-09-30T23:35:00Z,226,SVI-MEG,G-I,MEG,2025-09-25T17:00:00Z,126.583
68caf571827e9d163f83ec66,MOSCO Masters S3: Pokemon TCG Live Tournament #7,online,2025-10-01T13:00:00Z,52,SVI-MEG,G-I,MEG,2025-09-25T17:00:00Z,140.0
68dbd97e7a2c388893cafd27,Rogues Tay x Rebel Vault - 50 code - Battle out,online,2025-10-01T18:30:00Z,75,SVI-MEG,G-I,MEG,2025-09-25T17:00:00Z,145.5
68dd04c67a2c388893cb04bb,ASRcristiano # 92 - MegaEvolution Legal!,online,2025-10-01T19:00:00Z,87,SVI-MEG,G-I,MEG,2025-09-25T17:00:00Z,146.0
68dd27407a2c388893cb0561,AOB's MEGA Mickey! $250 CASH,online,2025-10-01T22:00:00Z,467,SVI-MEG,G-I,MEG,2025-09-25T17:00:00Z,149.0
68d6d2157a2c388893cad157,🏆Moujii's Dojo🏆 (Late Registration Available!),online,2025-10-02T16:10:00Z,234,SVI-MEG,G-I,MEG,2025-09-25T17:00:00Z,167.167
68dd04fd7a2c388893cb04bc,ASRcristiano # 93 - MegaEvolution Legal!,online,2025-10-02T19:00:00Z,158,SVI-MEG,G-I,MEG,2025-09-25T17:00:00Z,170.0
68dedcdff661e4a158de5bf0,Darksiders TCG Live Midweek Mickey - 40 Codes!,online,2025-10-02T22:05:00Z,65,SVI-MEG,G-I,MEG,2025-09-25T17:00:00Z,173.083
68daca257a2c388893caf54f,Haven SG Great Ball League Scrim #02,online,2025-10-03T14:00:00Z,90,SVI-MEG,G-I,MEG,2025-09-25T17:00:00Z,189.0
687a33bb3e7086bfd3b9952c,Turtwig Den Revival Series Regional 1,online,2025-10-03T16:05:00Z,76,SVI-MEG,G-I,MEG,2025-09-25T17:00:00Z,191.083
68dd0518f661e4a158de487c,ASRcristiano # 94 - MegaEvolution Legal!,online,2025-10-03T19:00:00Z,194,SVI-MEG,G-I,MEG,2025-09-25T17:00:00Z,194.0
68ee7a1424b8f37ae93c0aeb,ASRcristiano # 100 - MegaEvolution Legal!,online,2025-10-16T19:00:00Z,131,SVI-MEG,G-I,MEG,2025-09-25T17:00:00Z,506.0
68bad414da2bf11ab1d6370b,Turtwig Den Revival Series Challenge 10,online,2025-10-17T16:05:00Z,88,SVI-MEG,G-I,MEG,2025-09-25T17:00:00Z,527.083
68e7ceea311e8c27717c39d9,🇵🇱 Polish Playground Weekly #1🇵🇱,online,2025-10-17T17:00:00Z,61,SVI-MEG,G-I,MEG,2025-09-25T17:00:00Z,528.0
68ee7a33dd7011c665c38456,ASRcristiano # 101 - MegaEvolution Legal!,online,2025-10-17T19:00:00Z,172,SVI-MEG,G-I,MEG,2025-09-25T17:00:00Z,530.0
68eef417dd7011c665c38961,#25 Torneo Vortex Squad,online,2025-10-17T23:10:00Z,50,SVI-MEG,G-I,MEG,2025-09-25T17:00:00Z,534.167
68cf05a8f661e4a158dde641,TOURNAMENT OF DOOM! WHERE IS MY CAR KEYS!?!?,online,2025-10-18T02:35:00Z,256,SVI-MEG,G-I,MEG,2025-09-25T17:00:00Z,537.583
68e18f877a2c388893cb31f5,Ursiiday's PTCG Weekly #1 • 400 USD Prize,online,2025-10-18T17:00:00Z,592,SVI-MEG,G-I,MEG,2025-09-25T17:00:00Z,552.0
68d473af7a2c388893cac31f,MEGA Redacted #4 (100 Codes),online,2025-10-18T22:05:00Z,184,SVI-MEG,G-I,MEG,2025-09-25T17:00:00Z,557.083
68d47665f661e4a158de08b9,MEGA Redacted 2nd Chance #4 (50 Codes),online,2025-10-18T23:30:00Z,91,SVI-MEG,G-I,MEG,2025-09-25T17:00:00Z,558.5
68efdb67dd7011c665c38e98,Tournoi amical LEAGUE canto N45°,online,2025-10-19T12:00:00Z,69,SVI-MEG,G-I,MEG,2025-09-25T17:00:00Z,571.0
68ef37a3dd7011c665c38aab,Jester's Weekly Casual #28 - Legends: Z-A Hype!,online,2025-10-19T17:00:00Z,224,SVI-MEG,G-I,MEG,2025-09-25T17:00:00Z,576.0
68d49be3f661e4a158de09bc,Mega Ditto! #4 (100 Codes),online,2025-10-19T22:00:00Z,217,SVI-MEG,G-I,MEG,2025-09-25T17:00:00Z,581.0
68f5729224b8f37ae93c4497,Midnight Mickey Sunday yippeee,online,2025-10-20T02:00:00Z,50,SVI-MEG,G-I,MEG,2025-09-25T17:00:00Z,585.0
68ee62d824b8f37ae93c0a70,🏆Moujii's Dojo🏆 (Late Registration Available!),online,2025-10-20T16:10:00Z,241,SVI-MEG,G-I,MEG,2025-09-25T17:00:00Z,599.167
68f549e6dd7011c665c3bf86,Pumpkaweekly,online,2025-10-20T18:00:00Z,201,SVI-MEG,G-I,MEG,2025-09-25T17:00:00Z,601.0
68ed643be1791069afd1d0c5,Sunny's Weekly #227 Tord Reklev Appreciation Week!,online,2025-10-20T22:05:00Z,250,SVI-MEG,G-I,MEG,2025-09-25T17:00:00Z,605.083
68f682f424b8f37ae93c4c30,Midnight Mickey 35 - IT'S FREAKING MONDAY WOOO,online,2025-10-21T01:30:00Z,86,SVI-MEG,G-I,MEG,2025-09-25T17:00:00Z,608.5
684f4076c4596e812235cf9b,Gray's PokéLeague - Champion's Road #29,online,2025-10-21T15:00:00Z,145,SVI-MEG,G-I,MEG,2025-09-25T17:00:00Z,622.0
68cce1c8827e9d163f83fb28,Inverse Meta Tournament (200 PTCGL code pool),online,2025-10-21T16:05:00Z,72,SVI-MEG,G-I,MEG,2025-09-25T17:00:00Z,623.083
68f6e6c2dd7011c665c3cc5b,Lagoon crew tcg live tourney 10$usd,online,2025-10-21T19:00:00Z,116,SVI-MEG,G-I,MEG,2025-09-25T17:00:00Z,626.0
68e480c67a2c388893cb4be6,The Lucky Draw Weekly #29,online,2025-10-21T23:00:00Z,155,SVI-MEG,G-I,MEG,2025-09-25T17:00:00Z,630.0
68f05fc3dd7011c665c395b9,LastPrize Series #10 No Top Cut (100 Codes),online,2025-10-21T23:35:00Z,52,SVI-MEG,G-I,MEG,2025-09-25T17:00:00Z,630.583
68cf08f07a2c388893caa0b8,CHALLENGE OF DOOM! COSTCO?,online,2025-10-22T03:35:00Z,64,SVI-MEG,G-I,MEG,2025-09-25T17:00:00Z,634.583
68e481107a2c388893cb4bf6,The Lucky Draw Weekly #30,online,2025-10-22T16:00:00Z,188,SVI-MEG,G-I,MEG,2025-09-25T17:00:00Z,647.0
68f56a0b24b8f37ae93c4423,Rogues tay x rebel vault 50 code prize pot,online,2025-10-22T18:30:00Z,67,SVI-MEG,G-I,MEG,2025-09-25T17:00:00Z,649.5
68e57855f661e4a158de9ced,Bustard Tournament PREMIO BUSTINE DI LEGA,online,2025-10-22T19:30:00Z,51,SVI-MEG,G-I,MEG,2025-09-25T17:00:00Z,650.5
68f7bb01dd7011c665c3d093,AOB's MEGA Mickey #4 $50 CASH,online,2025-10-22T22:00:00Z,288,SVI-MEG,G-I,MEG,2025-09-25T17:00:00Z,653.0
68f8f89c24b8f37ae93c5ca5,BZGC Online🔥 - LVL. 29 ~ Take,online,2025-10-23T00:00:00Z,67,SVI-MEG,G-I,MEG,2025-09-25T17:00:00Z,655.0
68f2a07e24b8f37ae93c2843,🏆Moujii's Dojo🏆 (Late Registration Available!),online,2025-10-23T16:10:00Z,221,SVI-MEG,G-I,MEG,2025-09-25T17:00:00Z,671.167
68fa2dd824b8f37ae93c6425,ASRcristiano # 102 - MegaEvolution Legal!,online,2025-10-23T19:00:00Z,93,SVI-MEG,G-I,MEG,2025-09-25T17:00:00Z,674.0
68f7d1b024b8f37ae93c5560,TCGL #4 - UmbreonLeague,online,2025-10-23T23:30:00Z,78,SVI-MEG,G-I,MEG,2025-09-25T17:00:00Z,678.5
68bad4db827e9d163f837064,Turtwig Den Revival Series Challenge 11,online,2025-10-24T16:05:00Z,55,SVI-MEG,G-I,MEG,2025-09-25T17:00:00Z,695.083
68fa2dfa24b8f37ae93c6426,ASRcristiano # 103 - MegaEvolution Legal!,online,2025-10-24T19:00:00Z,139,SVI-MEG,G-I,MEG,2025-09-25T17:00:00Z,698.0
68cf05e2f661e4a158dde643,TOURNAMENT OF DOOM! BIRD OR MONKEY?,online,2025-10-25T03:15:00Z,258,SVI-MEG,G-I,MEG,2025-09-25T17:00:00Z,706.25
68f3f21cdd7011c665c3b3d8,Ursiiday's PTCG HALLOWEEN SPECIAL • 400 USD Prize,online,2025-10-25T17:00:00Z,408,SVI-MEG,G-I,MEG,2025-09-25T17:00:00Z,720.0
68d473bcf661e4a158de08a1,MEGA Redacted #5 (100 Codes),online,2025-10-25T22:05:00Z,114,SVI-MEG,G-I,MEG,2025-09-25T17:00:00Z,725.083
68d47671f661e4a158de08ba,MEGA Redacted 2nd Chance #5 (50 Codes),online,2025-10-25T23:30:00Z,63,SVI-MEG,G-I,MEG,2025-09-25T17:00:00Z,726.5
68f6533a24b8f37ae93c48c2,Jester's Monthly Challenge [Oct'25],online,2025-10-26T18:00:00Z,186,SVI-MEG,G-I,MEG,2025-09-25T17:00:00Z,745.0
68d49c067a2c388893cac47f,Mega Ditto! #5 (100 Codes),online,2025-10-26T22:00:00Z,192,SVI-MEG,G-I,MEG,2025-09-25T17:00:00Z,749.0
68fe41be24b8f37ae93c81b1,TCGL #5 - UmbreonLeague,online,2025-10-26T23:30:00Z,60,SVI-MEG,G-I,MEG,2025-09-25T17:00:00Z,750.5
68f6ce3edd7011c665c3cb94,🏆Moujii's Dojo🏆 (Late Registration Available!),online,2025-10-27T16:10:00Z,202,SVI-MEG,G-I,MEG,2025-09-25T17:00:00Z,767.167
68fb4bc3dd7011c665c3ea7d,Pumpkaweekly - NO Gengar or Diancie,online,2025-10-27T19:00:00Z,176,SVI-MEG,G-I,MEG,2025-09-25T17:00:00Z,770.0
68f6a64ddd7011c665c3c958,Sunny's Weekly #228 Cafe Sunny!,online,2025-10-27T22:05:00Z,177,SVI-MEG,G-I,MEG,2025-09-25T17:00:00Z,773.083
68f3ca9edd7011c665c3ae57,🏛💫 Card Temple Weekly Battles #35,online,2025-10-28T02:00:00Z,144,SVI-MEG,G-I,MEG,2025-09-25T17:00:00Z,777.0
68e52fd0f661e4a158de9aed,Gray's PokéLeague - Champion's Road #30,online,2025-10-28T16:00:00Z,158,SVI-MEG,G-I,MEG,2025-09-25T17:00:00Z,791.0
68fae888dd7011c665c3e9a1,Darksiders Tune Up Tourny! Standard Legal Only,online,2025-10-28T19:30:00Z,115,SVI-MEG,G-I,MEG,2025-09-25T17:00:00Z,794.5
68e4819f7a2c388893cb4bf8,The Lucky Draw Weekly #31,online,2025-10-28T23:00:00Z,138,SVI-MEG,G-I,MEG,2025-09-25T17:00:00Z,798.0
68efae8c24b8f37ae93c11fe,MOSCO Masters S3: Pokemon TCG Live Tournament #10,online,2025-10-29T13:00:00Z,52,SVI-MEG,G-I,MEG,2025-09-25T17:00:00Z,812.0
68e48170f661e4a158de9833,The Lucky Draw Weekly #32,online,2025-10-29T16:00:00Z,127,SVI-MEG,G-I,MEG,2025-09-25T17:00:00Z,815.0
690cca40fde2eb785721ee74,🏆Moujii's Dojo🏆 (Late Registration Available!),online,2025-11-13T17:10:00Z,134,SVI-PFL,G-I,PFL,2025-11-13T17:00:00Z,0.167
6911e8feb11d3f5498bba912,ASRcristiano # 108 - Test for Stuttgart,online,2025-11-13T20:00:00Z,102,SVI-PFL,G-I,PFL,2025-11-13T17:00:00Z,3.0
69163d54b11d3f5498bbd8f3,TCGL #11 - UmbreonLeague,online,2025-11-14T00:30:00Z,51,SVI-PFL,G-I,PFL,2025-11-13T17:00:00Z,7.5
6911e91bb11d3f5498bba914,ASRcristiano # 109 - Phantasmal Flames Legal!,online,2025-11-14T20:00:00Z,159,SVI-PFL,G-I,PFL,2025-11-13T17:00:00Z,27.0
68cb839c827e9d163f83f39e,Peladão da Baixada #159 • Phantasmal Flames is ON,online,2025-11-14T22:30:00Z,50,SVI-PFL,G-I,PFL,2025-11-13T17:00:00Z,29.5
69172e5fb11d3f5498bbe079,BZGC Online🔥 - LVL. 30 ~ Road to Laic,online,2025-11-15T00:00:00Z,53,SVI-PFL,G-I,PFL,2025-11-13T17:00:00Z,31.0
69179ac0b11d3f5498bbe696,TOURNAMENT OF NOT DOOM ?,online,2025-11-15T03:35:00Z,86,SVI-PFL,G-I,PFL,2025-11-13T17:00:00Z,34.583
69036adadd7011c665c42284,MEGA Redacted #8 (100 Codes),online,2025-11-15T23:05:00Z,162,SVI-PFL,G-I,PFL,2025-11-13T17:00:00Z,54.083
69036c9124b8f37ae93ca37a,MEGA Redacted 2nd Chance #8 (50 Codes),online,2025-11-16T00:30:00Z,72,SVI-PFL,G-I,PFL,2025-11-13T17:00:00Z,55.5
6916e0d2b11d3f5498bbdfb8,Jester's Weekly Casual #31 - Phantasmal Flames 👍,online,2025-11-16T18:00:00Z,173,SVI-PFL,G-I,PFL,2025-11-13T17:00:00Z,73.0
69055ab4fde2eb785721a802,Mega Ditto! #7 (100 Codes),online,2025-11-16T23:00:00Z,145,SVI-PFL,G-I,PFL,2025-11-13T17:00:00Z,78.0
68c9a502da2bf11ab1d6a528,Gray's PokéLeague - Phantasmal Flames Special,online,2025-11-17T16:00:00Z,94,SVI-PFL,G-I,PFL,2025-11-13T17:00:00Z,95.0
69137588b11d3f5498bbbd4d,🏆Moujii's Dojo🏆 (Late Registration Available!),online,2025-11-17T17:10:00Z,133,SVI-PFL,G-I,PFL,2025-11-13T17:00:00Z,96.167
691a6a8eb11d3f5498bc097f,Pumpkaweekly,online,2025-11-17T19:00:00Z,105,SVI-PFL,G-I,PFL,2025-11-13T17:00:00Z,98.0
69124b0db11d3f5498bbaece,Sunny's Weekly #231 Capoeira Club,online,2025-11-17T23:05:00Z,184,SVI-PFL,G-I,PFL,2025-11-13T17:00:00Z,102.083
69179e8b52eafbbc8116f63e,LastPrize Series #14 No Top Cut (100 Codes),online,2025-11-19T00:35:00Z,161,SVI-PFL,G-I,PFL,2025-11-13T17:00:00Z,127.583
691e4bc6b11d3f5498bc2731,Midnight Mickey POP UP!,online,2025-11-20T01:40:00Z,88,SVI-PFL,G-I,PFL,2025-11-13T17:00:00Z,152.667
6915e4aa52eafbbc8116e4da,🏆Moujii's Dojo🏆 (Late Registration Available!),online,2025-11-20T17:10:00Z,152,SVI-PFL,G-I,PFL,2025-11-13T17:00:00Z,168.167
691c8d12b11d3f5498bc19e2,ASRcristiano # 110 - Phantasmal Flames Legal!,online,2025-11-20T20:00:00Z,128,SVI-PFL,G-I,PFL,2025-11-13T17:00:00Z,171.0
68dff21c7a2c388893cb1a95,Turtwig Den Revival Series Challenge 14,online,2025-11-21T17:05:00Z,59,SVI-PFL,G-I,PFL,2025-11-13T17:00:00Z,192.083
691cd12db11d3f5498bc1bd3,BlazikenTCG online series: #1,online,2025-11-21T23:00:00Z,73,SVI-PFL,G-I,PFL,2025-11-13T17:00:00Z,198.0
68fe499524b8f37ae93c823a,TOURNAMENT OF DOOM! LOST ALL MY MONEY IN VEGAS!,online,2025-11-22T03:35:00Z,253,SVI-PFL,G-I,PFL,2025-11-13T17:00:00Z,202.583
692001e4b11d3f5498bc3954,Jester's Monthly Challenge (Nov 25),online,2025-11-22T18:00:00Z,119,SVI-PFL,G-I,PFL,2025-11-13T17:00:00Z,217.0
69036bb924b8f37ae93ca375,MEGA Redacted #9 (100 Codes),online,2025-11-22T23:05:00Z,120,SVI-PFL,G-I,PFL,2025-11-13T17:00:00Z,222.083
69036ccc24b8f37ae93ca37c,MEGA Redacted 2nd Chance #9 (50 Codes),online,2025-11-23T00:30:00Z,82,SVI-PFL,G-I,PFL,2025-11-13T17:00:00Z,223.5
691e787e52eafbbc8117375b,Darksiders Weekender #1 Tourny  - 50 Codes,online,2025-11-23T21:05:00Z,143,SVI-PFL,G-I,PFL,2025-11-13T17:00:00Z,244.083
6923043852eafbbc81176550,MEGA Redacted Open Cup,online,2025-11-23T23:05:00Z,134,SVI-PFL,G-I,PFL,2025-11-13T17:00:00Z,246.083
6923348b52eafbbc81176700,Pumpkaweekly,online,2025-11-24T19:00:00Z,244,SVI-PFL,G-I,PFL,2025-11-13T17:00:00Z,266.0
691b86e052eafbbc81171f56,Sunny's Weekly #232 Touching Grass,online,2025-11-24T23:05:00Z,256,SVI-PFL,G-I,PFL,2025-11-13T17:00:00Z,270.083
69247f8ab11d3f5498bc67c1,🏛💫 Card Temple Weekly Battles #38,online,2025-11-25T02:00:00Z,100,SVI-PFL,G-I,PFL,2025-11-13T17:00:00Z,273.0
69257f6252eafbbc81177f9d,BBL - Rapid Rounds #3,online,2025-11-25T21:00:00Z,98,SVI-PFL,G-I,PFL,2025-11-13T17:00:00Z,292.0
6925a172b11d3f5498bc7261,The Lucky Draw Weekly #37,online,2025-11-26T00:00:00Z,117,SVI-PFL,G-I,PFL,2025-11-13T17:00:00Z,295.0
692646a352eafbbc81178748,Bak & Bak PokeLeague #30 - Backup Comp,online,2025-11-26T00:30:00Z,94,SVI-PFL,G-I,PFL,2025-11-13T17:00:00Z,295.5
68fe4d3fdd7011c665c4001d,CHALLENGE OF DOOM! STARES INTO THE HORIZON!,online,2025-11-26T04:35:00Z,128,SVI-PFL,G-I,PFL,2025-11-13T17:00:00Z,299.583
6925a1abb11d3f5498bc7262,The Lucky Draw Weekly #38,online,2025-11-26T17:00:00Z,140,SVI-PFL,G-I,PFL,2025-11-13T17:00:00Z,312.0
6914f279b11d3f5498bbcca1,BUSTARD TOURNAMENT #3,online,2025-11-26T20:00:00Z,133,SVI-PFL,G-I,PFL,2025-11-13T17:00:00Z,315.0
6923a81f52eafbbc81176e61,LAST PRIZE SERIES #15 - $225 USD - TOP 8 PF LEGAL,online,2025-11-27T00:35:00Z,522,SVI-PFL,G-I,PFL,2025-11-13T17:00:00Z,319.583
68ff9db324b8f37ae93c8b19,Pokemon TCG TOPDECK FUN LEAGUE Online #13,online,2025-11-27T17:00:00Z,107,SVI-PFL,G-I,PFL,2025-11-13T17:00:00Z,336.0
6928aa3152eafbbc81179d71,Redacted Thanksgiving Special! (200 Codes),online,2025-11-28T00:05:00Z,134,SVI-PFL,G-I,PFL,2025-11-13T17:00:00Z,343.083
68dff2447a2c388893cb1a98,Turtwig Den Revival Series Challenge 15,online,2025-11-28T17:05:00Z,90,SVI-PFL,G-I,PFL,2025-11-13T17:00:00Z,360.083
69235427b11d3f5498bc5d28,🇵🇱 Polish Playground Weekly #7 🇵🇱,online,2025-11-28T18:30:00Z,59,SVI-PFL,G-I,PFL,2025-11-13T17:00:00Z,361.5
68fe4bcc24b8f37ae93c8245,TOURNAMENT OF DOOM! ICE BIRD!,online,2025-11-29T03:35:00Z,320,SVI-PFL,G-I,PFL,2025-11-13T17:00:00Z,370.583
69036be924b8f37ae93ca377,MEGA Redacted #10 (100 Codes),online,2025-11-29T23:05:00Z,217,SVI-PFL,G-I,PFL,2025-11-13T17:00:00Z,390.083
69036ee324b8f37ae93ca385,MEGA Redacted 2nd Chance #10 (50 Codes),online,2025-11-30T00:30:00Z,92,SVI-PFL,G-I,PFL,2025-11-13T17:00:00Z,391.5
692419bc52eafbbc811770a8,Jester's Weekly Casual #32 - Stuttgart AfterParty!,online,2025-11-30T18:00:00Z,174,SVI-PFL,G-I,PFL,2025-11-13T17:00:00Z,409.0
691cf82252eafbbc81172bac,Gray's PokéLeague - Champion's Road #32,online,2025-12-01T16:00:00Z,87,SVI-PFL,G-I,PFL,2025-11-13T17:00:00Z,431.0
6929ec6d1b3b036ef6db521a,🏆Moujii's Dojo🏆 (Late Registration Available!),online,2025-12-01T17:10:00Z,115,SVI-PFL,G-I,PFL,2025-11-13T17:00:00Z,432.167
692d4766e12a3ec47627eb74,Pumpkaweekly,online,2025-12-01T19:00:00Z,141,SVI-PFL,G-I,PFL,2025-11-13T17:00:00Z,434.0
69380a5ae12a3ec47628419a,🏆Moujii's Dojo🏆 (Late Registration Available!),online,2025-12-15T17:10:00Z,172,SVI-PFL,G-I,PFL,2025-11-13T17:00:00Z,768.167
693efd0c1b3b036ef6dc06fe,Pumpkaweekly,online,2025-12-15T19:00:00Z,161,SVI-PFL,G-I,PFL,2025-11-13T17:00:00Z,770.0
6937409d1b3b036ef6dbcec5,Sunny's Weekly #235 Magic Carpet Ride!,online,2025-12-15T23:05:00Z,195,SVI-PFL,G-I,PFL,2025-11-13T17:00:00Z,774.083
693c24401b3b036ef6dbf028,SKY KINGDOM SERIES DECEMBER #2 200 CODES FOR TOP 4,online,2025-12-16T00:00:00Z,126,SVI-PFL,G-I,PFL,2025-11-13T17:00:00Z,775.0
6936ec411b3b036ef6dbca69,🏛💫 Card Temple Weekly Battles #41,online,2025-12-16T02:00:00Z,98,SVI-PFL,G-I,PFL,2025-11-13T17:00:00Z,777.0
693b70771b3b036ef6dbee09,🦇Nachtwache Tournament #3 100 Codes Prizing🦇,online,2025-12-16T22:00:00Z,86,SVI-PFL,G-I,PFL,2025-11-13T17:00:00Z,797.0
69403c571b3b036ef6dc10cb,The Lucky Draw Weekly #44,online,2025-12-17T00:00:00Z,110,SVI-PFL,G-I,PFL,2025-11-13T17:00:00Z,799.0
69345a921b3b036ef6dbadad,LastPrize Series #18 No Top Cut (100 Codes),online,2025-12-17T00:35:00Z,68,SVI-PFL,G-I,PFL,2025-11-13T17:00:00Z,799.583
693b71b9e12a3ec4762859f2,🦇Nachtwache Tournament #4 100 Codes Prizing🦇,online,2025-12-17T18:00:00Z,150,SVI-PFL,G-I,PFL,2025-11-13T17:00:00Z,817.0
6942894b1b3b036ef6dc23f4,ASRcristiano # 117 - Road to EUIC!,online,2025-12-17T20:00:00Z,94,SVI-PFL,G-I,PFL,2025-11-13T17:00:00Z,819.0
69402fc1e12a3ec476287e6c,AOB's MEGA Mickey #7 ETB for 1st + CASH,online,2025-12-17T23:00:00Z,381,SVI-PFL,G-I,PFL,2025-11-13T17:00:00Z,822.0
693c37ef1b3b036ef6dbf0f3,🏆Moujii's Dojo🏆 (Late Registration Available!),online,2025-12-18T17:10:00Z,139,SVI-PFL,G-I,PFL,2025-11-13T17:00:00Z,840.167
69428970e12a3ec476289217,ASRcristiano # 118 - Road to EUIC!,online,2025-12-18T20:00:00Z,105,SVI-PFL,G-I,PFL,2025-11-13T17:00:00Z,843.0
69091d46c154114e5abae380,Turtwig Den Revival Series Challenge 17,online,2025-12-19T17:05:00Z,57,SVI-PFL,G-I,PFL,2025-11-13T17:00:00Z,864.083
694289941b3b036ef6dc23f5,ASRcristiano # 119 - Road to EUIC!,online,2025-12-19T20:00:00Z,154,SVI-PFL,G-I,PFL,2025-11-13T17:00:00Z,867.0
68fe4caedd7011c665c40018,TOURNAMENT OF DOOM! SANTA!,online,2025-12-20T03:35:00Z,340,SVI-PFL,G-I,PFL,2025-11-13T17:00:00Z,874.583
6923537452eafbbc811769a4,🎄 Leahly’s PTCG Tournament - Seasonal Edition 🎄,online,2025-12-20T20:00:00Z,64,SVI-PFL,G-I,PFL,2025-11-13T17:00:00Z,891.0
6930c6431b3b036ef6db8f3e,MEGA Redacted #12 (100 Codes),online,2025-12-20T23:05:00Z,140,SVI-PFL,G-I,PFL,2025-11-13T17:00:00Z,894.083
6930c8371b3b036ef6db8f46,MEGA Redacted 2nd Chance #12 (50 Codes),online,2025-12-21T00:30:00Z,80,SVI-PFL,G-I,PFL,2025-11-13T17:00:00Z,895.5
693ff260e12a3ec476287c1a,Tournoi amical LEAGUE canto N48°,online,2025-12-21T13:00:00Z,59,SVI-PFL,G-I,PFL,2025-11-13T17:00:00Z,908.0
6925ea47b11d3f5498bc75a7,Mega Ditto! #10 (500 Codes),online,2025-12-21T23:00:00Z,200,SVI-PFL,G-I,PFL,2025-11-13T17:00:00Z,918.0
692efefbe12a3ec47627f60e,🏆Moujii's Dojo🏆 Late Night Special!🏆,online,2025-12-21T23:10:00Z,58,SVI-PFL,G-I,PFL,2025-11-13T17:00:00Z,918.167
694964684500833d8701589d,🏆Moujii's Dojo🏆 (Late Registration Available!),online,2025-12-22T18:10:00Z,131,SVI-PFL,G-I,PFL,2025-11-13T17:00:00Z,937.167
69488101ba66621ba08a6713,Pumpkaweekly,online,2025-12-22T19:00:00Z,221,SVI-PFL,G-I,PFL,2025-11-13T17:00:00Z,938.0
69407c121b3b036ef6dc15cc,Sunny's Weekly #236 Another Very Sunny Christmas,online,2025-12-22T23:05:00Z,196,SVI-PFL,G-I,PFL,2025-11-13T17:00:00Z,942.083
6946c7ccba66621ba08a4c2e,LastPrize Series #19 No Top Cut (100 Codes),online,2025-12-23T23:35:00Z,157,SVI-PFL,G-I,PFL,2025-11-13T17:00:00Z,966.583
68fe4e32dd7011c665c40024,CHALLENGE OF DOOM! LUCKY DUCK!,online,2025-12-24T04:35:00Z,64,SVI-PFL,G-I,PFL,2025-11-13T17:00:00Z,971.583
6946a55e4500833d870131f3,ARROW XMAS REGIONAL - BO3 CASH TOURNAMENT $200,online,2025-12-24T23:00:00Z,323,SVI-PFL,G-I,PFL,2025-11-13T17:00:00Z,990.0
694daa974500833d87018034,CHRISTMAS SPECIAL! TOP 8 CUT WILL GET COAL!,online,2025-12-26T00:00:00Z,50,SVI-PFL,G-I,PFL,2025-11-13T17:00:00Z,1015.0
694550d9ba66621ba08a3afa,Oceania Open! Season 0 - Week 3,online,2025-12-26T08:30:00Z,67,SVI-PFL,G-I,PFL,2025-11-13T17:00:00Z,1023.5
69091d5ec154114e5abae381,Turtwig Den Revival Series Challenge 18,online,2025-12-26T17:05:00Z,86,SVI-PFL,G-I,PFL,2025-11-13T17:00:00Z,1032.083
693bb1f8e12a3ec476285b29,Darksiders Boxing Day Bonanza! $200 USD+ 50 Codes,online,2025-12-26T19:35:00Z,544,SVI-PFL,G-I,PFL,2025-11-13T17:00:00Z,1034.583
68fe4cf3dd7011c665c4001a,TOURNAMENT OF DOOM! RESOLVES TO DO SOMETHING!,online,2025-12-27T03:35:00Z,275,SVI-PFL,G-I,PFL,2025-11-13T17:00:00Z,1042.583
6946f56c4500833d87013d61,🦇Nachtwache Tournament #5 100 Codes Prizing🦇,online,2025-12-27T17:00:00Z,152,SVI-PFL,G-I,PFL,2025-11-13T17:00:00Z,1056.0
6930c66be12a3ec4762804a0,MEGA Redacted LUCKY #13 (200 Codes),online,2025-12-27T23:10:00Z,204,SVI-PFL,G-I,PFL,2025-11-13T17:00:00Z,1062.167
6930c8661b3b036ef6db8f47,MEGA Redacted 2nd Chance LUCKY #13 (100 Codes),online,2025-12-28T00:30:00Z,121,SVI-PFL,G-I,PFL,2025-11-13T17:00:00Z,1063.5
6946f5a0ba66621ba08a4ed0,🦇Nachtwache Tournament #6 100 Codes Prizing🦇,online,2025-12-28T18:00:00Z,203,SVI-PFL,G-I,PFL,2025-11-13T17:00:00Z,1081.0
6925ea79b11d3f5498bc75a9,Mega Ditto! #11 (100 Codes),online,2025-12-28T22:59:00Z,275,SVI-PFL,G-I,PFL,2025-11-13T17:00:00Z,1085.983
6951be164500833d8701b6e3,MIDNIGHT MICKEY I HATE MONDAYS,online,2025-12-29T01:15:00Z,54,SVI-PFL,G-I,PFL,2025-11-13T17:00:00Z,1088.25
694ee0db4500833d87018dbb,🏆Moujii's Dojo🏆 (Late Registration Available!),online,2025-12-29T17:10:00Z,261,SVI-PFL,G-I,PFL,2025-11-13T17:00:00Z,1104.167
695177d4ba66621ba08ac1eb,Final Pumpkaweekly of 2025!,online,2025-12-29T19:00:00Z,185,SVI-PFL,G-I,PFL,2025-11-13T17:00:00Z,1106.0
6949a998ba66621ba08a71c0,Sunny's Weekly #237 2025: One Last Ride,online,2025-12-29T23:05:00Z,254,SVI-PFL,G-I,PFL,2025-11-13T17:00:00Z,1110.083
695212464500833d8701bbd3,Monday afternoon tournament #2,online,2025-12-30T02:00:00Z,105,SVI-PFL,G-I,PFL,2025-11-13T17:00:00Z,1113.0
68e481f6f661e4a158de9838,The Lucky Draw Qualifier Q2,online,2025-12-30T23:00:00Z,278,SVI-PFL,G-I,PFL,2025-11-13T17:00:00Z,1134.0
6952feb34500833d8701c795,LastPrize Series Best of 2025 No Top Cut,online,2025-12-30T23:35:00Z,73,SVI-PFL,G-I,PFL,2025-11-13T17:00:00Z,1134.583
6955746d4500833d8701e270,HAPPY NEW YEARS!!!,online,2025-12-31T22:00:00Z,64,SVI-PFL,G-I,PFL,2025-11-13T17:00:00Z,1157.0
694ee1334500833d87018dc0,🏆Moujii's Dojo🏆 (Late Registration Available!),online,2026-01-01T17:10:00Z,387,SVI-PFL,G-I,PFL,2025-11-13T17:00:00Z,1176.167
69558d63ba66621ba08af4cf,Darksiders New Years Toronto Tune Up! - 50 Codes,online,2026-01-01T20:10:00Z,180,SVI-PFL,G-I,PFL,2025-11-13T17:00:00Z,1179.167
694f284a4500833d87019541,Oceania Open! Season 1 - Week 3,online,2026-01-16T08:30:00Z,54,SVI-PFL,G-I,PFL,2025-11-13T17:00:00Z,1527.5
69616dcd4500833d87027f64,🇵🇱 Polish Playground Weekly #11 🇵🇱,online,2026-01-16T18:00:00Z,57,SVI-PFL,G-I,PFL,2025-11-13T17:00:00Z,1537.0
696706caba66621ba08bbbd5,ASRcristiano # 125 - Road to EUIC!,online,2026-01-16T20:00:00Z,167,SVI-PFL,G-I,PFL,2025-11-13T17:00:00Z,1539.0
6952c17fba66621ba08ad288,TOURNAMENT OF DOOM! Favorite Color?,online,2026-01-17T03:35:00Z,253,SVI-PFL,G-I,PFL,2025-11-13T17:00:00Z,1546.583
6969647c4500833d8702c6cf,🦇Nachtwache Tournament #7 100 Codes Prizing🦇,online,2026-01-17T17:00:00Z,91,SVI-PFL,G-I,PFL,2025-11-13T17:00:00Z,1560.0
6930c783e12a3ec4762804bc,MEGA Redacted #16 FINALE (100 Codes),online,2026-01-17T23:05:00Z,135,SVI-PFL,G-I,PFL,2025-11-13T17:00:00Z,1566.083
6930c8f01b3b036ef6db8f4d,MEGA Redacted 2nd Chance #16 FINALE (50 Codes),online,2026-01-18T00:30:00Z,66,SVI-PFL,G-I,PFL,2025-11-13T17:00:00Z,1567.5
6967b536ba66621ba08bbdd4,Jester's January Challenge - 2026!,online,2026-01-18T18:00:00Z,155,SVI-PFL,G-I,PFL,2025-11-13T17:00:00Z,1585.0
6925eb39b11d3f5498bc75b1,Mega Ditto! #14 (100 Codes),online,2026-01-18T23:00:00Z,216,SVI-PFL,G-I,PFL,2025-11-13T17:00:00Z,1590.0
6966799aba66621ba08bb380,🏆Moujii's Dojo🏆 (Late Registration Available!),online,2026-01-19T17:10:00Z,282,SVI-PFL,G-I,PFL,2025-11-13T17:00:00Z,1608.167
696d3f02b1294bfab7200f06,Pumpkaweekly,online,2026-01-19T19:00:00Z,183,SVI-PFL,G-I,PFL,2025-11-13T17:00:00Z,1610.0
6965bb5bba66621ba08bb0bd,Sunny's Weekly #240 The Matrix,online,2026-01-19T23:05:00Z,218,SVI-PFL,G-I,PFL,2025-11-13T17:00:00Z,1614.083
693744b5e12a3ec476283dd4,Gray's PokéLeague - Champion's Road #36,online,2026-01-20T16:00:00Z,96,SVI-PFL,G-I,PFL,2025-11-13T17:00:00Z,1631.0
6962c6c0ba66621ba08b93e4,LAST PRIZE SERIES – LAST CHANCE QUALIFIER!,online,2026-01-21T00:00:00Z,81,SVI-PFL,G-I,PFL,2025-11-13T17:00:00Z,1639.0
696e5fac9c739a2ff7bf36b0,The Lucky Draw Weekly #50,online,2026-01-21T00:00:00Z,107,SVI-PFL,G-I,PFL,2025-11-13T17:00:00Z,1639.0
696e57f1b1294bfab72015a0,The Lucky Draw Weekly #49,online,2026-01-21T17:00:00Z,206,SVI-PFL,G-I,PFL,2025-11-13T17:00:00Z,1656.0
69701b209c739a2ff7bf4720,ASRcristiano # 126 - Road to EUIC!,online,2026-01-21T20:00:00Z,147,SVI-PFL,G-I,PFL,2025-11-13T17:00:00Z,1659.0
696a6c15b1294bfab71ff116,🏆Moujii's Dojo🏆 (Late Registration Available!),online,2026-01-22T17:10:00Z,207,SVI-PFL,G-I,PFL,2025-11-13T17:00:00Z,1680.167
69701b499c739a2ff7bf4721,ASRcristiano # 127 - Road to EUIC!,online,2026-01-22T20:00:00Z,164,SVI-PFL,G-I,PFL,2025-11-13T17:00:00Z,1683.0
694f286b4500833d87019543,Oceania Open! Season 1 - Week 4,online,2026-01-23T08:30:00Z,50,SVI-PFL,G-I,PFL,2025-11-13T17:00:00Z,1695.5
6939cc751b3b036ef6dbe047,Turtwig Den Revival Series Challenge 21,online,2026-01-23T17:05:00Z,84,SVI-PFL,G-I,PFL,2025-11-13T17:00:00Z,1704.083
69701b69b1294bfab7202585,ASRcristiano # 128 - Road to EUIC!,online,2026-01-23T20:00:00Z,158,SVI-PFL,G-I,PFL,2025-11-13T17:00:00Z,1707.0
696fcb2b9c739a2ff7bf42f0,BZGC Online🔥 ~ Road to PR SPE,online,2026-01-24T00:00:00Z,54,SVI-PFL,G-I,PFL,2025-11-13T17:00:00Z,1711.0
6952c1b94500833d8701c077,TOURNAMENT OF DOOM! KITTY NAMES!,online,2026-01-24T03:35:00Z,350,SVI-PFL,G-I,PFL,2025-11-13T17:00:00Z,1714.583
696e0673b1294bfab7201486,好奇杯一月月赛国际（＄7 for top2）,online,2026-01-24T11:00:00Z,51,SVI-PFL,G-I,PFL,2025-11-13T17:00:00Z,1722.0
6930c991e12a3ec4762804c3,REDACTED DITTO LP INVITATIONAL,online,2026-01-24T23:05:00Z,63,SVI-PFL,G-I,PFL,2025-11-13T17:00:00Z,1734.083
696fd6acb1294bfab7202204,Tournoi amical LEAGUE canto N50°,online,2026-01-25T13:00:00Z,72,SVI-PFL,G-I,PFL,2025-11-13T17:00:00Z,1748.0
696b41e09c739a2ff7bf1dcc,Rare Candy Club Tournament #4,online,2026-01-26T01:00:00Z,289,SVI-PFL,G-I,PFL,2025-11-13T17:00:00Z,1760.0
696fbbc49c739a2ff7bf4247,🏆Moujii's Dojo🏆 (Late Registration Available!),online,2026-01-26T17:10:00Z,291,SVI-PFL,G-I,PFL,2025-11-13T17:00:00Z,1776.167
6976b77d9c739a2ff7bf7eb0,Pumpkaweekly,online,2026-01-26T19:00:00Z,192,SVI-PFL,G-I,PFL,2025-11-13T17:00:00Z,1778.0
696eadd99c739a2ff7bf3bd9,Sunny's Weekly #241 Snakes & Ladders!,online,2026-01-26T23:05:00Z,233,SVI-PFL,G-I,PFL,2025-11-13T17:00:00Z,1782.083
69777d78b1294bfab7206570,🏛💫 Card Temple Weekly Battles #42,online,2026-01-27T02:00:00Z,73,SVI-PFL,G-I,PFL,2025-11-13T17:00:00Z,1785.0
6978001e9c739a2ff7bf8b73,LAST PRIZE SERIES S2 – NEW SEASON CLASH,online,2026-01-28T00:15:00Z,197,SVI-PFL,G-I,PFL,2025-11-13T17:00:00Z,1807.25
6979c146b1294bfab72078ed,ASRcristiano # 129 - Road to EUIC!,online,2026-01-28T20:00:00Z,160,SVI-PFL,G-I,PFL,2025-11-13T17:00:00Z,1827.0
6979f2fc9c739a2ff7bf9857,Arrow Santiago Regional BO3 #1 (ASC NOT LEGAL),online,2026-01-28T23:05:00Z,84,SVI-PFL,G-I,PFL,2025-11-13T17:00:00Z,1830.083
6973a072b1294bfab7204123,🏆Moujii's Dojo🏆 (Late Registration Available!),online,2026-01-29T17:10:00Z,172,SVI-ASC,G-I,ASC,2026-01-29T17:00:00Z,0.167
6979c167b1294bfab72078ee,ASRcristiano # 130 - A.H. not legal!,online,2026-01-30T20:00:00Z,147,SVI-ASC,G-I,ASC,2026-01-29T17:00:00Z,27.0
6967d82b4500833d8702bb52,TOURNAMENT OF DOOM! BEST WATER STARTER!,online,2026-01-31T03:35:00Z,304,SVI-ASC,G-I,ASC,2026-01-29T17:00:00Z,34.583
69778a86b1294bfab72065b4,Redacted Heroes #1 (100 Codes),online,2026-01-31T23:05:00Z,162,SVI-ASC,G-I,ASC,2026-01-29T17:00:00Z,54.083
696e047c9c739a2ff7bf3577,Rare Candy Club Tournament #5 ASC HEROES LEGAL,online,2026-02-01T01:00:00Z,53,SVI-ASC,G-I,ASC,2026-01-29T17:00:00Z,56.0
6978dcf29c739a2ff7bf900f,🏆Moujii's Dojo🏆 (Late Registration Available!),online,2026-02-01T17:10:00Z,224,SVI-ASC,G-I,ASC,2026-01-29T17:00:00Z,72.167
697971349c739a2ff7bf96cf,Ascended Heroes! #1 ($100 + 200 Codes!),online,2026-02-01T23:00:00Z,351,SVI-ASC,G-I,ASC,2026-01-29T17:00:00Z,78.0
697b82fd9c739a2ff7bfa5f2,EUIC Prep #1- EUIC Format,online,2026-02-02T16:45:00Z,95,SVI-ASC,G-I,ASC,2026-01-29T17:00:00Z,95.75
697f7230287864eaf0dc2515,🏆Moujii's Dojo🏆 (Late Registration Available!),online,2026-02-02T17:10:00Z,134,SVI-ASC,G-I,ASC,2026-01-29T17:00:00Z,96.167
697f7f47bd2fb45595558679,Pumpkaweekly,online,2026-02-02T19:00:00Z,167,SVI-ASC,G-I,ASC,2026-01-29T17:00:00Z,98.0
6980d936287864eaf0dc3a09,🏛💫 Card Temple Weekly Battles #43,online,2026-02-03T02:05:00Z,58,SVI-ASC,G-I,ASC,2026-01-29T17:00:00Z,105.083
6994dca33ef65252b057165f,ASRcristiano # 134 - Road to Seville !,online,2026-02-18T20:00:00Z,118,SVI-ASC,G-I,ASC,2026-01-29T17:00:00Z,483.0
698be6066235e3ab106c0b65,🏆Moujii's Dojo🏆 (Late Registration Available!),online,2026-02-19T17:10:00Z,172,SVI-ASC,G-I,ASC,2026-01-29T17:00:00Z,504.167
6994dcd5c9dc8186f76070a4,ASRcristiano # 135 - Road to Seville ! ASC Legal,online,2026-02-19T20:00:00Z,100,SVI-ASC,G-I,ASC,2026-01-29T17:00:00Z,507.0
6997ddbcc9dc8186f760875e,The Dark League Live 50 CODES!!,online,2026-02-20T15:45:00Z,97,SVI-ASC,G-I,ASC,2026-01-29T17:00:00Z,526.75
6994dd0dc9dc8186f76070a6,ASRcristiano # 136 - Road to Seville !,online,2026-02-20T20:00:00Z,125,SVI-ASC,G-I,ASC,2026-01-29T17:00:00Z,531.0
6979378a9c739a2ff7bf937a,TOURNAMENT OF DOOM! SEATTLE BOUND!,online,2026-02-21T03:35:00Z,229,SVI-ASC,G-I,ASC,2026-01-29T17:00:00Z,538.583
69778e0a9c739a2ff7bf82b9,Redacted Heroes #4 (100 Codes),online,2026-02-21T23:05:00Z,150,SVI-ASC,G-I,ASC,2026-01-29T17:00:00Z,558.083
69931e8f545d43631df04711,Tournoi amical LEAGUE canto N51°,online,2026-02-22T13:00:00Z,53,SVI-ASC,G-I,ASC,2026-01-29T17:00:00Z,572.0
69998896c9dc8186f760930f,🦇Nachtwache Tournament #10 100 Codes Prizing🦇,online,2026-02-22T17:00:00Z,162,SVI-ASC,G-I,ASC,2026-01-29T17:00:00Z,576.0
6997c8f03ef65252b0572b7d,Oscar’s Competitive Events | First tournament!,online,2026-02-22T18:30:00Z,55,SVI-ASC,G-I,ASC,2026-01-29T17:00:00Z,577.5
69797a15b1294bfab7207797,Ascended Heroes! #4 (100 Codes),online,2026-02-22T23:00:00Z,168,SVI-ASC,G-I,ASC,2026-01-29T17:00:00Z,582.0
6993b4a1545d43631df04d5d,Rare Candy Club Showdown #8 ASC HEROES LEGAL,online,2026-02-23T01:00:00Z,74,SVI-ASC,G-I,ASC,2026-01-29T17:00:00Z,584.0
69384f09e12a3ec4762842f0,Gray's PokéLeague - Champion's Road #38,online,2026-02-23T16:00:00Z,89,SVI-ASC,G-I,ASC,2026-01-29T17:00:00Z,599.0
6998b0b2c9dc8186f7608c86,🏆Moujii's Dojo🏆 (Late Registration Available!),online,2026-02-23T17:10:00Z,144,SVI-ASC,G-I,ASC,2026-01-29T17:00:00Z,600.167
699b4a3a3ef65252b0574943,Pumpkaweekly strikes back,online,2026-02-23T19:00:00Z,128,SVI-ASC,G-I,ASC,2026-01-29T17:00:00Z,602.0
6993869f545d43631df04b88,Sunny's Weekly #245 The Space Needle! (ASC Legal),online,2026-02-23T23:05:00Z,176,SVI-ASC,G-I,ASC,2026-01-29T17:00:00Z,606.083
699ca4f13ef65252b057536d,🏛💫 Card Temple Weekly Battles #46,online,2026-02-24T02:00:00Z,61,SVI-ASC,G-I,ASC,2026-01-29T17:00:00Z,609.0
699d3b523ef65252b05758b0,🏆 Torneo Online | JuanmaTCG x Sidedeck | 24 FEB,online,2026-02-25T00:10:00Z,77,SVI-ASC,G-I,ASC,2026-01-29T17:00:00Z,631.167
6999e718c9dc8186f7609712,LAST PRIZE SERIES S2 - Seattle ASC No Legal,online,2026-02-25T00:15:00Z,154,SVI-ASC,G-I,ASC,2026-01-29T17:00:00Z,631.25
699f61943ef65252b0576464,T2TCG Wednesday Mickey! ASC LEGAL.,online,2026-02-26T01:00:00Z,69,SVI-ASC,G-I,ASC,2026-01-29T17:00:00Z,656.0
6998b1183ef65252b0572fee,🏆Moujii's Dojo🏆 (Late Registration Available!),online,2026-02-26T17:10:00Z,165,SVI-ASC,G-I,ASC,2026-01-29T17:00:00Z,672.167
699d116dc9dc8186f760b687,💥​Plantel Battle #18  ASC💥​100 CODES ✔️​ TOP 8,online,2026-02-26T23:00:00Z,107,SVI-ASC,G-I,ASC,2026-01-29T17:00:00Z,678.0
699cc7e6c9dc8186f760b27e,Vault Weekly Runs #5 🏆| 100 CODES | ASC LEGAL,online,2026-02-27T21:00:00Z,85,SVI-ASC,G-I,ASC,2026-01-29T17:00:00Z,700.0
699f90cfc9dc8186f760c374,🏆 Torneo Inauguración Sidedeck Online,online,2026-02-28T14:00:00Z,60,SVI-ASC,G-I,ASC,2026-01-29T17:00:00Z,717.0
699d5358c9dc8186f760b7ac,Dark league live tourney money+codes,online,2026-02-28T17:00:00Z,110,SVI-ASC,G-I,ASC,2026-01-29T17:00:00Z,720.0
69778edfb1294bfab72065cf,Redacted Heroes #5 (100 Codes),online,2026-02-28T23:05:00Z,129,SVI-ASC,G-I,ASC,2026-01-29T17:00:00Z,726.083
69797a519c739a2ff7bf9737,Ascended Heroes! #5 (100 Codes),online,2026-03-01T23:00:00Z,103,SVI-ASC,G-I,ASC,2026-01-29T17:00:00Z,750.0
699e13bcc9dc8186f760ba9a,Intercards: Late Night Session #02,online,2026-03-02T00:00:00Z,64,SVI-ASC,G-I,ASC,2026-01-29T17:00:00Z,751.0
699e4119c9dc8186f760bc39,Rare Candy Club Showdown #9 ASC HEROES LEGAL,online,2026-03-02T01:00:00Z,55,SVI-ASC,G-I,ASC,2026-01-29T17:00:00Z,752.0
699ddd67c9dc8186f760b8f0,🏆Moujii's Dojo🏆 (Late Registration Available!),online,2026-03-02T17:10:00Z,169,SVI-ASC,G-I,ASC,2026-01-29T17:00:00Z,768.167
69a49fd2d92ee137f4d1d9b8,Pumpkaweekly,online,2026-03-02T19:00:00Z,94,SVI-ASC,G-I,ASC,2026-01-29T17:00:00Z,770.0
699c8b3f3ef65252b057522d,Sunny's Weekly #246 Eight Who Do We Appreciate?,online,2026-03-02T23:05:00Z,163,SVI-ASC,G-I,ASC,2026-01-29T17:00:00Z,774.083
69a4778bd92ee137f4d1d73d,🏛💫 Card Temple Weekly Battles #47,online,2026-03-03T02:00:00Z,78,SVI-ASC,G-I,ASC,2026-01-29T17:00:00Z,777.0
69384f53e12a3ec4762842f2,Gray's PokéLeague - Champion's Road #39,online,2026-03-03T16:00:00Z,95,SVI-ASC,G-I,ASC,2026-01-29T17:00:00Z,791.0
69a622d6818e5fde7d817cfe,🏆 Torneo Gratuito Sidedeck Online 3 Marzo,online,2026-03-03T23:10:00Z,79,SVI-ASC,G-I,ASC,2026-01-29T17:00:00Z,798.167
699e79263ef65252b0575fde,LAST PRIZE SERIES S2 – MEGA ASCENDED HEROES,online,2026-03-04T00:05:00Z,150,SVI-ASC,G-I,ASC,2026-01-29T17:00:00Z,799.083
69a5c92b265a204acd5856de,ASRcristiano # 137 - Road to Seville !,online,2026-03-04T20:00:00Z,153,SVI-ASC,G-I,ASC,2026-01-29T17:00:00Z,819.0
69a32206d92ee137f4d1cc99,🏆Moujii's Dojo🏆 (Late Registration Available!),online,2026-03-05T17:10:00Z,157,SVI-ASC,G-I,ASC,2026-01-29T17:00:00Z,840.167
69a5c946265a204acd585732,ASRcristiano # 138 - Road to Seville !,online,2026-03-05T20:00:00Z,97,SVI-ASC,G-I,ASC,2026-01-29T17:00:00Z,843.0
69a5cbb9265a204acd585747,💥​Plantel Battle #19 ASC💥​100 CODES ✔️​ TOP 8,online,2026-03-05T23:00:00Z,72,SVI-ASC,G-I,ASC,2026-01-29T17:00:00Z,846.0
69a8ee506a05f00a8c4a4736,🏆 Torneo Clasificatorio Jueves 5 Marzo,online,2026-03-05T23:00:00Z,50,SVI-ASC,G-I,ASC,2026-01-29T17:00:00Z,846.0
69a691dc818e5fde7d817fd9,Rare Candy Club Showdown #10 ASC HEROES LEGAL,online,2026-03-06T01:00:00Z,73,SVI-ASC,G-I,ASC,2026-01-29T17:00:00Z,848.0
698fef6d545d43631df02a30,Oceania Open! Season 1 - Week 10,online,2026-03-06T08:30:00Z,50,SVI-ASC,G-I,ASC,2026-01-29T17:00:00Z,855.5
697250d5b1294bfab720361f,Turtwig Den Revival Series Cup 6,online,2026-03-06T17:05:00Z,87,SVI-ASC,G-I,ASC,2026-01-29T17:00:00Z,864.083
69a5c962265a204acd585735,ASRcristiano # 139 - Road to Seville !,online,2026-03-06T20:00:00Z,109,SVI-ASC,G-I,ASC,2026-01-29T17:00:00Z,867.0
69954a06c9dc8186f760750c,TOURNAMENT OF DOOM! Had a nice break....,online,2026-03-07T03:35:00Z,254,SVI-ASC,G-I,ASC,2026-01-29T17:00:00Z,874.583
69a9f4f6f39e6e70969fc9b5,Oscar’s Competitive Events | Second Tournament!,online,2026-03-07T21:30:00Z,100,SVI-ASC,G-I,ASC,2026-01-29T17:00:00Z,892.5
69baf3fad478313a15a2e654,Ascended Heroes! #7 (100 Codes),online,2026-03-22T22:00:00Z,76,SVI-ASC,G-I,ASC,2026-01-29T17:00:00Z,1253.0
69befd9cd478313a15a303e5,Rare Candy Club Showdown #15 (FINALE OF ROTATION),online,2026-03-23T00:00:00Z,64,SVI-ASC,G-I,ASC,2026-01-29T17:00:00Z,1255.0
69b97a769f81767f3e803f06,🏆Moujii's Dojo🏆 (Late Registration Available!),online,2026-03-23T16:10:00Z,145,SVI-ASC,G-I,ASC,2026-01-29T17:00:00Z,1271.167
69c09bc5d478313a15a31348,Pumpkaweekly,online,2026-03-23T19:00:00Z,104,SVI-ASC,G-I,ASC,2026-01-29T17:00:00Z,1274.0
69b8b841ccdfe3b78e575a9a,Sunny's Weekly #249 End of G Block,online,2026-03-23T22:05:00Z,130,SVI-ASC,G-I,ASC,2026-01-29T17:00:00Z,1277.083
69c1aa3d36f5b5c303dbc553,🏛💫 Card Temple Weekly Battles #50,online,2026-03-24T02:00:00Z,51,SVI-ASC,G-I,ASC,2026-01-29T17:00:00Z,1281.0
69a5e5b8818e5fde7d81792b,CHALLENGE OF DOOM! LAST OF THIS META!,online,2026-03-24T03:35:00Z,97,SVI-ASC,G-I,ASC,2026-01-29T17:00:00Z,1282.583
69bea1bc36f5b5c303dbab28,LAST PRIZE SERIES – Win a Pokepad Playset,online,2026-03-24T23:35:00Z,226,SVI-ASC,G-I,ASC,2026-01-29T17:00:00Z,1302.583
69c3eeeb36f5b5c303dbd308,ASRcristiano # 144 - Road to Seville !,online,2026-03-25T20:00:00Z,125,SVI-ASC,G-I,ASC,2026-01-29T17:00:00Z,1323.0
69c67e3336f5b5c303dbea35,ASRcristiano # 145 - POST ROTATION LEGAL,online,2026-03-27T20:00:00Z,66,TEF-POR,H-J,POR,2026-03-26T17:00:00Z,27.0
691e3039b11d3f5498bc26a0,CHAMPIONSHIPS OF DOOM! VIII,online,2026-03-28T15:00:00Z,341,TEF-POR,H-J,POR,2026-03-26T17:00:00Z,46.0
69a76e5f6a05f00a8c4a38ac,Redacted Heroes #9 (200 Codes),online,2026-03-28T22:05:00Z,124,TEF-POR,H-J,POR,2026-03-26T17:00:00Z,53.083
69c58d52d478313a15a336c7,Defenders Arena #9🏆|POST ROTATION | 100 CODES,online,2026-03-29T00:30:00Z,75,TEF-POR,H-J,POR,2026-03-26T17:00:00Z,55.5
69c45755d478313a15a32a95,🦇Nachtwache Post Rotation #12 100 Codes Prizing🦇,online,2026-03-29T15:00:00Z,118,TEF-POR,H-J,POR,2026-03-26T17:00:00Z,70.0
69a8e5a7f39e6e70969fc17c,Ascended Nexus! #8 (100 Codes),online,2026-03-29T22:00:00Z,162,TEF-POR,H-J,POR,2026-03-26T17:00:00Z,77.0
69c6aa89d478313a15a34044,🏆Moujii's Dojo🏆 (Late Registration Available!),online,2026-03-30T16:10:00Z,237,TEF-POR,H-J,POR,2026-03-26T17:00:00Z,95.167
69ca2d25d478313a15a37157,Belg Replacement tour,online,2026-03-30T18:00:00Z,82,TEF-POR,H-J,POR,2026-03-26T17:00:00Z,97.0
69c189fdd478313a15a31742,Sunny's Weekly #250 Is Live Ready for Launch Yet?,online,2026-03-30T22:05:00Z,179,TEF-POR,H-J,POR,2026-03-26T17:00:00Z,101.083
69ca954d36f5b5c303dc24a4,🏛💫 Card Temple Weekly Battles #52,online,2026-03-31T02:00:00Z,94,TEF-POR,H-J,POR,2026-03-26T17:00:00Z,105.0
697251ec9c739a2ff7bf5579,Turtwig Den Revival Series Regional 3,online,2026-03-31T16:05:00Z,155,TEF-POR,H-J,POR,2026-03-26T17:00:00Z,119.083
69c35c1bd478313a15a32370,Last Prize Season 2 Perfect Order Edition,online,2026-03-31T23:05:00Z,178,TEF-POR,H-J,POR,2026-03-26T17:00:00Z,126.083
69c2d69636f5b5c303dbcbff,N's Castle Showdown! Rotation is Here!!! 🔁,online,2026-04-01T17:00:00Z,194,TEF-POR,H-J,POR,2026-03-26T17:00:00Z,144.0
69cc270b36f5b5c303dc3999,ASRcristiano # 146 - POST ROTATION LEGAL,online,2026-04-01T19:00:00Z,138,TEF-POR,H-J,POR,2026-03-26T17:00:00Z,146.0
69c264c036f5b5c303dbca67,🏆Moujii's Dojo🏆 (Late Registration Available!),online,2026-04-02T16:10:00Z,252,TEF-POR,H-J,POR,2026-03-26T17:00:00Z,167.167
69cc272e36f5b5c303dc399a,ASRcristiano # 147 - POST ROTATION LEGAL,online,2026-04-02T19:00:00Z,139,TEF-POR,H-J,POR,2026-03-26T17:00:00Z,170.0
69c77c1636f5b5c303dbf7cc,Oceania Open!   |  Season 2 - Week 1,online,2026-04-03T08:30:00Z,70,TEF-POR,H-J,POR,2026-03-26T17:00:00Z,183.5
69c9a7ef36f5b5c303dc1bee,Pokemon TCG TOPDECK LEAGUE Online Reborn,online,2026-04-03T15:30:00Z,104,TEF-POR,H-J,POR,2026-03-26T17:00:00Z,190.5
69cfcb280e548b5c2fbe18f6,🦇Nachtwache Post Rotation #13 100 Codes Prizing🦇,online,2026-04-03T17:15:00Z,75,TEF-POR,H-J,POR,2026-03-26T17:00:00Z,192.25
69cc316a36f5b5c303dc39e8,⚡ Surge's TCG Vault Winner Takes All - TCG Live #1,online,2026-04-03T18:00:00Z,52,TEF-POR,H-J,POR,2026-03-26T17:00:00Z,193.0
69cc2759d478313a15a3858a,ASRcristiano # 148 - POST ROTATION LEGAL,online,2026-04-03T19:00:00Z,121,TEF-POR,H-J,POR,2026-03-26T17:00:00Z,194.0
69cac337d478313a15a37759,Vault Weekly Runs #10🏆|POST ROTATION|$5 USD PRIZE,online,2026-04-03T21:00:00Z,98,TEF-POR,H-J,POR,2026-03-26T17:00:00Z,196.0
69cab1db36f5b5c303dc26e5,TOURNAMENT OF DOOM! IT'S A NEW DAY!,online,2026-04-04T02:35:00Z,435,TEF-POR,H-J,POR,2026-03-26T17:00:00Z,201.583
69d0641e0e548b5c2fbe2588,🏆 Weekly Arena #7 | Win Pass | Top 8 Codes,online,2026-04-04T23:00:00Z,56,TEF-POR,H-J,POR,2026-03-26T17:00:00Z,222.0
69b05926f39e6e7096a00d91,RCC 500 MEMBERS | $50 USD PRIZE | NO ENTRY FEE,online,2026-04-05T00:00:00Z,323,TEF-POR,H-J,POR,2026-03-26T17:00:00Z,223.0
69cac80cd478313a15a377a1,Defenders Arena #10🏆|POST ROTATION|$5 USD PRIZING,online,2026-04-05T01:00:00Z,57,TEF-POR,H-J,POR,2026-03-26T17:00:00Z,224.0
69d00dfe800d329be2e71035,POST ROTATION Circuito TCG #2 | Z2 Gaming,online,2026-04-05T15:00:00Z,126,TEF-POR,H-J,POR,2026-03-26T17:00:00Z,238.0
69c4a32c36f5b5c303dbdb38,Tokyo Nation Bi-Weekly #1,online,2026-04-05T22:00:00Z,204,TEF-POR,H-J,POR,2026-03-26T17:00:00Z,245.0
69d2ac7f0e548b5c2fbe3f6e,Tcg Live Pop Up 5$ usd,online,2026-04-05T23:35:00Z,120,TEF-POR,H-J,POR,2026-03-26T17:00:00Z,246.583
69d350ed0e548b5c2fbe4633,野狐x好奇杯ptcg日常赛（国际环境)-64CODES,online,2026-04-06T11:30:00Z,50,TEF-POR,H-J,POR,2026-03-26T17:00:00Z,258.5
69d2a4fd0e548b5c2fbe3f3f,Pumpkaweekly,online,2026-04-06T18:00:00Z,266,TEF-POR,H-J,POR,2026-03-26T17:00:00Z,265.0
69cae57036f5b5c303dc2c49,Sunny's Weekly #251 The Sunfather,online,2026-04-06T22:05:00Z,256,TEF-POR,H-J,POR,2026-03-26T17:00:00Z,269.083
69d41c86800d329be2e7412a,Dark League Tcg Live Pop Up 5$Usd,online,2026-04-06T23:00:00Z,50,TEF-POR,H-J,POR,2026-03-26T17:00:00Z,270.0
69d3f86e800d329be2e73e67,🏛💫 Card Temple Weekly Battles #53,online,2026-04-07T02:00:00Z,102,TEF-POR,H-J,POR,2026-03-26T17:00:00Z,273.0
69d007970e548b5c2fbe1e64,Post-Rotation Clash - Last Prize Series,online,2026-04-07T23:05:00Z,240,TEF-POR,H-J,POR,2026-03-26T17:00:00Z,294.083
69d55eb50e548b5c2fbe5daf,Torneo Gratuito Aniversario Sidedeck 7 Abril,online,2026-04-08T00:00:00Z,79,TEF-POR,H-J,POR,2026-03-26T17:00:00Z,295.0
69d65ca0b9ec970afa605912,ASRcristiano # 149 - Road to Prague Regional,online,2026-04-08T19:00:00Z,156,TEF-POR,H-J,POR,2026-03-26T17:00:00Z,314.0
69e128c248d465883f714f1c,Monster Collectibles After Hours #2,online,2026-04-19T17:00:00Z,172,TEF-POR,H-J,POR,2026-03-26T17:00:00Z,576.0
69c94e1c36f5b5c303dc141f,Ascended Nexus! #9 (100 Codes),online,2026-04-19T22:00:00Z,193,TEF-POR,H-J,POR,2026-03-26T17:00:00Z,581.0
69e03b0b48d465883f714794,Rare Candy Club Showdown #19 (50 CODES),online,2026-04-20T00:00:00Z,123,TEF-POR,H-J,POR,2026-03-26T17:00:00Z,583.0
69e572bf78b359b789d678bb,RIP PIDGEOT :( T2TCG 100 codes,online,2026-04-20T01:45:00Z,53,TEF-POR,H-J,POR,2026-03-26T17:00:00Z,584.75
69e26fc978b359b789d64874,SEASAC League Challenge #8 (30 CODES),online,2026-04-20T11:30:00Z,78,TEF-POR,H-J,POR,2026-03-26T17:00:00Z,594.5
69e60ad748d465883f718a9a,Pumpkaweekly,online,2026-04-20T19:00:00Z,234,TEF-POR,H-J,POR,2026-03-26T17:00:00Z,602.0
69dd4d8948d465883f712c9d,Sunny's Weekly #253 Party Time in Prague!,online,2026-04-20T22:05:00Z,196,TEF-POR,H-J,POR,2026-03-26T17:00:00Z,605.083
69e54e3248d465883f7185c3,⚔️ MONDAYFUNDAY SHOWDOWN ⚔️,online,2026-04-21T02:00:00Z,99,TEF-POR,H-J,POR,2026-03-26T17:00:00Z,609.0
69e65a6b48d465883f718f13,🏛💫 Card Temple Weekly Battles #55,online,2026-04-21T02:00:00Z,58,TEF-POR,H-J,POR,2026-03-26T17:00:00Z,609.0
69e30a1748d465883f71677e,SEASAC League Challenge #9 (30 CODES),online,2026-04-21T11:30:00Z,72,TEF-POR,H-J,POR,2026-03-26T17:00:00Z,618.5
69e699f778b359b789d682f4,Dragapult Party - LastPrize Series (100 Codes),online,2026-04-21T23:35:00Z,227,TEF-POR,H-J,POR,2026-03-26T17:00:00Z,630.583
69e4ef0d48d465883f717ffc,Torneo Gratuito Sidedeck Online 21 Abril,online,2026-04-22T00:00:00Z,98,TEF-POR,H-J,POR,2026-03-26T17:00:00Z,631.0
69e4596b78b359b789d66a01,SEASAC Regional #1 (300 CODES),online,2026-04-22T11:30:00Z,87,TEF-POR,H-J,POR,2026-03-26T17:00:00Z,642.5
69d2e78a800d329be2e73457,Tokyo Nation Monthly #2,online,2026-04-22T23:00:00Z,179,TEF-POR,H-J,POR,2026-03-26T17:00:00Z,654.0
69e45a8f78b359b789d66a24,SEASAC League Challenge #10 (30 CODES),online,2026-04-23T11:30:00Z,78,TEF-POR,H-J,POR,2026-03-26T17:00:00Z,666.5
69e204ad78b359b789d64327,🏆Moujii's Dojo🏆 (Late Registration Available!),online,2026-04-23T16:10:00Z,259,TEF-POR,H-J,POR,2026-03-26T17:00:00Z,671.167
69e69c2048d465883f719400,💥​Plantel Battle #21 💥​100 CODES ✔️​ TOP 8,online,2026-04-23T23:00:00Z,163,TEF-POR,H-J,POR,2026-03-26T17:00:00Z,678.0
69c77f8236f5b5c303dbf7dd,Oceania Open! | Season 2 - Week 4,online,2026-04-24T09:30:00Z,61,TEF-POR,H-J,POR,2026-03-26T17:00:00Z,688.5
697252b19c739a2ff7bf557f,Turtwig Den Revival Series Challenge 31,online,2026-04-24T16:05:00Z,92,TEF-POR,H-J,POR,2026-03-26T17:00:00Z,695.083
69de302c78b359b789d61f91,⚡ Surge's TCG Vault Winner Takes All - TCG Live #4,online,2026-04-24T18:00:00Z,68,TEF-POR,H-J,POR,2026-03-26T17:00:00Z,697.0
69eb73b548d465883f71bb82,Vault Weekly Runs #13🏆|PRAGUE REGIONAL|50+ CODES,online,2026-04-24T21:00:00Z,65,TEF-POR,H-J,POR,2026-03-26T17:00:00Z,700.0
69cab6bb36f5b5c303dc2765,TOURNAMENT OF DOOM! BEST MEGA!,online,2026-04-25T02:35:00Z,377,TEF-POR,H-J,POR,2026-03-26T17:00:00Z,705.583
69e5f48048d465883f718a62,SEASAC League Challenge #11 (30 CODES),online,2026-04-25T11:30:00Z,66,TEF-POR,H-J,POR,2026-03-26T17:00:00Z,714.5
69c0199836f5b5c303dbb7eb,Redacted Heroes #12 (100 Codes),online,2026-04-25T22:05:00Z,187,TEF-POR,H-J,POR,2026-03-26T17:00:00Z,725.083
69ea14d878b359b789d69ee5,Monster Collectibles After Hours #3,online,2026-04-26T17:00:00Z,121,TEF-POR,H-J,POR,2026-03-26T17:00:00Z,744.0
69c94f8bd478313a15a36404,Ascended Nexus! #10 (100 Codes),online,2026-04-26T22:00:00Z,163,TEF-POR,H-J,POR,2026-03-26T17:00:00Z,749.0
69e86a5078b359b789d6939c,Rare Candy Club Showdown #20 (50 CODES),online,2026-04-27T00:00:00Z,123,TEF-POR,H-J,POR,2026-03-26T17:00:00Z,751.0
69e9be0148d465883f71ac10,SEASAC League Cup #3 (100 CODES),online,2026-04-27T11:30:00Z,100,TEF-POR,H-J,POR,2026-03-26T17:00:00Z,762.5
69eb8d3e48d465883f71bccc,🏆Moujii's Dojo🏆 (Late Registration Available!),online,2026-04-27T18:10:00Z,237,TEF-POR,H-J,POR,2026-03-26T17:00:00Z,769.167
69ef09a50dbc80f3c21e9997,Pumpkaweekly,online,2026-04-27T20:00:00Z,76,TEF-POR,H-J,POR,2026-03-26T17:00:00Z,771.0
69e5409148d465883f718547,Sunny's Weekly #254 Get in the Zone! Magnezone!,online,2026-04-27T22:05:00Z,180,TEF-POR,H-J,POR,2026-03-26T17:00:00Z,773.083
69ef98dee23aab068aad380d,💫 Card Temple Weekly Battles #56,online,2026-04-28T02:00:00Z,110,TEF-POR,H-J,POR,2026-03-26T17:00:00Z,777.0
69e87a7348d465883f71a3d6,SEASAC League Challenge #12 (30 CODES),online,2026-04-28T12:00:00Z,81,TEF-POR,H-J,POR,2026-03-26T17:00:00Z,787.0
69ee835463e53b0bb0b70194,HydraTCG Serbia online tournament v2 (codes),online,2026-04-28T19:00:00Z,135,TEF-POR,H-J,POR,2026-03-26T17:00:00Z,794.0
69f0de9fe23aab068aad4449,Perfer Order Format - Last Prize Season 2,online,2026-04-28T23:30:00Z,164,TEF-POR,H-J,POR,2026-03-26T17:00:00Z,798.5
69f11b90e23aab068aad48d9,Torneo Gratuito Sidedeck Online 28 Abril,online,2026-04-29T00:00:00Z,74,TEF-POR,H-J,POR,2026-03-26T17:00:00Z,799.0
69ea4c0a78b359b789d6a1ca,SEASAC League Challenge #13 (30 CODES),online,2026-04-29T11:30:00Z,78,TEF-POR,H-J,POR,2026-03-26T17:00:00Z,810.5
69e8b5f878b359b789d69476,PokeMagee weekly FIRST EVER TOURNAMENT,online,2026-04-29T18:00:00Z,73,TEF-POR,H-J,POR,2026-03-26T17:00:00Z,817.0
69f1f2d24f71d664893e6fb2,ASRcristiano # 155 - Road to Turin Special,online,2026-04-29T19:00:00Z,111,TEF-POR,H-J,POR,2026-03-26T17:00:00Z,818.0
69eae51348d465883f71b815,SEASAC League Challenge #14 (30 CODES),online,2026-04-30T11:30:00Z,81,TEF-POR,H-J,POR,2026-03-26T17:00:00Z,834.5
69eb8d9948d465883f71bcd3,🏆Moujii's Dojo🏆 (Late Registration Available!),online,2026-04-30T16:10:00Z,200,TEF-POR,H-J,POR,2026-03-26T17:00:00Z,839.167
69f1f2f84f71d664893e6fc6,ASRcristiano # 156 - Road to Turin Special,online,2026-04-30T19:00:00Z,132,TEF-POR,H-J,POR,2026-03-26T17:00:00Z,842.0
69ed5e502c2dde355260a31d,Gamers Alley Weekly 300 Codes,online,2026-04-30T23:00:00Z,107,TEF-POR,H-J,POR,2026-03-26T17:00:00Z,846.0
69e311d978b359b789d654b7,Oceania Open! | Season 2 - Week 5,online,2026-05-01T09:30:00Z,81,TEF-POR,H-J,POR,2026-03-26T17:00:00Z,856.5
697252cab1294bfab7203637,Turtwig Den Revival Series Cup 7,online,2026-05-01T16:05:00Z,111,TEF-POR,H-J,POR,2026-03-26T17:00:00Z,863.083
69e608b248d465883f718a90,⚡ Surge's TCG Vault Winner Takes All - TCG Live #5,online,2026-05-01T18:00:00Z,103,TEF-POR,H-J,POR,2026-03-26T17:00:00Z,865.0
69e8c29448d465883f71a4df,🏆Ling TV ARENA🏆- SPECIAL PRICE,online,2026-05-01T18:30:00Z,56,TEF-POR,H-J,POR,2026-03-26T17:00:00Z,865.5
69e64cd178b359b789d67f05,Torneo Online PTCGL AC Gratuito #2,online,2026-05-02T00:30:00Z,55,TEF-POR,H-J,POR,2026-03-26T17:00:00Z,871.5
69eb924f78b359b789d6adf6,TOURNAMENT OF DOOM! THE SEARCH FOR....,online,2026-05-02T02:35:00Z,374,TEF-POR,H-J,POR,2026-03-26T17:00:00Z,873.583
69f58026e23aab068aad8078,SEASAC League Challenge #15 (30 CODES),online,2026-05-02T11:30:00Z,68,TEF-POR,H-J,POR,2026-03-26T17:00:00Z,882.5
69dc0f4548d465883f711e14,🦇Nachtwache #17 Season 1|100 Codes Prizing🦇,online,2026-05-02T14:00:00Z,67,TEF-POR,H-J,POR,2026-03-26T17:00:00Z,885.0
69dc0f5848d465883f711e15,🦇Nachtwache #18 Season 1|100 Codes Prizing🦇,online,2026-05-02T16:00:00Z,80,TEF-POR,H-J,POR,2026-03-26T17:00:00Z,887.0
69e4f52248d465883f718019,Redacted Heroes #13 (100 Codes),online,2026-05-02T22:05:00Z,166,TEF-POR,H-J,POR,2026-03-26T17:00:00Z,893.083
69eb7d0078b359b789d6ad34,Defenders Arena #13🏆|L.A REGIONAL PREP|50+ CODES,online,2026-05-03T00:00:00Z,79,TEF-POR,H-J,POR,2026-03-26T17:00:00Z,895.0
69f23003e23aab068aad5364,SEASAC League Cup #4 (100 CODES),online,2026-05-03T11:30:00Z,129,TEF-POR,H-J,POR,2026-03-26T17:00:00Z,906.5
69f4bd75e23aab068aad7131,Monster Collectibles After Hours #4,online,2026-05-03T17:00:00Z,149,TEF-POR,H-J,POR,2026-03-26T17:00:00Z,912.0
69f74c70e23aab068aad9a7f,Redacted Heroes Open Cup,online,2026-05-03T22:00:00Z,197,TEF-POR,H-J,POR,2026-03-26T17:00:00Z,917.0
69f0ea064f71d664893e6657,Rare Candy Club Showdown #21 (50 CODES),online,2026-05-04T00:00:00Z,129,TEF-POR,H-J,POR,2026-03-26T17:00:00Z,919.0
69f7b19d4f71d664893ebb8d,Pumpkaweekly,online,2026-05-04T18:00:00Z,137,TEF-POR,H-J,POR,2026-03-26T17:00:00Z,937.0
69f0ef394f71d664893e6676,🏆Moujii's Dojo🏆 (Late Registration Available!),online,2026-05-04T18:10:00Z,237,TEF-POR,H-J,POR,2026-03-26T17:00:00Z,937.167
69efb755e23aab068aad3a72,Sunny's Weekly #255 May the 4th be with You!,online,2026-05-04T22:05:00Z,190,TEF-POR,H-J,POR,2026-03-26T17:00:00Z,941.083
69f8b1a7e23aab068aada84d,🏛💫 Card Temple Weekly Battles #57,online,2026-05-05T02:00:00Z,75,TEF-POR,H-J,POR,2026-03-26T17:00:00Z,945.0
69cab8a6d478313a15a3766c,CHALLENGE OF DOOM! WORST SOUND IN THE WORLD?,online,2026-05-05T03:35:00Z,128,TEF-POR,H-J,POR,2026-03-26T17:00:00Z,946.583
69f4194ae23aab068aad6a06,SEASAC League Challenge #16 (30 CODES),online,2026-05-05T11:30:00Z,96,TEF-POR,H-J,POR,2026-03-26T17:00:00Z,954.5
69f5fcfce23aab068aad84d5,Hydra TCG Serbia online tournament v3 (codes),online,2026-05-05T19:00:00Z,158,TEF-POR,H-J,POR,2026-03-26T17:00:00Z,962.0
69f3c02c4f71d664893e8327,LastPrize Series (100 Codes Prize Pool),online,2026-05-05T23:35:00Z,196,TEF-POR,H-J,POR,2026-03-26T17:00:00Z,966.583
69f442124f71d664893e8a93,Torneo Gratuito Sidedeck Online 5 Mayo,online,2026-05-06T00:00:00Z,102,TEF-POR,H-J,POR,2026-03-26T17:00:00Z,967.0
69f9d5724f71d664893ed74c,SEASAC League Challenge #17 (30 CODES),online,2026-05-06T11:30:00Z,76,TEF-POR,H-J,POR,2026-03-26T17:00:00Z,978.5
69f8f8ee4f71d664893ecca1,PokeMagee weekly Week #2,online,2026-05-06T18:00:00Z,98,TEF-POR,H-J,POR,2026-03-26T17:00:00Z,985.0
69fb3abc4f71d664893ee510,ASRcristiano # 157 - Road to Turin Special,online,2026-05-06T19:00:00Z,129,TEF-POR,H-J,POR,2026-03-26T17:00:00Z,986.0
69f41eaf4f71d664893e891d,SEASAC League Challenge #18 (30 CODES),online,2026-05-07T11:30:00Z,97,TEF-POR,H-J,POR,2026-03-26T17:00:00Z,1002.5
69f553544f71d664893e99f0,🏆Moujii's Dojo🏆 (Late Registration Available!),online,2026-05-07T16:10:00Z,197,TEF-POR,H-J,POR,2026-03-26T17:00:00Z,1007.167
69fb3adc4f71d664893ee513,ASRcristiano # 158 - Road to Turin Special,online,2026-05-07T19:15:00Z,156,TEF-POR,H-J,POR,2026-03-26T17:00:00Z,1010.25
69f0df364f71d664893e65fe,💥​Plantel Battle #22 💥​100 CODES ✔️​ TOP 8,online,2026-05-07T23:00:00Z,104,TEF-POR,H-J,POR,2026-03-26T17:00:00Z,1014.0
69e311e948d465883f7167a2,Oceania Open! | Season 2 - Week 6,online,2026-05-08T09:30:00Z,76,TEF-POR,H-J,POR,2026-03-26T17:00:00Z,1024.5
69de303f78b359b789d61f92,⚡ Surge's Winner Takes All - TCGLive#6,online,2026-05-08T18:00:00Z,86,TEF-POR,H-J,POR,2026-03-26T17:00:00Z,1033.0
69eb980548d465883f71bd66,TOURNAMENT OF DOOM! Is.....,online,2026-05-09T02:35:00Z,257,TEF-POR,H-J,POR,2026-03-26T17:00:00Z,1041.583
69fc1fb34f71d664893eefd5,SEASAC League Challenge #19 (30 CODES),online,2026-05-09T11:30:00Z,59,TEF-POR,H-J,POR,2026-03-26T17:00:00Z,1050.5
69fee88e13f957d6d4b43460,🏆Ling TV ARENA🏆- SPECIAL PRICE,online,2026-05-09T18:30:00Z,75,TEF-POR,H-J,POR,2026-03-26T17:00:00Z,1057.5
69f9383e4f71d664893ed246,Trainers Travel Weekly #1 |$100 OR Free Hotel,online,2026-05-09T22:00:00Z,232,TEF-POR,H-J,POR,2026-03-26T17:00:00Z,1061.0
69fe0e66461536448f7a7afb,SEASAC League Challenge #20 (30 CODES),online,2026-05-10T11:30:00Z,53,TEF-POR,H-J,POR,2026-03-26T17:00:00Z,1074.5
6a00a224dfbdf089cbbd71a7,CardHUB Tournament,online,2026-05-10T19:30:00Z,63,TEF-POR,H-J,POR,2026-03-26T17:00:00Z,1082.5
69fb9dc04f71d664893eea8b,Rare Candy Club Showdown #22 (50 CODES),online,2026-05-11T00:00:00Z,95,TEF-POR,H-J,POR,2026-03-26T17:00:00Z,1087.0
69f4579be23aab068aad6b4a,SEASAC Regional #2 | $25 PRIZE | FREE ENTRY,online,2026-05-11T11:30:00Z,109,TEF-POR,H-J,POR,2026-03-26T17:00:00Z,1098.5
69fa0db04f71d664893ed8b4,🏆Moujii's Dojo🏆 (Late Registration Available!),online,2026-05-11T16:10:00Z,182,TEF-POR,H-J,POR,2026-03-26T17:00:00Z,1103.167
6a00e0c0dfbdf089cbbd7654,Pumpkaweekly,online,2026-05-11T18:00:00Z,125,TEF-POR,H-J,POR,2026-03-26T17:00:00Z,1105.0
69f911d8e23aab068aadafe5,Sunny's Weekly #256 Ciphermaniac’s 256-Bit Gaming!,online,2026-05-11T22:05:00Z,171,TEF-POR,H-J,POR,2026-03-26T17:00:00Z,1109.083
69f3a781e23aab068aad6244,🇧🇷 Hit Cup #5 |  TCG Live,online,2026-05-12T00:00:00Z,62,TEF-POR,H-J,POR,2026-03-26T17:00:00Z,1111.0
6a01d5f2dfbdf089cbbd7da0,🏛💫 Card Temple Weekly Battles #58,online,2026-05-12T02:00:00Z,114,TEF-POR,H-J,POR,2026-03-26T17:00:00Z,1113.0
69fe0e8e2b59cd9b66b270a4,SEASAC League Challenge #21 (30 CODES),online,2026-05-12T11:30:00Z,84,TEF-POR,H-J,POR,2026-03-26T17:00:00Z,1122.5
6a027c0adfbdf089cbbd87cf,Last Chance- Last Prize Season 2,online,2026-05-12T23:35:00Z,133,TEF-POR,H-J,POR,2026-03-26T17:00:00Z,1134.583
6a0db16413f957d6d4b4bd16,ASRcristiano # 160 - Road to Turin Special,online,2026-05-21T19:00:00Z,84,TEF-CRI,H-J,CRI,2026-05-21T17:00:00Z,2.0
69fdf81a2b59cd9b66b26f6d,⚡ Surge's TCG Vault Winner Takes All - TCG Live #8,online,2026-05-22T18:00:00Z,84,TEF-CRI,H-J,CRI,2026-05-21T17:00:00Z,25.0
6a0db187dfbdf089cbbddd10,ASRcristiano # 161 - Road to Turin Special,online,2026-05-22T19:00:00Z,68,TEF-CRI,H-J,CRI,2026-05-21T17:00:00Z,26.0
6a0b657adfbdf089cbbdcdb1,Vault Weekly #15🏆|NA INTERNATIONAL PREP|50+ CODES,online,2026-05-22T21:00:00Z,68,TEF-CRI,H-J,CRI,2026-05-21T17:00:00Z,28.0
69f4c2e74f71d664893e8ef9,"TOURNAMENT OF DOOM! YES, CHAOS!",online,2026-05-23T02:35:00Z,284,TEF-CRI,H-J,CRI,2026-05-21T17:00:00Z,33.583
6a08895ddfbdf089cbbdb67d,SEASAC League Challenge #5 [50 CODES],online,2026-05-23T11:30:00Z,71,TEF-CRI,H-J,CRI,2026-05-21T17:00:00Z,42.5
6a09011713f957d6d4b49caf,Redacted Chaos #1 (100 Codes),online,2026-05-23T20:00:00Z,99,TEF-CRI,H-J,CRI,2026-05-21T17:00:00Z,51.0
6a0dfdc813f957d6d4b4bfb4,Trainers Travel Weekly #3 POR $100 OR Free Hotel,online,2026-05-23T22:00:00Z,170,TEF-CRI,H-J,CRI,2026-05-21T17:00:00Z,53.0
6a0902c213f957d6d4b49cca,Redacted Chaos 2nd Chance #1 (50 Codes),online,2026-05-23T23:30:00Z,79,TEF-CRI,H-J,CRI,2026-05-21T17:00:00Z,54.5
6a0ae8dedfbdf089cbbdc90e,SEASAC League Challenge #6 [50 CODES],online,2026-05-24T11:30:00Z,100,TEF-CRI,H-J,CRI,2026-05-21T17:00:00Z,66.5
6a1051be0f6c1f089985e5c5,Monster collectibles after hours #6,online,2026-05-24T17:00:00Z,102,TEF-CRI,H-J,CRI,2026-05-21T17:00:00Z,72.0
6a0c882813f957d6d4b4b701,Turn Zero Rising! #1 (200 Codes),online,2026-05-24T22:00:00Z,181,TEF-CRI,H-J,CRI,2026-05-21T17:00:00Z,77.0
6a0d4df7dfbdf089cbbddba5,Rare Candy Club Showdown #25 (CHAOS RISING LEGAL),online,2026-05-25T00:00:00Z,140,TEF-CRI,H-J,CRI,2026-05-21T17:00:00Z,79.0
6a0ae95213f957d6d4b4ab3a,SEASAC League Challenge #7 [50 CODES],online,2026-05-25T11:30:00Z,101,TEF-CRI,H-J,CRI,2026-05-21T17:00:00Z,90.5
6a0c908513f957d6d4b4b729,🏆Moujii's Dojo🏆 (Late Registration Available!),online,2026-05-25T16:10:00Z,260,TEF-CRI,H-J,CRI,2026-05-21T17:00:00Z,95.167
6a1353ec0f6c1f0899860401,Pumpkaweekly,online,2026-05-25T18:00:00Z,127,TEF-CRI,H-J,CRI,2026-05-21T17:00:00Z,97.0
6a0f117913f957d6d4b4c5f5,ARTEUS TCG - MONDAY LEGENDS,online,2026-05-25T22:00:00Z,52,TEF-CRI,H-J,CRI,2026-05-21T17:00:00Z,101.0
6a0b5f2913f957d6d4b4ae56,Sunny's Weekly #258 Sunny's Birthday Bash!,online,2026-05-25T22:05:00Z,170,TEF-CRI,H-J,CRI,2026-05-21T17:00:00Z,101.083
6a147c168c163b809799713a,🏛💫 Card Temple Weekly Battles #60,online,2026-05-26T02:00:00Z,62,TEF-CRI,H-J,CRI,2026-05-21T17:00:00Z,105.0
69ffcd8fdfbdf089cbbd68d6,CHALLENGE OF DOOM! TRY'S REALLY HARD!,online,2026-05-26T03:35:00Z,128,TEF-CRI,H-J,CRI,2026-05-21T17:00:00Z,106.583
6a0ae9ecdfbdf089cbbdc912,SEASAC League Challenge #8 [50 CODES],online,2026-05-26T11:30:00Z,95,TEF-CRI,H-J,CRI,2026-05-21T17:00:00Z,114.5
697253489c739a2ff7bf5585,Turtwig Den Revival Series Challenge 35,online,2026-05-26T16:05:00Z,101,TEF-CRI,H-J,CRI,2026-05-21T17:00:00Z,119.083
6a15ca7b8c163b8097997ceb,⚡ Surge's TCG Vault Winner Takes All - 50 Codes,online,2026-05-26T17:45:00Z,58,TEF-CRI,H-J,CRI,2026-05-21T17:00:00Z,120.75
6a09ede013f957d6d4b4a556,Chaos Rising LAST PRIZE SERIES Season 3,online,2026-05-26T23:35:00Z,216,TEF-CRI,H-J,CRI,2026-05-21T17:00:00Z,126.583
6a15cf0d0f6c1f08998617d7,Torneo Gratuito Sidedeck Online 26 Mayo,online,2026-05-27T00:00:00Z,94,TEF-CRI,H-J,CRI,2026-05-21T17:00:00Z,127.0
6a088a12dfbdf089cbbdb684,SEASAC League Challenge #9 [50 CODES],online,2026-05-27T11:30:00Z,72,TEF-CRI,H-J,CRI,2026-05-21T17:00:00Z,138.5
6a16fccf8c163b80979985da,⚡ Surge's TCG Vault Winner Takes All - 50 Codes,online,2026-05-27T17:00:00Z,76,TEF-CRI,H-J,CRI,2026-05-21T17:00:00Z,144.0
6a134a350f6c1f08998603b6,🏆 PokeMagee weekly 🤙week #5,online,2026-05-27T18:00:00Z,72,TEF-CRI,H-J,CRI,2026-05-21T17:00:00Z,145.0
6a16fecd0f6c1f089986214c,Hideout TCG ptcgl cash tournamnet $20.00 (chaos✓),online,2026-05-27T21:00:00Z,92,TEF-CRI,H-J,CRI,2026-05-21T17:00:00Z,148.0
6a088a6adfbdf089cbbdb685,SEASAC League Challenge #10 [50 CODES],online,2026-05-28T11:30:00Z,72,TEF-CRI,H-J,CRI,2026-05-21T17:00:00Z,162.5
6a0f9b31dfbdf089cbbdec47,🏆Moujii's Dojo🏆 (Late Registration Available!),online,2026-05-28T16:15:00Z,186,TEF-CRI,H-J,CRI,2026-05-21T17:00:00Z,167.25
6a183bec0f6c1f0899862992,ASRcristiano # 162 - Road to Turin Special,online,2026-05-28T19:00:00Z,117,TEF-CRI,H-J,CRI,2026-05-21T17:00:00Z,170.0
6a15f7da8c163b8097997eb4,💥​Plantel Battle #24 CHAOS 💥​100 CODES ✔️​ TOP 8,online,2026-05-28T23:00:00Z,107,TEF-CRI,H-J,CRI,2026-05-21T17:00:00Z,174.0
69e3128478b359b789d654ba,Oceania Open! | Season 2 - Week 9,online,2026-05-29T09:30:00Z,78,TEF-CRI,H-J,CRI,2026-05-21T17:00:00Z,184.5
6a11f9e58c163b8097995c8d,Corna Testing Grounds,online,2026-05-29T16:00:00Z,60,TEF-CRI,H-J,CRI,2026-05-21T17:00:00Z,191.0
69fdf8222b59cd9b66b26f6e,⚡ Surge's TCG Vault Winner Takes All - TCG Live #9,online,2026-05-29T18:05:00Z,108,TEF-CRI,H-J,CRI,2026-05-21T17:00:00Z,193.083
6a183c0c0f6c1f0899862994,ASRcristiano # 163 - Road to Turin Special,online,2026-05-29T19:00:00Z,67,TEF-CRI,H-J,CRI,2026-05-21T17:00:00Z,194.0
6a1393938c163b8097996a8d,"1º Liga Gladiators #Curitiba $30,00 + 100 Códigos.",online,2026-05-29T22:30:00Z,57,TEF-CRI,H-J,CRI,2026-05-21T17:00:00Z,197.5
6a1777d18c163b8097998ac4,Redacted Chaos #2 (100 Codes),online,2026-05-29T23:03:00Z,72,TEF-CRI,H-J,CRI,2026-05-21T17:00:00Z,198.05
69f4c3264f71d664893e8efe,TOURNAMENT OF DOOM! SOON! SOON! SOON!,online,2026-05-30T02:35:00Z,289,TEF-CRI,H-J,CRI,2026-05-21T17:00:00Z,201.583
6a18254a8c163b8097998d06,SEASAC League Cup #1 [200 CODES],online,2026-05-30T11:30:00Z,100,TEF-CRI,H-J,CRI,2026-05-21T17:00:00Z,210.5
6a1aef7856b11a587a943ac8,⚡ Surge's TCG Vault Winner Takes All - 50 Codes,online,2026-05-30T17:55:00Z,65,TEF-CRI,H-J,CRI,2026-05-21T17:00:00Z,216.917
6a1778248c163b8097998ac6,Redacted Chaos 2nd Chance #2 (50 Codes),online,2026-05-30T23:00:00Z,96,TEF-CRI,H-J,CRI,2026-05-21T17:00:00Z,222.0
6a19b01c56b11a587a942c2a,SEASAC League Challenge #11 [50 CODES],online,2026-05-31T11:30:00Z,93,TEF-CRI,H-J,CRI,2026-05-21T17:00:00Z,234.5
6a1358470f6c1f089986042b,Monster Collectibles After Hours #7,online,2026-05-31T17:00:00Z,129,TEF-CRI,H-J,CRI,2026-05-21T17:00:00Z,240.0
6a17753a0f6c1f08998626af,Rare Candy Club Showdown #26 (CHAOS RISING LEGAL),online,2026-06-01T00:00:00Z,181,TEF-CRI,H-J,CRI,2026-05-21T17:00:00Z,247.0
6a19b03b47f3797bf6ba675e,SEASAC League Challenge #12 [50 CODES],online,2026-06-01T11:30:00Z,83,TEF-CRI,H-J,CRI,2026-05-21T17:00:00Z,258.5
6a15d93e8c163b8097997d76,🏆Moujii's Dojo🏆 (Late Registration Available!),online,2026-06-01T16:10:00Z,170,TEF-CRI,H-J,CRI,2026-05-21T17:00:00Z,263.167
6a1caab256b11a587a944fcf,Pumpkaweekly,online,2026-06-01T18:00:00Z,91,TEF-CRI,H-J,CRI,2026-05-21T17:00:00Z,265.0
6a25dbc447f3797bf6baea2a,⚡ Surge's TCG Vault Winner Takes All - 50 Codes,online,2026-06-09T17:00:00Z,91,TEF-CRI,H-J,CRI,2026-05-21T17:00:00Z,456.0
6a1ddfda56b11a587a945bee,Cypher Circuit Series Season Two- Torneo #3,online,2026-06-09T23:00:00Z,67,TEF-CRI,H-J,CRI,2026-05-21T17:00:00Z,462.0
6a1fa4b756b11a587a947287,PRE NAIC LAST PRIZE SERIES,online,2026-06-09T23:35:00Z,143,TEF-CRI,H-J,CRI,2026-05-21T17:00:00Z,462.583
6a2896afe334c3c9befd28c3,Torneo Gratuito Sidedeck Online 9 Junio,online,2026-06-10T00:00:00Z,50,TEF-CRI,H-J,CRI,2026-05-21T17:00:00Z,463.0
6a25806556b11a587a94b5c0,SEASAC League Challenge #18 [50 CODES],online,2026-06-10T11:30:00Z,96,TEF-CRI,H-J,CRI,2026-05-21T17:00:00Z,474.5
6a25dbf947f3797bf6baea2b,⚡ Surge's TCG Vault Winner Takes All - 50 Codes,online,2026-06-10T17:00:00Z,95,TEF-CRI,H-J,CRI,2026-05-21T17:00:00Z,480.0
6a25ca2f47f3797bf6bae96c,🏆PokeMagee weekly⚠️  Week #7 NAIC TESTING,online,2026-06-10T18:00:00Z,76,TEF-CRI,H-J,CRI,2026-05-21T17:00:00Z,481.0
6a2889862d97f3b0c26127ac,Hideout TCG ptcgl cash tournament $10.00 #4,online,2026-06-10T21:10:00Z,83,TEF-CRI,H-J,CRI,2026-05-21T17:00:00Z,484.167
6a25808d47f3797bf6bae5cf,SEASAC League Challenge #19 [50 CODES],online,2026-06-11T11:30:00Z,81,TEF-CRI,H-J,CRI,2026-05-21T17:00:00Z,498.5
6a26df6747f3797bf6baf1e7,🏆Moujii's Dojo🏆 (Late Registration Available!),online,2026-06-11T16:10:00Z,135,TEF-CRI,H-J,CRI,2026-05-21T17:00:00Z,503.167
6a25dbe056b11a587a94ba4c,⚡ Surge's TCG Vault Winner Takes All - 50 Codes,online,2026-06-11T17:45:00Z,63,TEF-CRI,H-J,CRI,2026-05-21T17:00:00Z,504.75
6a29ff7fe334c3c9befd3883,💥​Plantel Battle #25 CHAOS 💥​100 CODES ✔️​ TOP 8,online,2026-06-11T23:00:00Z,72,TEF-CRI,H-J,CRI,2026-05-21T17:00:00Z,510.0
69e3128d48d465883f7167a7,Oceania Open! | Season 2 - Week 11,online,2026-06-12T09:30:00Z,64,TEF-CRI,H-J,CRI,2026-05-21T17:00:00Z,520.5
6a269a5247f3797bf6baf006,Team Corna Weekly #2,online,2026-06-12T16:00:00Z,65,TEF-CRI,H-J,CRI,2026-05-21T17:00:00Z,527.0
6a0b675713f957d6d4b4aecf,⚡ Surge's TCG Vault Winner Takes All TCG Live #11,online,2026-06-12T18:00:00Z,71,TEF-CRI,H-J,CRI,2026-05-21T17:00:00Z,529.0
6a19c0ff56b11a587a942cd3,TOURNAMENT OF DOOM! BACK TO STAYING UP ALL NIGHT!,online,2026-06-13T02:35:00Z,266,TEF-CRI,H-J,CRI,2026-05-21T17:00:00Z,537.583
6a2baf7c2d97f3b0c26147c1,SEASAC League Cup #3 [150 CODES],online,2026-06-13T11:30:00Z,85,TEF-CRI,H-J,CRI,2026-05-21T17:00:00Z,546.5
6a2cae432d97f3b0c2615295,⚡ Surge's TCG Vault Winner Takes All - 50 Codes,online,2026-06-13T17:15:00Z,104,TEF-CRI,H-J,CRI,2026-05-21T17:00:00Z,552.25
6a2d9bf0e334c3c9befd5bfa,Rare Candy Club Showdown #28 (50 CODES),online,2026-06-14T00:00:00Z,85,TEF-CRI,H-J,CRI,2026-05-21T17:00:00Z,559.0
6a278b6d47f3797bf6bafc56,"Ready, Deck, Go! Tournament Circuit #2",online,2026-06-14T01:30:00Z,57,TEF-CRI,H-J,CRI,2026-05-21T17:00:00Z,560.5
6a2baea82d97f3b0c26147be,SEASAC League Challenge #20 [50 CODES],online,2026-06-14T11:30:00Z,78,TEF-CRI,H-J,CRI,2026-05-21T17:00:00Z,570.5
6a2e97f22d97f3b0c26167b0,⚡ Surge's TCG Vault Winner Takes All - 50 Codes,online,2026-06-14T16:59:00Z,66,TEF-CRI,H-J,CRI,2026-05-21T17:00:00Z,575.983
6a25e13f47f3797bf6baea73,Monster Collectibles: After Hours #9,online,2026-06-14T17:00:00Z,61,TEF-CRI,H-J,CRI,2026-05-21T17:00:00Z,576.0
6a272b2856b11a587a94c6c3,Rare Candy Club Showdown #29 (50 CODES),online,2026-06-15T00:00:00Z,141,TEF-CRI,H-J,CRI,2026-05-21T17:00:00Z,583.0
6a2baea82d97f3b0c26147bf,SEASAC League Challenge #21 [50 CODES],online,2026-06-15T11:30:00Z,79,TEF-CRI,H-J,CRI,2026-05-21T17:00:00Z,594.5
6a27213f47f3797bf6baf54d,🏆Moujii's Dojo🏆 (Late Registration Available!),online,2026-06-15T16:10:00Z,162,TEF-CRI,H-J,CRI,2026-05-21T17:00:00Z,599.167
6a25dc2656b11a587a94ba4f,⚡ Surge's TCG Vault Winner Takes All - 50 Codes,online,2026-06-15T18:00:00Z,72,TEF-CRI,H-J,CRI,2026-05-21T17:00:00Z,601.0
6a271ec756b11a587a94c62a,Sunny's Weekly #261 Sunny's Twitch Anniversary,online,2026-06-15T22:05:00Z,136,TEF-CRI,H-J,CRI,2026-05-21T17:00:00Z,605.083
6a3054592d97f3b0c26177c9,🏛💫 Card Temple Weekly Battles #63,online,2026-06-16T02:00:00Z,108,TEF-CRI,H-J,CRI,2026-05-21T17:00:00Z,609.0
6a2bb052e334c3c9befd453d,SEASAC League Challenge #22 [50 CODES],online,2026-06-16T11:15:00Z,63,TEF-CRI,H-J,CRI,2026-05-21T17:00:00Z,618.25
6a28d75ce334c3c9befd2cd9,After NAIC LAST PRIZE SERIES,online,2026-06-16T23:35:00Z,206,TEF-CRI,H-J,CRI,2026-05-21T17:00:00Z,630.583
6a31bda9e334c3c9befd8142,Torneo Sidedeck Online Gratuito 16 Junio,online,2026-06-17T00:00:00Z,50,TEF-CRI,H-J,CRI,2026-05-21T17:00:00Z,631.0
6a2bb099e334c3c9befd453e,SEASAC Regional #2 [200 CODES],online,2026-06-17T11:30:00Z,89,TEF-CRI,H-J,CRI,2026-05-21T17:00:00Z,642.5
6a25dc9847f3797bf6baea5f,⚡ Surge's TCG Vault Winner Takes All - 50 Codes,online,2026-06-17T17:00:00Z,98,TEF-CRI,H-J,CRI,2026-05-21T17:00:00Z,648.0
6a2a29572d97f3b0c261397b,Hideout TCG MID-WEEK Meta Clash 50 codes,online,2026-06-17T21:15:00Z,53,TEF-CRI,H-J,CRI,2026-05-21T17:00:00Z,652.25
6a2bb0fbe334c3c9befd4541,SEASAC League Challenge #23 [50 CODES],online,2026-06-18T11:30:00Z,89,TEF-CRI,H-J,CRI,2026-05-21T17:00:00Z,666.5
6a2c30502d97f3b0c2614c64,🏆Moujii's Dojo🏆 (Late Registration Available!),online,2026-06-18T16:10:00Z,151,TEF-CRI,H-J,CRI,2026-05-21T17:00:00Z,671.167
69e3129248d465883f7167a8,Oceania Open! | Season 2 - Week 12,online,2026-06-19T09:30:00Z,51,TEF-CRI,H-J,CRI,2026-05-21T17:00:00Z,688.5
6a2eca29e334c3c9befd6934,SEASAC World Championships Qualifiers | $50 PRIZE,online,2026-06-19T11:30:00Z,129,TEF-CRI,H-J,CRI,2026-05-21T17:00:00Z,690.5
6a0b676d13f957d6d4b4aed0,⚡ Surge's TCG Vault Winner Takes All TCG Live #12,online,2026-06-19T18:00:00Z,102,TEF-CRI,H-J,CRI,2026-05-21T17:00:00Z,697.0
6a2decdee334c3c9befd6142,Full Bench Fridays PTCGL Cash Event $10,online,2026-06-19T21:15:00Z,68,TEF-CRI,H-J,CRI,2026-05-21T17:00:00Z,700.25
6a284c5e2d97f3b0c26124e6,TOURNAMENT OF DOOM! IS NOT GOING AWAY!,online,2026-06-20T02:35:00Z,302,TEF-CRI,H-J,CRI,2026-05-21T17:00:00Z,705.583
6a289f80e334c3c9befd2923,"Amyverse 3,000 Members PTCG Live Tournament ⭐ $10",online,2026-06-20T17:00:00Z,60,TEF-CRI,H-J,CRI,2026-05-21T17:00:00Z,720.0
6a26d01056b11a587a94c1e3,[$55 PRIZE POOL] June 20/20/20 Cookoff!,online,2026-06-20T18:00:00Z,60,TEF-CRI,H-J,CRI,2026-05-21T17:00:00Z,721.0
6a31d027e334c3c9befd8175,Redacted Chaos #3 (100 Codes),online,2026-06-20T22:05:00Z,94,TEF-CRI,H-J,CRI,2026-05-21T17:00:00Z,725.083
6a31d131e334c3c9befd8187,Redacted Chaos 2nd Chance #3 (50 Codes),online,2026-06-20T23:30:00Z,50,TEF-CRI,H-J,CRI,2026-05-21T17:00:00Z,726.5
6a351c07ceacae7d644197c7,SEASAC League Challenge #1 (SEASON 3) [50 CODES],online,2026-06-21T11:30:00Z,72,TEF-CRI,H-J,CRI,2026-05-21T17:00:00Z,738.5
6a2f0446e334c3c9befd6dc5,Monster Collectibles: After Hours #10,online,2026-06-21T17:00:00Z,105,TEF-CRI,H-J,CRI,2026-05-21T17:00:00Z,744.0
6a29ca7f2d97f3b0c2613476,Turn Zero Rising! #3 (100 Codes),online,2026-06-21T22:00:00Z,105,TEF-CRI,H-J,CRI,2026-05-21T17:00:00Z,749.0
6a35ed32ceacae7d6441a2e1,Rare Candy Club Showdown #30 (50 CODES),online,2026-06-22T00:00:00Z,119,TEF-CRI,H-J,CRI,2026-05-21T17:00:00Z,751.0
6a39ac0083fd320299bce1d9,Sunny's Weekly #263 A Grand Empire!,online,2026-06-29T22:05:00Z,156,TEF-CRI,H-J,CRI,2026-05-21T17:00:00Z,941.083
6a42ef9d83fd320299bd444f,🏛💫 Card Temple Weekly Battles #65,online,2026-06-30T02:00:00Z,102,TEF-CRI,H-J,CRI,2026-05-21T17:00:00Z,945.0
6a3e9f8d83fd320299bd0c18,SEASAC League Challenge #8 (SEASON 3) [50 CODES],online,2026-06-30T11:30:00Z,107,TEF-CRI,H-J,CRI,2026-05-21T17:00:00Z,954.5
697254ebb1294bfab7203649,Turtwig Den Revival Series Regional 4,online,2026-06-30T16:05:00Z,53,TEF-CRI,H-J,CRI,2026-05-21T17:00:00Z,959.083
6a425626c87cd9ff0a3129d8,⚡ Surge's TCG Vault Winner Takes All - 50 Codes,online,2026-06-30T17:00:00Z,95,TEF-CRI,H-J,CRI,2026-05-21T17:00:00Z,960.0
6a4271b683fd320299bd3e44,ARTEUS TCG - TUESDAY LEGENDS,online,2026-06-30T22:00:00Z,72,TEF-CRI,H-J,CRI,2026-05-21T17:00:00Z,965.0
6a427cb383fd320299bd3ed1,LAST PRIZE SERIES #6 - CHAOS RISING,online,2026-06-30T23:35:00Z,116,TEF-CRI,H-J,CRI,2026-05-21T17:00:00Z,966.583
6a3b6b98c87cd9ff0a30e5b0,Pudding Weekly #2 | I love snow bunnies <3,online,2026-07-01T01:00:00Z,61,TEF-CRI,H-J,CRI,2026-05-21T17:00:00Z,968.0
6a3e9fb983fd320299bd0c1a,SEASAC League Challenge #9 (SEASON 3) [50 CODES],online,2026-07-01T11:30:00Z,91,TEF-CRI,H-J,CRI,2026-05-21T17:00:00Z,978.5
6a42564583fd320299bd3d12,⚡ Surge's TCG Vault Winner Takes All - 50 Codes,online,2026-07-01T17:00:00Z,114,TEF-CRI,H-J,CRI,2026-05-21T17:00:00Z,984.0
6a2a2ad82d97f3b0c2613980,Hideout TCG MID-WEEK Meta Clash 50 codes,online,2026-07-01T21:15:00Z,109,TEF-CRI,H-J,CRI,2026-05-21T17:00:00Z,988.25
6a238bf047f3797bf6bad37d,REFINE Summer Series Session 1,online,2026-07-01T23:30:00Z,128,TEF-CRI,H-J,CRI,2026-05-21T17:00:00Z,990.5
6a3f5d3e83fd320299bd18de,SEASAC League Challenge #10 (SEASON 3) [50 CODES],online,2026-07-02T11:30:00Z,102,TEF-CRI,H-J,CRI,2026-05-21T17:00:00Z,1002.5
6a3eb6de83fd320299bd0dfc,🏆Moujii's Dojo🏆 (Late Registration Available!),online,2026-07-02T16:10:00Z,164,TEF-CRI,H-J,CRI,2026-05-21T17:00:00Z,1007.167
6a42567383fd320299bd3d13,⚡ Surge's TCG Vault Winner Takes All - 50 Codes,online,2026-07-02T19:30:00Z,83,TEF-CRI,H-J,CRI,2026-05-21T17:00:00Z,1010.5
6a45bed1c87cd9ff0a314f10,💥​Plantel Battle #27 CHAOS 💥​100 CODES ✔️​ TOP 8,online,2026-07-02T23:00:00Z,123,TEF-CRI,H-J,CRI,2026-05-21T17:00:00Z,1014.0
6a43826483fd320299bd48e9,Oceania Open! | Season 3 - Week 1,online,2026-07-03T09:30:00Z,68,TEF-CRI,H-J,CRI,2026-05-21T17:00:00Z,1024.5
6a429a6a83fd320299bd4012,Team Corna Weekly July #1,online,2026-07-03T16:00:00Z,93,TEF-CRI,H-J,CRI,2026-05-21T17:00:00Z,1031.0
6a0b678bdfbdf089cbbdcdc0,⚡ Surge's TCG Vault Winner Takes All TCG Live #14,online,2026-07-03T18:00:00Z,67,TEF-CRI,H-J,CRI,2026-05-21T17:00:00Z,1033.0
6a455142c87cd9ff0a3148eb,ASRcristiano # 167 - Road to World !,online,2026-07-03T19:00:00Z,64,TEF-CRI,H-J,CRI,2026-05-21T17:00:00Z,1034.0
6a46f8f983fd320299bd6d0f,Full Bench Fridays PTCGL Cash Event $10,online,2026-07-03T20:30:00Z,77,TEF-CRI,H-J,CRI,2026-05-21T17:00:00Z,1035.5
6a3d3f3cc87cd9ff0a30f173,🇧🇷 Hit Cup #10 | TCG Live,online,2026-07-04T00:00:00Z,57,TEF-CRI,H-J,CRI,2026-05-21T17:00:00Z,1039.0
6a284d04e334c3c9befd25e2,"TOURNAMENT OF DOOM! WAIT, WUT?",online,2026-07-04T02:35:00Z,346,TEF-CRI,H-J,CRI,2026-05-21T17:00:00Z,1041.583
6a451c8e83fd320299bd59bd,SEASAC League Cup #2 (SEASON 3) [150 CODES],online,2026-07-04T11:30:00Z,76,TEF-CRI,H-J,CRI,2026-05-21T17:00:00Z,1050.5
6a43de5cc87cd9ff0a313932,Redacted Chaos AMERICA 250! (250 Codes),online,2026-07-04T22:05:00Z,142,TEF-CRI,H-J,CRI,2026-05-21T17:00:00Z,1061.083
6a451cfcc87cd9ff0a3146b6,SEASAC League Challenge #11 (SEASON 3) [50 CODES],online,2026-07-05T11:30:00Z,87,TEF-CRI,H-J,CRI,2026-05-21T17:00:00Z,1074.5
6a4856e465724db9ded3bc7e,Rare Candy Club Showdown #31 (50 CODES),online,2026-07-06T00:00:00Z,213,TEF-CRI,H-J,CRI,2026-05-21T17:00:00Z,1087.0
6a47df1b063cb29d318e1f53,SEASAC League Challenge #12 (SEASON 3) [50 CODES],online,2026-07-06T11:30:00Z,84,TEF-CRI,H-J,CRI,2026-05-21T17:00:00Z,1098.5
6a44081f83fd320299bd5014,🏆Moujii's Dojo🏆 (Late Registration Available!),online,2026-07-06T16:10:00Z,184,TEF-CRI,H-J,CRI,2026-05-21T17:00:00Z,1103.167
6a4b2619063cb29d318e47a3,Pumpkaweekly,online,2026-07-06T18:00:00Z,67,TEF-CRI,H-J,CRI,2026-05-21T17:00:00Z,1105.0
6a431ad383fd320299bd46b4,Sunny's Weekly #264 Down the Slowpoke Well,online,2026-07-06T22:05:00Z,145,TEF-CRI,H-J,CRI,2026-05-21T17:00:00Z,1109.083
6a284d862d97f3b0c26124ea,CHALLENGE OF DOOM! BURGERS OR HOTDOGS?,online,2026-07-07T03:35:00Z,128,TEF-CRI,H-J,CRI,2026-05-21T17:00:00Z,1114.583
6a489730063cb29d318e2b21,SEASAC League Challenge #13 (SEASON 3) [50 CODES],online,2026-07-07T11:30:00Z,90,TEF-CRI,H-J,CRI,2026-05-21T17:00:00Z,1122.5
6a2be310e334c3c9befd4622,👑 CrownOfSpain 👑 (10€ paypal),online,2026-07-07T18:00:00Z,157,TEF-CRI,H-J,CRI,2026-05-21T17:00:00Z,1129.0
6a4c3dc765724db9ded3ec3d,⚡ Surge's TCG Vault Winner Takes All - 50 Codes,online,2026-07-07T20:00:00Z,100,TEF-CRI,H-J,CRI,2026-05-21T17:00:00Z,1131.0
6a46b80e83fd320299bd68e9,LAST PRIZE SERIES #7 - CHAOS RISING,online,2026-07-07T23:35:00Z,151,TEF-CRI,H-J,CRI,2026-05-21T17:00:00Z,1134.583
6a448f9583fd320299bd5699,Pudding Weekly #3 | Munkidori Moggers,online,2026-07-08T01:00:00Z,74,TEF-CRI,H-J,CRI,2026-05-21T17:00:00Z,1136.0
6a4897cb65724db9ded3c130,SEASAC League Challenge #14 (SEASON 3) [50 CODES],online,2026-07-08T11:30:00Z,98,TEF-CRI,H-J,CRI,2026-05-21T17:00:00Z,1146.5
6a4c3df0063cb29d318e5594,⚡ Surge's TCG Vault Winner Takes All - 50 Codes,online,2026-07-08T17:00:00Z,103,TEF-CRI,H-J,CRI,2026-05-21T17:00:00Z,1152.0
6a4e102165724db9ded40122,ASRcristiano # 168 - Road to World !,online,2026-07-08T19:00:00Z,59,TEF-CRI,H-J,CRI,2026-05-21T17:00:00Z,1154.0
6a4c32a965724db9ded3eb6f,HIdeout TCG Thx for 500+ members PTCGL $45 cash,online,2026-07-08T21:15:00Z,179,TEF-CRI,H-J,CRI,2026-05-21T17:00:00Z,1156.25
6a3eb961c87cd9ff0a310222,REFINE Summer Series Session 2,online,2026-07-08T23:30:00Z,115,TEF-CRI,H-J,CRI,2026-05-21T17:00:00Z,1158.5
6a4ec8ad65724db9ded409b9,🏛💫 Card Temple Weekly Battles #66,online,2026-07-09T02:00:00Z,53,TEF-CRI,H-J,CRI,2026-05-21T17:00:00Z,1161.0
6a4d1d71063cb29d318e5e4f,SEASAC League Challenge #15 (SEASON 3) [50 CODES],online,2026-07-09T11:30:00Z,117,TEF-CRI,H-J,CRI,2026-05-21T17:00:00Z,1170.5
6a47f19765724db9ded3b627,🏆Moujii's Dojo🏆 (Late Registration Available!),online,2026-07-09T16:10:00Z,148,TEF-CRI,H-J,CRI,2026-05-21T17:00:00Z,1175.167
6a4e103f063cb29d318e6840,ASRcristiano # 169 - Road to World !,online,2026-07-09T19:00:00Z,70,TEF-CRI,H-J,CRI,2026-05-21T17:00:00Z,1178.0
6a4a8e1c65724db9ded3d706,Mystic Dragon Weekly #2 (200 codes),online,2026-07-09T22:00:00Z,73,TEF-CRI,H-J,CRI,2026-05-21T17:00:00Z,1181.0
6a43863a83fd320299bd4936,Oceania Open! | Season 3 - Week 2,online,2026-07-10T09:30:00Z,62,TEF-CRI,H-J,CRI,2026-05-21T17:00:00Z,1192.5
6a4aaa5f063cb29d318e4297,Team Corna Weekly July #2,online,2026-07-10T16:00:00Z,77,TEF-CRI,H-J,CRI,2026-05-21T17:00:00Z,1199.0
6a0b679113f957d6d4b4aed1,⚡ Surge's TCG Vault Winner Takes All TCG Live #15,online,2026-07-10T18:00:00Z,70,TEF-CRI,H-J,CRI,2026-05-21T17:00:00Z,1201.0
6a4e6d2465724db9ded403f9,2026 Pokemon TCG World Cup,online,2026-07-18T11:10:00Z,96,TEF-PBL,H-J,PBL,2026-07-16T17:00:00Z,42.167
6a59f66352c24ac2da6443a8,SEASAC League Cup #4 (SEASON 3) [50 CODES],online,2026-07-18T11:30:00Z,80,TEF-PBL,H-J,PBL,2026-07-16T17:00:00Z,42.5
6a4ae98265724db9ded3da75,Redacted Chaos #7 (100 Codes),online,2026-07-18T22:05:00Z,145,TEF-PBL,H-J,PBL,2026-07-16T17:00:00Z,53.083
6a5bf6fc937230b102d3f07b,T2TCG Saturday Showdown: PBL legal! (100 codes),online,2026-07-19T00:00:00Z,54,TEF-PBL,H-J,PBL,2026-07-16T17:00:00Z,55.0
6a5b096b937230b102d3e3b4,Vault Of Games #1 🏆|OFF-SEASON |PITCH BLACK (!),online,2026-07-19T01:00:00Z,77,TEF-PBL,H-J,PBL,2026-07-16T17:00:00Z,56.0
6a5b9a78937230b102d3e95d,SEASAC League Challenge #21 (SEASON 3) [50 CODES],online,2026-07-19T11:30:00Z,82,TEF-PBL,H-J,PBL,2026-07-16T17:00:00Z,66.5
6a5b622f937230b102d3e577,Monster Collectibles After Hours #13,online,2026-07-19T17:00:00Z,120,TEF-PBL,H-J,PBL,2026-07-16T17:00:00Z,72.0
6a5938d8cc68177ec6c56e10,Rare Candy Club Showdown #33 (PITCH BLACK LEGAL),online,2026-07-20T00:00:00Z,267,TEF-PBL,H-J,PBL,2026-07-16T17:00:00Z,79.0
6a5b9aa7937230b102d3e961,SEASAC League Challenge #22 (SEASON 3) [50 CODES],online,2026-07-20T11:30:00Z,104,TEF-PBL,H-J,PBL,2026-07-16T17:00:00Z,90.5
6a56672b6355385f44dd4a4d,🏆Moujii's Dojo🏆 (Late Registration Available!),online,2026-07-20T16:10:00Z,224,TEF-PBL,H-J,PBL,2026-07-16T17:00:00Z,95.167
6a5d1549937230b102d3fa6f,Pumpkaweekly,online,2026-07-20T18:00:00Z,133,TEF-PBL,H-J,PBL,2026-07-16T17:00:00Z,97.0
6a543fe6c0a6bab82fbbcca8,Sunny's Weekly #266 Live from The Abyss!,online,2026-07-20T22:05:00Z,210,TEF-PBL,H-J,PBL,2026-07-16T17:00:00Z,101.083
6a4d59f465724db9ded3f918,🇧🇷 32° Torneio Padrão do Zap! PIX Especial💲💲,online,2026-07-20T23:00:00Z,63,TEF-PBL,H-J,PBL,2026-07-16T17:00:00Z,102.0
6a3d4024c87cd9ff0a30f17b,🇧🇷 Hit Cup #12 | TCG Live,online,2026-07-21T00:00:00Z,94,TEF-PBL,H-J,PBL,2026-07-16T17:00:00Z,103.0
6a5e8dd6937230b102d40677,🏛💫 Card Temple Weekly Battles #68,online,2026-07-21T02:00:00Z,117,TEF-PBL,H-J,PBL,2026-07-16T17:00:00Z,105.0
6a5b9ac952c24ac2da645851,SEASAC League Challenge #23 (SEASON 3) [50 CODES],online,2026-07-21T11:30:00Z,114,TEF-PBL,H-J,PBL,2026-07-16T17:00:00Z,114.5
6a5baefb52c24ac2da645a63,Team Corna Weekly July #4,online,2026-07-21T16:00:00Z,141,TEF-PBL,H-J,PBL,2026-07-16T17:00:00Z,119.0
6a5e2ce1937230b102d4019f,⚡ Surge's TCG Vault Winner Takes All - 50 Codes,online,2026-07-21T17:00:00Z,90,TEF-PBL,H-J,PBL,2026-07-16T17:00:00Z,120.0
6a4e22cd063cb29d318e68d8,👑 CrownOfSpain 👑 #2,online,2026-07-21T18:00:00Z,118,TEF-PBL,H-J,PBL,2026-07-16T17:00:00Z,121.0
6a5e8d4b937230b102d40671,Pitch Black Legal - Last Prize Series #9,online,2026-07-21T23:35:00Z,177,TEF-PBL,H-J,PBL,2026-07-16T17:00:00Z,126.583
6a5d7fee52c24ac2da646f01,Torneo Sidedeck Online Gratis Martes 21 Julio,online,2026-07-22T00:00:00Z,59,TEF-PBL,H-J,PBL,2026-07-16T17:00:00Z,127.0
6a5bb770937230b102d3ec7d,SEASAC League Challenge #24 (SEASON 3) [50 CODES],online,2026-07-22T11:30:00Z,103,TEF-PBL,H-J,PBL,2026-07-16T17:00:00Z,138.5
6a5e2d30937230b102d401a0,⚡ Surge's TCG Vault Winner Takes All - 50 Codes,online,2026-07-22T17:00:00Z,156,TEF-PBL,H-J,PBL,2026-07-16T17:00:00Z,144.0
6a5fee22937230b102d41237,Hideout TCG MID-WEEK Meta Clash 100 codes pitch,online,2026-07-22T21:15:00Z,57,TEF-PBL,H-J,PBL,2026-07-16T17:00:00Z,148.25
6a58f606cc68177ec6c56a6c,REFINE Summer Series Session 4: Pitchin' Black,online,2026-07-22T23:30:00Z,108,TEF-PBL,H-J,PBL,2026-07-16T17:00:00Z,150.5
6a5a671b52c24ac2da644850,🏆Moujii's Dojo🏆 (Late Registration Available!),online,2026-07-23T16:10:00Z,229,TEF-PBL,H-J,PBL,2026-07-16T17:00:00Z,167.167
6a5e2d63937230b102d401a2,⚡ Surge's TCG Vault Winner Takes All - 50 Codes,online,2026-07-23T18:59:00Z,104,TEF-PBL,H-J,PBL,2026-07-16T17:00:00Z,169.983
6a5e4d3752c24ac2da647443,💥​Plantel Battle #28 PITCH 💥​100 CODES ✔️​ TOP 8,online,2026-07-23T23:00:00Z,121,TEF-PBL,H-J,PBL,2026-07-16T17:00:00Z,174.0
6a4386fbc87cd9ff0a31356b,Oceania Open! | Season 3 - Week 4,online,2026-07-24T09:30:00Z,75,TEF-PBL,H-J,PBL,2026-07-16T17:00:00Z,184.5
6a5f729b52c24ac2da6480ec,SEASAC World Championships Qualifiers | $15 PRIZE,online,2026-07-24T11:30:00Z,133,TEF-PBL,H-J,PBL,2026-07-16T17:00:00Z,186.5
6a5baf52937230b102d3eb53,Team Corna Weekly July #5,online,2026-07-24T16:00:00Z,111,TEF-PBL,H-J,PBL,2026-07-16T17:00:00Z,191.0
6a5e2d9f937230b102d401a6,⚡ Surge's TCG Vault Winner Takes All TCG Live #16,online,2026-07-24T18:00:00Z,115,TEF-PBL,H-J,PBL,2026-07-16T17:00:00Z,193.0
6a60c53152c24ac2da648d96,ASRcristiano # 176 - 60 codes prize pool!,online,2026-07-24T19:00:00Z,105,TEF-PBL,H-J,PBL,2026-07-16T17:00:00Z,194.0
6a5fef2552c24ac2da648761,Full Bench Fridays PTCGL pitch black $10 pitch,online,2026-07-24T21:15:00Z,69,TEF-PBL,H-J,PBL,2026-07-16T17:00:00Z,196.25
6a5a5032937230b102d3da04,TOURNAMENT OF DOOM! Have you heard...,online,2026-07-25T02:35:00Z,504,TEF-PBL,H-J,PBL,2026-07-16T17:00:00Z,201.583
6a4578d8c87cd9ff0a314b60,($340+ PRIZE POOL) BOUNTY HUNTERS COOKOFF,online,2026-07-25T18:00:00Z,193,TEF-PBL,H-J,PBL,2026-07-16T17:00:00Z,217.0
6a4aea4965724db9ded3da7a,Redacted Chaos #8 (100 Codes),online,2026-07-25T22:05:00Z,168,TEF-PBL,H-J,PBL,2026-07-16T17:00:00Z,221.083
6a4aeae265724db9ded3da7f,Redacted Chaos 2nd Chance #6 (50 Codes),online,2026-07-25T23:45:00Z,111,TEF-PBL,H-J,PBL,2026-07-16T17:00:00Z,222.75
6a5c4249937230b102d3f45c,Vault Of Games #2 🏆|OFF-SEASON |PITCH BLACK (!),online,2026-07-26T01:00:00Z,99,TEF-PBL,H-J,PBL,2026-07-16T17:00:00Z,224.0
6a5cbb86937230b102d3f6c2,OceanicTournamentSeries2026 17/20,online,2026-07-26T08:00:00Z,54,TEF-PBL,H-J,PBL,2026-07-16T17:00:00Z,231.0
6a6456a4937230b102d4405f,SEASAC League Challenge #1 (SEASON 4) [50 CODES],online,2026-07-26T11:30:00Z,126,TEF-PBL,H-J,PBL,2026-07-16T17:00:00Z,234.5
6a649972937230b102d4422e,Monster Collectibles After Hours #14,online,2026-07-26T17:00:00Z,134,TEF-PBL,H-J,PBL,2026-07-16T17:00:00Z,240.0
6a563d13232a1a55ee10c311,Turn Zero Rising! #5 (100 Codes),online,2026-07-26T22:00:00Z,137,TEF-PBL,H-J,PBL,2026-07-16T17:00:00Z,245.0
6a5ed9bb937230b102d40ab3,Rare Candy Club Showdown #34 (PITCH BLACK LEGAL),online,2026-07-27T00:00:00Z,202,TEF-PBL,H-J,PBL,2026-07-16T17:00:00Z,247.0
6a64f9a4937230b102d44a8a,SEASAC League Challenge #2 (SEASON 4) [50 CODES],online,2026-07-27T11:30:00Z,131,TEF-PBL,H-J,PBL,2026-07-16T17:00:00Z,258.5
6a5fa0c5937230b102d40ede,🏆Moujii's Dojo🏆 (Late Registration Available!),online,2026-07-27T16:10:00Z,246,TEF-PBL,H-J,PBL,2026-07-16T17:00:00Z,263.167
6a672281937230b102d46759,Pumpkaweekly,online,2026-07-27T18:00:00Z,108,TEF-PBL,H-J,PBL,2026-07-16T17:00:00Z,265.0
6a6d914a2b308b6067b46231,SEASAC League Challenge #7 (SEASON 4) [50 CODES],online,2026-08-03T11:30:00Z,97,TEF-PBL,H-J,PBL,2026-07-16T17:00:00Z,426.5
6a6b5b9052c24ac2da64fd67,🏆Moujii's Dojo🏆 (Late Registration Available!),online,2026-08-03T16:10:00Z,261,TEF-PBL,H-J,PBL,2026-07-16T17:00:00Z,431.167
6a6f9fd8cdc0391d7fa5a78e,Pumpkaweekly,online,2026-08-03T18:00:00Z,127,TEF-PBL,H-J,PBL,2026-07-16T17:00:00Z,433.0
6a640d6f937230b102d439ac,Sunny's Weekly #267 Return of the Kingdra!,online,2026-08-03T22:05:00Z,194,TEF-PBL,H-J,PBL,2026-07-16T17:00:00Z,437.083
69d51a7d800d329be2e74a5c,Nightshades Premier Circuit Challenge #19 25 Codes,online,2026-08-03T23:00:00Z,58,TEF-PBL,H-J,PBL,2026-07-16T17:00:00Z,438.0
6a7103e1cdc0391d7fa5bb21,🏛💫 Card Temple Weekly Battles #70,online,2026-08-04T02:00:00Z,103,TEF-PBL,H-J,PBL,2026-07-16T17:00:00Z,441.0
6a6ef634cdc0391d7fa59e53,SEASAC League Challenge #8 (SEASON 4) [50 CODES],online,2026-08-04T11:30:00Z,154,TEF-PBL,H-J,PBL,2026-07-16T17:00:00Z,450.5
6a6f99d52b308b6067b48069,Team Corna Weekly August #1,online,2026-08-04T16:00:00Z,118,TEF-PBL,H-J,PBL,2026-07-16T17:00:00Z,455.0
6a711369cdc0391d7fa5bc4f,⚡ Surge's TCG Vault Winner Takes All - 50 Codes,online,2026-08-04T18:00:00Z,148,TEF-PBL,H-J,PBL,2026-07-16T17:00:00Z,457.0
6a7134422b308b6067b4960d,Pitch Black Tourney - Last Prize Series #11,online,2026-08-04T23:35:00Z,178,TEF-PBL,H-J,PBL,2026-07-16T17:00:00Z,462.583
6a6acb1c52c24ac2da64fa37,🇧🇷 Hit Cup #13 | TCG Live,online,2026-08-05T00:00:00Z,91,TEF-PBL,H-J,PBL,2026-07-16T17:00:00Z,463.0
6a6a463e52c24ac2da64f3ee,Pudding Weekly #7 | Taco Tuesday!,online,2026-08-05T01:00:00Z,81,TEF-PBL,H-J,PBL,2026-07-16T17:00:00Z,464.0
6a6ef65a2b308b6067b477cc,SEASAC League Challenge #9 (SEASON 4) [50 CODES],online,2026-08-05T11:30:00Z,132,TEF-PBL,H-J,PBL,2026-07-16T17:00:00Z,474.5
6a7113d8cdc0391d7fa5bc82,⚡ Surge's TCG Vault Winner Takes All - 50 Codes,online,2026-08-05T16:59:00Z,102,TEF-PBL,H-J,PBL,2026-07-16T17:00:00Z,479.983
6a6a739652c24ac2da64f669,Amyverse PTCG Live Weekly #7 💛 Cash Prize!,online,2026-08-05T17:00:00Z,52,TEF-PBL,H-J,PBL,2026-07-16T17:00:00Z,480.0
6a72da75cdc0391d7fa5d204,PokeMagee Weekly #12,online,2026-08-05T18:00:00Z,53,TEF-PBL,H-J,PBL,2026-07-16T17:00:00Z,481.0
6a6ffa5d2b308b6067b48537,Hideout TCG MID-WEEK Meta Clash 50 codes pitch,online,2026-08-05T21:15:00Z,103,TEF-PBL,H-J,PBL,2026-07-16T17:00:00Z,484.25
6a6b8596937230b102d492c6,REFINE Summer Series Session 6: Charizard Edition,online,2026-08-06T00:00:00Z,115,TEF-PBL,H-J,PBL,2026-07-16T17:00:00Z,487.0
6a6ef66ecdc0391d7fa59e54,SEASAC League Challenge #10 (SEASON 4) [50 CODES],online,2026-08-06T11:30:00Z,144,TEF-PBL,H-J,PBL,2026-07-16T17:00:00Z,498.5
6a6ce63dcdc0391d7fa5784b,🏆Moujii's Dojo🏆 (Late Registration Available!),online,2026-08-06T16:10:00Z,244,TEF-PBL,H-J,PBL,2026-07-16T17:00:00Z,503.167
6a7113f32b308b6067b493e3,⚡ Surge's TCG Vault Winner Takes All - 100 Codes,online,2026-08-06T19:00:00Z,123,TEF-PBL,H-J,PBL,2026-07-16T17:00:00Z,506.0
6a742c962b308b6067b4b767,ASRcristiano # 179 - 60 codes prize pool!,online,2026-08-06T19:15:00Z,63,TEF-PBL,H-J,PBL,2026-07-16T17:00:00Z,506.25
6a7375c8cdc0391d7fa5d856,🐢Turtle Thursday🐢,online,2026-08-06T22:00:00Z,63,TEF-PBL,H-J,PBL,2026-07-16T17:00:00Z,509.0
6a74a4f02b308b6067b4bb3b,💥​Plantel Battle #30 PITCH 💥​100 CODES ✔️​ TOP 8,online,2026-08-06T23:00:00Z,103,TEF-PBL,H-J,PBL,2026-07-16T17:00:00Z,510.0
6a6f99d42b308b6067b48068,Team Corna Weekly August #2,online,2026-08-07T16:00:00Z,113,TEF-PBL,H-J,PBL,2026-07-16T17:00:00Z,527.0
6a711411cdc0391d7fa5bc83,⚡ Surge's TCG Vault Winner Takes All Live BO3 #18,online,2026-08-07T18:00:00Z,99,TEF-PBL,H-J,PBL,2026-07-16T17:00:00Z,529.0
6a742cb72b308b6067b4b769,ASRcristiano # 180 - 60 codes prize pool!,online,2026-08-07T19:00:00Z,87,TEF-PBL,H-J,PBL,2026-07-16T17:00:00Z,530.0
6a6ffaa82b308b6067b48538,Full Bench Fridays PTCGL Cash Event $10,online,2026-08-07T21:15:00Z,86,TEF-PBL,H-J,PBL,2026-07-16T17:00:00Z,532.25
6a5a50bc52c24ac2da6446d2,TOURNAMENT OF DOOM! WORLDS LCQ!,online,2026-08-08T02:35:00Z,657,TEF-PBL,H-J,PBL,2026-07-16T17:00:00Z,537.583
6a75d5d22b308b6067b4c83c,SEASAC League Cup #2 (SEASON 4) [150 CODES],online,2026-08-08T11:30:00Z,115,TEF-PBL,H-J,PBL,2026-07-16T17:00:00Z,546.5
6a6f70aecdc0391d7fa5a4e5,Redacted Chaos #10 (100 Codes),online,2026-08-08T22:05:00Z,189,TEF-PBL,H-J,PBL,2026-07-16T17:00:00Z,557.083
6a6f7365cdc0391d7fa5a4ff,Redacted Chaos 2nd Chance #8 (50 Codes),online,2026-08-08T23:30:00Z,89,TEF-PBL,H-J,PBL,2026-07-16T17:00:00Z,558.5
6a75d5eacdc0391d7fa5f3a7,SEASAC League Challenge #11 (SEASON 4) [50 CODES],online,2026-08-09T11:30:00Z,132,TEF-PBL,H-J,PBL,2026-07-16T17:00:00Z,570.5
6a743bb1cdc0391d7fa5e0e7,KSM's Great Ball Event #3 - National Day Special,online,2026-08-09T14:00:00Z,61,TEF-PBL,H-J,PBL,2026-07-16T17:00:00Z,573.0
6a771169cdc0391d7fa606e0,Monster Collectibles After Hours #16,online,2026-08-09T17:00:00Z,210,TEF-PBL,H-J,PBL,2026-07-16T17:00:00Z,576.0
6a75224bcdc0391d7fa5edef,RCC Showdown #36 | $150 USD PRIZE | NO ENTRY FEE,online,2026-08-10T00:00:00Z,497,TEF-PBL,H-J,PBL,2026-07-16T17:00:00Z,583.0
6a6eba38cdc0391d7fa59c62,Vault Of Games #4 🏆|OFF-SEASON |WEEKLY,online,2026-08-10T01:00:00Z,62,TEF-PBL,H-J,PBL,2026-07-16T17:00:00Z,584.0
6a7601bdcdc0391d7fa5f5bf,SEASAC League Challenge #12 (SEASON 4) [50 CODES],online,2026-08-10T11:30:00Z,170,TEF-PBL,H-J,PBL,2026-07-16T17:00:00Z,594.5
6a791a40cdc0391d7fa6237a,Pumpkaweekly,online,2026-08-10T18:00:00Z,237,TEF-PBL,H-J,PBL,2026-07-16T17:00:00Z,601.0
6a70e60ecdc0391d7fa5b8b7,Sunny's Weekly #268 Stand Up Comedy!,online,2026-08-10T22:05:00Z,234,TEF-PBL,H-J,PBL,2026-07-16T17:00:00Z,605.083
69d51aa4800d329be2e74a5e,Nightshades Premier Circuit Challenge #21 50 Codes,online,2026-08-10T23:00:00Z,65,TEF-PBL,H-J,PBL,2026-07-16T17:00:00Z,606.0
6a714576cdc0391d7fa5c026,🇧🇷 Hit League #4 | TCG Live,online,2026-08-11T00:00:00Z,73,TEF-PBL,H-J,PBL,2026-07-16T17:00:00Z,607.0
6a79e894cdc0391d7fa62bbf,🏛💫 Card Temple Weekly Battles #71,online,2026-08-11T02:00:00Z,95,TEF-PBL,H-J,PBL,2026-07-16T17:00:00Z,609.0
6a5a513152c24ac2da6446d5,CHALLENGE OF DOOM! THE FINAL COUNTDOWN!,online,2026-08-11T03:35:00Z,128,TEF-PBL,H-J,PBL,2026-07-16T17:00:00Z,610.583
6a78b14acdc0391d7fa61cc9,SEASAC League Challenge #13 (SEASON 4) [50 CODES],online,2026-08-11T11:30:00Z,174,TEF-PBL,H-J,PBL,2026-07-16T17:00:00Z,618.5
6a7a37982b308b6067b50660,Team Corna Weekly August #3,online,2026-08-11T16:00:00Z,72,TEF-PBL,H-J,PBL,2026-07-16T17:00:00Z,623.0
6a7a19cf2b308b6067b5047b,⚡ Surge's TCG Vault Winner Takes All - 50 Codes,online,2026-08-11T17:00:00Z,107,TEF-PBL,H-J,PBL,2026-07-16T17:00:00Z,624.0
6a759dfb2b308b6067b4c640,👑 CrownOfSpain 👑 #4 (15€ paypal),online,2026-08-11T18:00:00Z,156,TEF-PBL,H-J,PBL,2026-07-16T17:00:00Z,625.0
6a78d6b82b308b6067b4f569,Pitch Black Tourney - Last Prize Series #12,online,2026-08-11T23:35:00Z,206,TEF-PBL,H-J,PBL,2026-07-16T17:00:00Z,630.583
6a8314365a30714095572e93,🏛💫 Card Temple Weekly Battles #72,online,2026-08-18T02:00:00Z,118,TEF-PBL,H-J,PBL,2026-07-16T17:00:00Z,777.0
6a819f1978baaa6d1c22139a,SEASAC League Challenge #18 (SEASON 4) [50 CODES],online,2026-08-18T11:30:00Z,178,TEF-PBL,H-J,PBL,2026-07-16T17:00:00Z,786.5
6a7a215f2b308b6067b5051b,⚡ Surge's TCG Vault Winner Takes All - 50 Codes,online,2026-08-18T23:00:00Z,163,TEF-PBL,H-J,PBL,2026-07-16T17:00:00Z,798.0
6a8459b578baaa6d1c222e79,Pitch Black Tourney - Last Prize Series #13,online,2026-08-18T23:30:00Z,85,TEF-PBL,H-J,PBL,2026-07-16T17:00:00Z,798.5
6a7e005ecdc0391d7fa65824,Pudding Weekly #9 | GEEG!,online,2026-08-19T01:00:00Z,122,TEF-PBL,H-J,PBL,2026-07-16T17:00:00Z,800.0
6a81a7825a30714095572195,SEASAC League Challenge #19 (SEASON 4) [50 CODES],online,2026-08-19T11:30:00Z,175,TEF-PBL,H-J,PBL,2026-07-16T17:00:00Z,810.5
6a84abb378baaa6d1c223078,ASRcristiano # 181 - 60 codes prize pool!,online,2026-08-19T19:00:00Z,65,TEF-PBL,H-J,PBL,2026-07-16T17:00:00Z,818.0
6a7cdf0fcdc0391d7fa64f32,Amyverse PTCG Live Weekly #9 💛 Cash Prize!,online,2026-08-19T19:15:00Z,213,TEF-PBL,H-J,PBL,2026-07-16T17:00:00Z,818.25
6a7cdfc5cdc0391d7fa64f38,Hideout TCG MID-WEEK Meta Clash 100 codes pitch,online,2026-08-19T21:15:00Z,101,TEF-PBL,H-J,PBL,2026-07-16T17:00:00Z,820.25
6a7d2c8a2b308b6067b528cf,REFINE Summer Series Session 8: Wartortle Edition,online,2026-08-19T23:30:00Z,128,TEF-PBL,H-J,PBL,2026-07-16T17:00:00Z,822.5
6a81a7a55a30714095572196,SEASAC League Challenge #20 (SEASON 4) [50 CODES],online,2026-08-20T11:30:00Z,177,TEF-PBL,H-J,PBL,2026-07-16T17:00:00Z,834.5
6a7f474278baaa6d1c21f248,🏆Moujii's Dojo🏆 (Late Registration Available!),online,2026-08-20T16:10:00Z,274,TEF-PBL,H-J,PBL,2026-07-16T17:00:00Z,839.167
6a7a28522b308b6067b50584,⚡ Surge's TCG Vault Winner Takes All - 100 Codes,online,2026-08-20T19:00:00Z,155,TEF-PBL,H-J,PBL,2026-07-16T17:00:00Z,842.0
6a8336ad78baaa6d1c222335,The Shadows's Showdown - FIRST TOURNAMENT!!!,online,2026-08-20T20:30:00Z,65,TEF-PBL,H-J,PBL,2026-07-16T17:00:00Z,843.5
6a863ef178baaa6d1c223f4c,🐢Turtle Thursday🐢,online,2026-08-20T22:00:00Z,63,TEF-PBL,H-J,PBL,2026-07-16T17:00:00Z,845.0
6a77f30ccdc0391d7fa61541,🟢Jolly Good Weekly #3 | Top Cut! (50 Codes!),online,2026-08-21T00:00:00Z,137,TEF-PBL,H-J,PBL,2026-07-16T17:00:00Z,847.0
6a43872bc87cd9ff0a31356d,Oceania Open! | Season 3 - Week 8,online,2026-08-21T09:30:00Z,106,TEF-PBL,H-J,PBL,2026-07-16T17:00:00Z,856.5
69d51ae7800d329be2e74a60,Nightshades Premier Circuit Challenge #24 50 Codes,online,2026-08-21T17:00:00Z,96,TEF-PBL,H-J,PBL,2026-07-16T17:00:00Z,864.0
6a8855565a30714095575fc2,⚡ Surge's TCG Vault Winner Takes All Live BO3 #20,online,2026-08-21T18:00:00Z,69,TEF-PBL,H-J,PBL,2026-07-16T17:00:00Z,865.0
6a84abd678baaa6d1c22307b,ASRcristiano # 182 - 60 codes prize pool!,online,2026-08-21T19:00:00Z,143,TEF-PBL,H-J,PBL,2026-07-16T17:00:00Z,866.0
6a87870778baaa6d1c224c74,Full Bench Fridays PTCGL Cash Event $20 #10,online,2026-08-21T21:30:00Z,103,TEF-PBL,H-J,PBL,2026-07-16T17:00:00Z,868.5
6a7cce822b308b6067b523e2,TOURNAMENT OF DOOM! SEASON 3 STARTS NOW!,online,2026-08-22T02:35:00Z,548,TEF-PBL,H-J,PBL,2026-07-16T17:00:00Z,873.583
6a8729fc5a30714095575339,SEASAC League Cup #4 (SEASON 4) [150 CODES],online,2026-08-22T11:30:00Z,134,TEF-PBL,H-J,PBL,2026-07-16T17:00:00Z,882.5
6a706e672b308b6067b487cb,LING TV ARENA (Late registration Available),online,2026-08-22T18:30:00Z,109,TEF-PBL,H-J,PBL,2026-07-16T17:00:00Z,889.5
6a8132d35a30714095571ed0,Vault Of Games #6 🏆|OFF-SEASON |WEEKLY,online,2026-08-23T01:00:00Z,216,TEF-PBL,H-J,PBL,2026-07-16T17:00:00Z,896.0
6a851bbf5a3071409557425a,SEASAC League Challenge #21 (SEASON 4) [50 CODES],online,2026-08-23T11:30:00Z,169,TEF-PBL,H-J,PBL,2026-07-16T17:00:00Z,906.5
6a79ca462b308b6067b5006c,Tournoi amical LEAGUE canto N62° SPECIAL,online,2026-08-23T12:00:00Z,79,TEF-PBL,H-J,PBL,2026-07-16T17:00:00Z,907.0
6a7e07552b308b6067b52ee5,Deep Sea Draw - Sei's Community Tourney (8/2026),online,2026-08-23T21:00:00Z,64,TEF-PBL,H-J,PBL,2026-07-16T17:00:00Z,916.0
6a83b0f35a3071409557386e,Rare Candy Club Showdown #39 (50 CODES),online,2026-08-24T00:00:00Z,282,TEF-PBL,H-J,PBL,2026-07-16T17:00:00Z,919.0
6a87fdda78baaa6d1c224f57,SEASAC League Challenge #22 (SEASON 4) [50 CODES],online,2026-08-24T11:30:00Z,181,TEF-PBL,H-J,PBL,2026-07-16T17:00:00Z,930.5
6a8ab6888302ae761e5fa34f,PRE Worlds Pumpkaweekly!,online,2026-08-24T18:00:00Z,288,TEF-PBL,H-J,PBL,2026-07-16T17:00:00Z,937.0
6a835dea78baaa6d1c22251e,Sunny's Weekly #270 Trolley Ride to Worlds!,online,2026-08-24T22:05:00Z,237,TEF-PBL,H-J,PBL,2026-07-16T17:00:00Z,941.083
69d51afc0e548b5c2fbe5966,Nightshades Premier Circuit Challenge #25 50 Codes,online,2026-08-24T23:00:00Z,64,TEF-PBL,H-J,PBL,2026-07-16T17:00:00Z,942.0
6a6ace21937230b102d48cf2,🇧🇷 Hit Cup #15 | TCG Live,online,2026-08-25T00:00:00Z,87,TEF-PBL,H-J,PBL,2026-07-16T17:00:00Z,943.0
6a8ca01a8302ae761e5fb585,🏛💫 Card Temple Weekly Battles #73,online,2026-08-25T02:00:00Z,106,TEF-PBL,H-J,PBL,2026-07-16T17:00:00Z,945.0
6a8a96bc81741245b151c8ad,SEASAC League Challenge #23 (SEASON 4) [50 CODES],online,2026-08-25T11:30:00Z,153,TEF-PBL,H-J,PBL,2026-07-16T17:00:00Z,954.5
6a8aaf4e81741245b151c920,Team Corna Weekly August #5,online,2026-08-25T16:00:00Z,89,TEF-PBL,H-J,PBL,2026-07-16T17:00:00Z,959.0
6a7a21572b308b6067b5051a,⚡ Surge's TCG Vault Winner Takes All - 50 Codes,online,2026-08-25T17:00:00Z,152,TEF-PBL,H-J,PBL,2026-07-16T17:00:00Z,960.0
6a8d5c8c8302ae761e5fbd80,👑PRE WORLDS CrownOfSpain 👑 #5 (10€ paypal),online,2026-08-25T18:00:00Z,133,TEF-PBL,H-J,PBL,2026-07-16T17:00:00Z,961.0
6a85d9ab5a30714095574686,World Practice Tourney - Last Prize Series #14,online,2026-08-25T23:35:00Z,182,TEF-PBL,H-J,PBL,2026-07-16T17:00:00Z,966.583
6a8a69d38302ae761e5fa283,Pudding Weekly #10 | STAY IN CHARACTER!,online,2026-08-26T01:00:00Z,111,TEF-PBL,H-J,PBL,2026-07-16T17:00:00Z,968.0
6a7a214b2b308b6067b50518,⚡ Surge's TCG Vault Winner Takes All - 50 Codes,online,2026-08-26T17:00:00Z,116,TEF-PBL,H-J,PBL,2026-07-16T17:00:00Z,984.0
6a8671fc78baaa6d1c22414d,Amyverse PTCG Live Weekly #10 💛 Cash Prize!,online,2026-08-26T18:00:00Z,77,TEF-PBL,H-J,PBL,2026-07-16T17:00:00Z,985.0
6a8e92c90580a332c84202ed,ASRcristiano # 183 - 60 codes prize pool!,online,2026-08-26T19:00:00Z,102,TEF-PBL,H-J,PBL,2026-07-16T17:00:00Z,986.0
6a8e07837a62de813013f231,Hideout TCG MID-WEEK Meta Clash 100 codes #9,online,2026-08-26T21:15:00Z,71,TEF-PBL,H-J,PBL,2026-07-16T17:00:00Z,988.25
6a85cd2978baaa6d1c2238c2,REFINE Summer Series Session 9: Mega Blastoise?,online,2026-08-26T23:30:00Z,128,TEF-PBL,H-J,PBL,2026-07-16T17:00:00Z,990.5
6a8893f18302ae761e5f8590,🏆Moujii's Dojo🏆 (Late Registration Available!),online,2026-08-27T16:10:00Z,205,TEF-PBL,H-J,PBL,2026-07-16T17:00:00Z,1007.167
6a7a2873cdc0391d7fa63275,⚡ Surge's TCG Vault Winner Takes All - 100 Codes,online,2026-08-27T19:00:00Z,98,TEF-PBL,H-J,PBL,2026-07-16T17:00:00Z,1010.0
6a93c8d6629039f77d8a5638,Full Bench Fridays PTCGL Cash Event $10 #12,online,2026-09-04T21:15:00Z,179,TEF-PBL,H-J,PBL,2026-07-16T17:00:00Z,1204.25
6a9b05d8a4272c53be646dbe,Rare Candy Club Showdown #42 (50 CODES),online,2026-09-05T00:00:00Z,131,TEF-PBL,H-J,PBL,2026-07-16T17:00:00Z,1207.0
6a92c953629039f77d8a4bf7,Perth pokemon week 3,online,2026-09-05T10:00:00Z,61,TEF-PBL,H-J,PBL,2026-07-16T17:00:00Z,1217.0
6a94b40e629039f77d8a6097,OTS Pokemon TCG Live Arena #1,online,2026-09-05T22:00:00Z,62,TEF-PBL,H-J,PBL,2026-07-16T17:00:00Z,1229.0
6a93a43a629039f77d8a55b5,Vault Of Games #1 🏆|SEASON 1|WEEKLY,online,2026-09-06T01:00:00Z,214,TEF-PBL,H-J,PBL,2026-07-16T17:00:00Z,1232.0
6a9cdee2ab080c8c957fb8ae,SEASAC League Challenge #1 (SEASON 5) [50 CODES],online,2026-09-06T11:30:00Z,157,TEF-PBL,H-J,PBL,2026-07-16T17:00:00Z,1242.5
6a99d9e5a4272c53be6460ce,Monster Collectibles After Hours Season 2 #1,online,2026-09-06T17:00:00Z,236,TEF-PBL,H-J,PBL,2026-07-16T17:00:00Z,1248.0
6a958db4629039f77d8a6771,#BATALHA DE LOJAS ELEU CARDS  VS GEEX HOBBY STORE#,online,2026-09-06T21:30:00Z,126,TEF-PBL,H-J,PBL,2026-07-16T17:00:00Z,1252.5
6a6f72c3cdc0391d7fa5a4fa,Redacted Open Cup,online,2026-09-06T22:30:00Z,134,TEF-PBL,H-J,PBL,2026-07-16T17:00:00Z,1253.5
6a978d0fab080c8c957f79ac,Rare Candy Club Showdown #43 (50 CODES),online,2026-09-07T00:00:00Z,254,TEF-PBL,H-J,PBL,2026-07-16T17:00:00Z,1255.0
6a9cdf15ab080c8c957fb8af,SEASAC League Challenge #2 (SEASON 5) [50 CODES],online,2026-09-07T11:30:00Z,141,TEF-PBL,H-J,PBL,2026-07-16T17:00:00Z,1266.5
6a9db100ab080c8c957fc12b,Pumpkaweekly,online,2026-09-07T18:00:00Z,342,TEF-PBL,H-J,PBL,2026-07-16T17:00:00Z,1273.0
6a9ebc30ab080c8c957fcc9c,The Dark League Tournament|10$ Prize Pool,online,2026-09-07T20:30:00Z,122,TEF-PBL,H-J,PBL,2026-07-16T17:00:00Z,1275.5
6a963bc7629039f77d8a717f,Sunny's Weekly #272 Enter the Dragon!,online,2026-09-07T22:05:00Z,241,TEF-PBL,H-J,PBL,2026-07-16T17:00:00Z,1277.083
6a9e0df3a4272c53be6496e0,💧🔥⚡ Domino Arena Free,online,2026-09-08T01:00:00Z,59,TEF-PBL,H-J,PBL,2026-07-16T17:00:00Z,1280.0
6a9ee909a4272c53be649d1f,🏛💫 Card Temple Weekly Battles #75,online,2026-09-08T02:00:00Z,104,TEF-PBL,H-J,PBL,2026-07-16T17:00:00Z,1281.0
6a9e3b3aab080c8c957fca1b,SEASAC League Challenge #3 (SEASON 5) [50 CODES],online,2026-09-08T11:30:00Z,166,TEF-PBL,H-J,PBL,2026-07-16T17:00:00Z,1290.5
6a9c6e29ab080c8c957fb0e5,Team Corna Weekly September's #2,online,2026-09-08T16:00:00Z,124,TEF-PBL,H-J,PBL,2026-07-16T17:00:00Z,1295.0
6a99af5fab080c8c957f8edc,👑CrownOfSpain 👑 #6  (10€ paypal),online,2026-09-08T18:00:00Z,189,TEF-PBL,H-J,PBL,2026-07-16T17:00:00Z,1297.0
6a9eec66a4272c53be649d4e,⚡ Surge's TCG Vault Winner Takes All - 50 Codes,online,2026-09-08T19:30:00Z,142,TEF-PBL,H-J,PBL,2026-07-16T17:00:00Z,1298.5
6a9ed4f6a4272c53be649c04,Hideout TCG MID-WEEK Meta Clash 100 codes #11,online,2026-09-08T21:15:00Z,91,TEF-PBL,H-J,PBL,2026-07-16T17:00:00Z,1300.25
6a9f32eba4272c53be64a4ad,Invite Qualifier - Last Prize Series,online,2026-09-08T23:35:00Z,132,TEF-PBL,H-J,PBL,2026-07-16T17:00:00Z,1302.583
6a9cd456ab080c8c957fb85a,Pudding Weekly #12 | TRADE TRADE TRADE,online,2026-09-09T01:00:00Z,113,TEF-PBL,H-J,PBL,2026-07-16T17:00:00Z,1304.0
6a9f71b8a4272c53be64a95f,SEASAC League Challenge #4 (SEASON 5) [50 CODES],online,2026-09-09T11:30:00Z,139,TEF-PBL,H-J,PBL,2026-07-16T17:00:00Z,1314.5
6aa122dbab080c8c957fee32,Circuito TCG #5 | Z2 Gaming,online,2026-09-09T16:45:00Z,63,TEF-PBL,H-J,PBL,2026-07-16T17:00:00Z,1319.75
6a98f8efab080c8c957f87af,Amyverse PTCG Live Weekly #12 💛 Cash Prize!,online,2026-09-09T18:00:00Z,156,TEF-PBL,H-J,PBL,2026-07-16T17:00:00Z,1321.0
6aa127aea4272c53be64b8e3,ASRcristiano # 185 - 60 codes - Road to Frankfurt!,online,2026-09-09T19:00:00Z,101,TEF-PBL,H-J,PBL,2026-07-16T17:00:00Z,1322.0
6a99789aab080c8c957f8ad7,REFINE Autumn Series Session 2: Apple Cider,online,2026-09-09T23:30:00Z,128,TEF-PBL,H-J,PBL,2026-07-16T17:00:00Z,1326.5
6aa17dbaab080c8c957ff0fd,Vault Of Games 🎮| Midweek Mayhem #2,online,2026-09-10T01:00:00Z,102,TEF-PBL,H-J,PBL,2026-07-16T17:00:00Z,1328.0
6aa0d9e1ab080c8c957fed59,SEASAC League Challenge #5 (SEASON 5) [50 CODES],online,2026-09-10T11:30:00Z,108,TEF-PBL,H-J,PBL,2026-07-16T17:00:00Z,1338.5
6a9f6e4dab080c8c957fdba8,​💥Plantel Battle #32 💥​100 CODES ✔️​ TOP 8,online,2026-09-10T23:00:00Z,156,TEF-PBL,H-J,PBL,2026-07-16T17:00:00Z,1350.0
6aa0dc1aa4272c53be64b7be,🟢Jolly Good Weekly #6 | Top Cut! (50 Codes!),online,2026-09-11T00:00:00Z,73,TEF-PBL,H-J,PBL,2026-07-16T17:00:00Z,1351.0
6a438738c87cd9ff0a31356f,Oceania Open! | Season 3 - Week 11,online,2026-09-11T09:30:00Z,96,TEF-PBL,H-J,PBL,2026-07-16T17:00:00Z,1360.5
6aa3c275f1243e65f97fce85,The Dark League | Baltimore Regionals Testing,online,2026-09-11T12:30:00Z,64,TEF-PBL,H-J,PBL,2026-07-16T17:00:00Z,1363.5
6aa18cb7a4272c53be64bcbb,Team Corna Weekly September's #3,online,2026-09-11T16:00:00Z,102,TEF-PBL,H-J,PBL,2026-07-16T17:00:00Z,1367.0
6a9eece8a4272c53be649d53,⚡ Surge's TCG Vault Winner Takes All Live BO3 #22,online,2026-09-11T18:00:00Z,119,TEF-PBL,H-J,PBL,2026-07-16T17:00:00Z,1369.0
6aa127fba4272c53be64b8e6,ASRcristiano # 187 - 60 codes - Road to Frankfurt!,online,2026-09-11T19:00:00Z,92,TEF-PBL,H-J,PBL,2026-07-16T17:00:00Z,1370.0
6a87214678baaa6d1c2244db,TOURNAMENT OF DOOM! SPARKLING WATER!,online,2026-09-12T02:35:00Z,511,TEF-PBL,H-J,PBL,2026-07-16T17:00:00Z,1377.583
6aa2e234a4272c53be64d0b0,SEASAC League Cup #1 (SEASON 5) [150 CODES],online,2026-09-12T11:30:00Z,126,TEF-PBL,H-J,PBL,2026-07-16T17:00:00Z,1386.5
6a99a15fa4272c53be645cd9,💲100 Cash PTCGL Welcome To The HIDEOUT,online,2026-09-12T18:10:00Z,355,TEF-PBL,H-J,PBL,2026-07-16T17:00:00Z,1393.167
6a63ce2252c24ac2da64ae00,RDG! September Open Qualifier,online,2026-09-13T00:30:00Z,117,TEF-PBL,H-J,PBL,2026-07-16T17:00:00Z,1399.5
6a9ceedbab080c8c957fb8f2,Vault Of Games #2🏆|SEASON 1|WEEKLY,online,2026-09-13T01:00:00Z,82,TEF-PBL,H-J,PBL,2026-07-16T17:00:00Z,1400.0
