chunk,event_id,date,name,reported_players,has_details,has_standings,standings_players,classified_players,classification_coverage,platform,organizer
2024-09-01_2024-09-30,66820fdf30c276060508799e,2024-09-06T22:30:00.000Z,Peladão da Baixada #122 • Dawn of Area Zero,64,True,True,64,57,0.890625,PTCGL,Battle Factory & Poképauper BR
2024-09-01_2024-09-30,6682103830c27606050879a1,2024-09-20T22:30:00.000Z,Peladão da Baixada #123 • STELLAR CROWN is ON!,71,True,True,71,67,0.9436619718309859,PTCGL,Battle Factory & Poképauper BR
2024-09-01_2024-09-30,669ef610931edf05c6134c6d,2024-09-03T00:00:00.000Z,Free Entry ║ Deck Out Mondays ║ Top 32 400 Codes,193,True,True,193,186,0.9637305699481865,PTCGL,Deck Out Gaming
2024-09-01_2024-09-30,669ef62c931edf05c6134c6e,2024-09-10T00:00:00.000Z,Free Entry ║ Deck Out Mondays ║ Top 32 400 Codes,185,False,False,,,,,
2024-09-01_2024-09-30,669ef678931edf05c6134c6f,2024-09-17T00:00:00.000Z,Free Entry ║ Deck Out Mondays ║ Top 32 400 Codes,216,False,False,,,,,
2024-09-01_2024-09-30,669ef68a931edf05c6134c70,2024-09-24T00:00:00.000Z,Free Entry ║ Deck Out Mondays ║ Top 32 400 Codes,226,True,True,226,216,0.9557522123893806,PTCGL,Deck Out Gaming
2024-09-01_2024-09-30,66ace52782e459668d352919,2024-09-05T23:00:00.000Z,Evolve Thursday Night #9 - Store Credit + Codes,125,True,True,125,118,0.944,PTCGL,Evolve Cards & Collectibles
2024-09-01_2024-09-30,66afc60d82e459668d35693a,2024-09-14T15:00:00.000Z,Stellar Crown (Free Entry)(300 codes)(3 hr),108,False,False,,,,,
2024-09-01_2024-09-30,66b1c17782e459668d357dc2,2024-09-07T17:00:00.000Z,Jester's Weekly Challenge! #1 (Pre-Season),78,False,False,,,,,
2024-09-01_2024-09-30,66b6a83f82e459668d35bcd7,2024-09-07T02:35:00.000Z,TOURNAMENT OF DOOM! I'm out of ideas....,294,False,False,,,,,
2024-09-01_2024-09-30,66b6a88882e459668d35bcef,2024-09-14T02:35:00.000Z,TOURNAMENT OF DOOM! Now that's a Stellar Crown!,179,False,False,,,,,
2024-09-01_2024-09-30,66b6a8ef82e459668d35bcf3,2024-09-21T02:35:00.000Z,TOURNAMENT OF DOOM! Name my new Cat!,261,True,True,261,248,0.9501915708812261,PTCGL,Doom's Events and Catering
2024-09-01_2024-09-30,66b6a93a82e459668d35bcf7,2024-09-28T02:35:00.000Z,TOURNAMENT OF DOOM! Ouch!,245,True,True,245,236,0.963265306122449,PTCGL,Doom's Events and Catering
2024-09-01_2024-09-30,66bb91e582e459668d35f42d,2024-09-15T23:05:00.000Z,Redacted Crown #1 (100 Codes) CLOSED LISTS,192,False,False,,,,,
2024-09-01_2024-09-30,66bbac9182e459668d35f579,2024-09-19T17:30:00.000Z,Gray's PokéLeague - Stellar Crown Special,77,False,False,,,,,
2024-09-01_2024-09-30,66bf59d682e459668d361683,2024-09-11T03:35:00.000Z,CHALLENGE OF DOOM! Grocery Time!,64,False,False,,,,,
2024-09-01_2024-09-30,66c44c7a82e459668d365702,2024-09-30T17:00:00.000Z,✨ Il Covo dei Sub Series 2025 #2 ✨,109,True,True,109,107,0.981651376146789,PTCGL,Il Covo di Weavile
2024-09-01_2024-09-30,66c5674e82e459668d3662d8,2024-09-04T00:30:00.000Z,Jefferson Gym Tuesday Night Standard #7,114,True,True,114,108,0.9473684210526315,PTCGL,The Jefferson Gym
2024-09-01_2024-09-30,66c7473b82e459668d367652,2024-09-08T23:00:00.000Z,Silver Squad Standard “Baltimore Regionals 2025”,147,False,False,,,,,
2024-09-01_2024-09-30,66c77eda82e459668d367915,2024-09-25T03:35:00.000Z,CHALLENGE OF DOOM! Is it really Tuesday?,64,True,True,64,60,0.9375,PTCGL,Doom's Events and Catering
2024-09-01_2024-09-30,66c832eebf2ffe05f598c714,2024-09-14T17:00:00.000Z,Jester's Weekly Challenge! #2 (Pre-Season),64,False,False,,,,,
2024-09-01_2024-09-30,66c83352bf2ffe05f598c718,2024-09-21T17:00:00.000Z,Jester's Weekly Challenge! #3 (Pre-Season),61,True,True,61,60,0.9836065573770492,PTCGL,JesterTCG
2024-09-01_2024-09-30,66c83366bf2ffe05f598c719,2024-09-28T17:00:00.000Z,Jester's Weekly Challenge! #4 (Pre-Season),64,True,True,64,62,0.96875,PTCGL,JesterTCG
2024-09-01_2024-09-30,66cb8f20bf2ffe05f598f5f0,2024-09-01T16:00:00.000Z,Pokémon Battle Park- 100 Codes,156,True,True,156,148,0.9487179487179487,PTCGL,Pokémon Battle Park 
2024-09-01_2024-09-30,66cce2ffbf2ffe05f5990523,2024-09-02T22:05:00.000Z,Sunny's Weekly #168 Docking In The Harbor!,128,True,True,128,120,0.9375,PTCGL,Sunny's Weekly
2024-09-01_2024-09-30,66cce8aabf2ffe05f5990594,2024-09-01T23:05:00.000Z,Redacted Battle Royale!,86,True,False,,,,PTCGL,Redacted Gaming
2024-09-01_2024-09-30,66ce94d0bf2ffe05f5991bdc,2024-09-11T00:30:00.000Z,Jefferson Gym Tuesday Night Standard #8,90,False,False,,,,,
2024-09-01_2024-09-30,66cf259abf2ffe05f5991ffa,2024-09-01T01:00:00.000Z,瞬间失忆联赛第一赛季第15场 Amnesia Series S1-15【Top16 200code】,128,True,True,128,124,0.96875,PTCGL,Amnesia League
2024-09-01_2024-09-30,66cf7395bf2ffe05f599251d,2024-09-04T18:35:00.000Z,🐉Team Rocket League Day #182,76,True,True,76,71,0.9342105263157895,PTCGL,Team Rocket
2024-09-01_2024-09-30,66cf79e6bf2ffe05f599258b,2024-09-21T23:05:00.000Z,Redacted Crown #2 (100 Codes) CLOSED LISTS,167,True,True,167,160,0.9580838323353293,PTCGL,Redacted Gaming
2024-09-01_2024-09-30,66cf7ae2bf2ffe05f599259a,2024-09-28T23:05:00.000Z,Redacted Crown #3 (100 Codes) CLOSED LISTS,142,True,True,142,132,0.9295774647887324,PTCGL,Redacted Gaming
2024-09-01_2024-09-30,66cf8fbabf2ffe05f599268c,2024-09-03T18:00:00.000Z,Gray's PokéLeague #8,117,True,True,117,109,0.9316239316239316,PTCGL,Gray's PokéLeague
2024-09-01_2024-09-30,66cf91b9bf2ffe05f599269f,2024-09-04T16:00:00.000Z,Late Night 201 - Season 10 EU Opener,174,True,False,,,,PTCGL,Late Night Events
2024-09-01_2024-09-30,66cfa12fbf2ffe05f5992752,2024-09-04T23:00:00.000Z,Late Night 202 - Season 10 NA Opener,276,True,True,276,260,0.9420289855072463,PTCGL,Late Night Events
2024-09-01_2024-09-30,66cfa642bf2ffe05f59927ed,2024-09-11T16:00:00.000Z,Late Night 203,201,False,False,,,,,
2024-09-01_2024-09-30,66cfa774bf2ffe05f5992806,2024-09-18T16:00:00.000Z,Late Night 205,221,False,False,,,,,
2024-09-01_2024-09-30,66cfa7a4bf2ffe05f5992808,2024-09-25T16:00:00.000Z,Late Night 207,217,True,True,217,207,0.9539170506912442,PTCGL,Late Night Events
2024-09-01_2024-09-30,66cfb0c5bf2ffe05f59928c5,2024-09-11T23:00:00.000Z,Late Night 204,246,False,False,,,,,
2024-09-01_2024-09-30,66d07c19bf2ffe05f5993151,2024-09-18T23:00:00.000Z,Late Night 206,268,False,False,,,,,
2024-09-01_2024-09-30,66d07c50bf2ffe05f5993153,2024-09-25T23:00:00.000Z,Late Night 208,292,True,True,292,281,0.9623287671232876,PTCGL,Late Night Events
2024-09-01_2024-09-30,66d0d69dbf2ffe05f59938bc,2024-09-05T16:35:00.000Z,🐉Team Rocket League Day #183,109,True,True,109,100,0.9174311926605505,PTCGL,Team Rocket
2024-09-01_2024-09-30,66d0d6bcbf2ffe05f59938bd,2024-09-05T18:35:00.000Z,🐉Team Rocket League Day #184,80,True,True,80,76,0.95,PTCGL,Team Rocket
2024-09-01_2024-09-30,66d1e107bf2ffe05f59943e9,2024-09-02T14:00:00.000Z,Silver Squad weekly Pawmots Charge,109,True,True,109,99,0.908256880733945,PTCGL,Silver Squad
2024-09-01_2024-09-30,66d31fe3bf2ffe05f5995826,2024-09-04T12:00:00.000Z,Bak & Bak PokeLeague #16,57,True,True,57,54,0.9473684210526315,PTCGL,Bak & Bak PokeLab
2024-09-01_2024-09-30,66d333d0bf2ffe05f5995964,2024-09-03T23:00:00.000Z,Sem Pila Cyber League - free entry!,63,True,True,63,60,0.9523809523809523,PTCGL,SEM PILA tcg club
2024-09-01_2024-09-30,66d40858bf2ffe05f59963d4,2024-09-07T23:00:00.000Z,Mentis Fortis VII,109,False,False,,,,,
2024-09-01_2024-09-30,66d463c5bf2ffe05f59966ea,2024-09-22T15:20:00.000Z,Silver Squad Standard “Dortmund Regionals 2025”,139,True,True,139,134,0.9640287769784173,PTCGL,Silver Squad
2024-09-01_2024-09-30,66d4b25dbf2ffe05f5996c4a,2024-09-02T18:00:00.000Z,Standard Pumpka Weekly,194,True,True,194,184,0.9484536082474226,PTCGL,The Dice Town League
2024-09-01_2024-09-30,66d4ea5abf2ffe05f5996e80,2024-09-06T14:30:00.000Z,Pokémon Battle Park- 100 Codes,125,True,True,125,120,0.96,PTCGL,Pokémon Battle Park 
2024-09-01_2024-09-30,66d4ea8ebf2ffe05f5996e81,2024-09-08T16:00:00.000Z,Pokémon Battle Park- 100 Codes,148,False,False,,,,,
2024-09-01_2024-09-30,66d5f17abf2ffe05f59976eb,2024-09-09T22:00:00.000Z,Geek House Tournament #00,64,False,False,,,,,
2024-09-01_2024-09-30,66d60f18bf2ffe05f5997936,2024-09-09T22:05:00.000Z,Sunny's Weekly #169 100 After Nice!,128,False,False,,,,,
2024-09-01_2024-09-30,66d8874ebf2ffe05f59994fb,2024-09-25T00:30:00.000Z,Jefferson Gym Tuesday Night Standard #9,74,True,True,74,68,0.918918918918919,PTCGL,The Jefferson Gym
2024-09-01_2024-09-30,66d99a425bc39d158a9dc42c,2024-09-12T17:35:00.000Z,🎃Team Rocket League Day #186,94,False,False,,,,,
2024-09-01_2024-09-30,66d99a895bc39d158a9dc42f,2024-09-12T19:05:00.000Z,🎃Team Rocket League Day #187,74,False,False,,,,,
2024-09-01_2024-09-30,66d99ae85bc39d158a9dc432,2024-09-13T18:35:00.000Z,🎃Team Rocket League Day #188,75,False,False,,,,,
2024-09-01_2024-09-30,66da76c05bc39d158a9dd47a,2024-09-15T14:00:00.000Z,Card Cavern Stellar Crown Showdown!,117,False,False,,,,,
2024-09-01_2024-09-30,66db34545bc39d158a9ddaa5,2024-09-24T18:00:00.000Z,Gray's PokéLeague - Champion's Road #1,114,True,True,114,111,0.9736842105263158,PTCGL,Gray's PokéLeague
2024-09-01_2024-09-30,66dd49d05bc39d158a9e0991,2024-09-11T12:00:00.000Z,Bak & Bak PokeLeague #17,53,False,False,,,,,
2024-09-01_2024-09-30,66de14f85bc39d158a9e1c3b,2024-09-15T00:00:00.000Z,Mentis Fortis VIII,90,False,False,,,,,
2024-09-01_2024-09-30,66de1c8c5bc39d158a9e1c72,2024-09-13T14:30:00.000Z,Pokémon Battle Park- Stellar Crown is Legal,93,False,False,,,,,
2024-09-01_2024-09-30,66de1ccf5bc39d158a9e1c78,2024-09-15T16:00:00.000Z,Pokémon Battle Park- Stellar Crown is Legal,88,False,False,,,,,
2024-09-01_2024-09-30,66de2f70beaddc6f2ee4ecf5,2024-09-22T23:05:00.000Z,Stellar Ditto #1 SCR is legal! (100 codes + Cash),343,True,True,343,327,0.9533527696793003,PTCGL,Blue Ditto
2024-09-01_2024-09-30,66de37f8beaddc6f2ee4ed68,2024-09-09T18:00:00.000Z,Standard Pumpka Weekly - stellar crown codes,150,False,False,,,,,
2024-09-01_2024-09-30,66df4438beaddc6f2ee4f5ae,2024-09-16T22:05:00.000Z,Sunny's Weekly #170 A Crown Fit For A Slowking!,121,False,False,,,,,
2024-09-01_2024-09-30,66df9b0fbeaddc6f2ee4fe34,2024-09-17T02:00:00.000Z,Monkey Cosmic Tournament,52,False,False,,,,,
2024-09-01_2024-09-30,66e0cb13beaddc6f2ee507a7,2024-09-16T16:30:00.000Z,Happy's PokéLeague (Stellar Crown),125,False,False,,,,,
2024-09-01_2024-09-30,66e1e2adbeaddc6f2ee51230,2024-09-19T17:05:00.000Z,🎃Team Rocket League Day #190,115,False,False,,,,,
2024-09-01_2024-09-30,66e1e2bcbeaddc6f2ee51231,2024-09-19T18:35:00.000Z,🎃Team Rocket League Day #191,55,True,True,55,53,0.9636363636363636,PTCGL,Team Rocket
2024-09-01_2024-09-30,66e31cf6beaddc6f2ee51e34,2024-09-20T19:05:00.000Z,🎃Team Rocket League Day #192,90,True,True,90,87,0.9666666666666667,PTCGL,Team Rocket
2024-09-01_2024-09-30,66e31d45beaddc6f2ee51e36,2024-09-18T18:35:00.000Z,🎃Team Rocket League Day #189,79,False,False,,,,,
2024-09-01_2024-09-30,66e5be5ea39c5e0621c02686,2024-09-18T03:35:00.000Z,CHALLENGE OF DOOM! I need more Terapagos!,64,False,False,,,,,
2024-09-01_2024-09-30,66e5d3baa39c5e0621c02850,2024-09-21T15:00:00.000Z,Mini Stellar Crown (Free Entry)(160 codes)(3 hr),96,True,True,96,94,0.9791666666666666,PTCGL,LordAvalon
2024-09-01_2024-09-30,66e68391a39c5e0621c02d76,2024-09-20T14:30:00.000Z,Pokémon Battle Park- Stellar Crown is Legal,150,True,True,150,145,0.9666666666666667,PTCGL,Pokémon Battle Park 
2024-09-01_2024-09-30,66e683c7a39c5e0621c02d77,2024-09-22T16:00:00.000Z,Pokémon Battle Park- Stellar Crown is Legal,79,True,True,79,77,0.9746835443037974,PTCGL,Pokémon Battle Park 
2024-09-01_2024-09-30,66e70485a39c5e0621c03213,2024-09-16T18:00:00.000Z,Standard Pumpka Weekly,134,False,False,,,,,
2024-09-01_2024-09-30,66e7736fa39c5e0621c0381e,2024-09-22T19:00:00.000Z,VENUM LEAGUE // CHALLENGER SERIES // FALL WEEK 2🐍,50,True,False,,,,PTCGL,VENUM LEAGUE
2024-09-01_2024-09-30,66e792b9a39c5e0621c039eb,2024-09-19T23:30:00.000Z,PokeDeck #69 |100 CODES |OPEN  Stellar crown,176,True,True,176,167,0.9488636363636364,PTCGL,Poké Deck 
2024-09-01_2024-09-30,66e7e843a39c5e0621c03ac9,2024-09-20T17:00:00.000Z,Absolem TCG - Cup #1,72,True,True,72,68,0.9444444444444444,PTCGL,Absolem TCG
2024-09-01_2024-09-30,66e8797ba39c5e0621c03fdb,2024-09-23T22:05:00.000Z,Sunny's Weekly #171 The Turtle Club!,128,True,True,128,122,0.953125,PTCGL,Sunny's Weekly
2024-09-01_2024-09-30,66e9a38ea39c5e0621c04cbb,2024-09-24T16:30:00.000Z,Absolem TCG - Challenge #1,103,True,True,103,97,0.941747572815534,PTCGL,Absolem TCG
2024-09-01_2024-09-30,66ec762ea39c5e0621c067f9,2024-09-26T16:35:00.000Z,🎃Team Rocket League Day #193,115,True,True,115,112,0.9739130434782609,PTCGL,Team Rocket
2024-09-01_2024-09-30,66ec7680a39c5e0621c067fa,2024-09-26T18:35:00.000Z,🎃Team Rocket League Day #194,68,True,True,68,68,1.0,PTCGL,Team Rocket
2024-09-01_2024-09-30,66ecc2bfa39c5e0621c06c4b,2024-09-27T19:05:00.000Z,🎃Team Rocket League Day #195,90,True,True,90,87,0.9666666666666667,PTCGL,Team Rocket
2024-09-01_2024-09-30,66edc47ba39c5e0621c07552,2024-09-27T22:30:00.000Z,Poli's Poolhouse Weekly! #4,58,True,True,58,57,0.9827586206896551,PTCGL,Poli’s Poolhouse
2024-09-01_2024-09-30,66edc7b6a39c5e0621c0759b,2024-09-25T19:20:00.000Z,JPX Tournament,51,True,True,51,50,0.9803921568627451,PTCGL,JPretix
2024-09-01_2024-09-30,66efb217a39c5e0621c08b79,2024-09-29T01:00:00.000Z,Mentis Fortis X,54,True,True,54,52,0.9629629629629629,PTCGL,Plus Ultra CGA
2024-09-01_2024-09-30,66f02d24a39c5e0621c08f29,2024-09-23T18:00:00.000Z,Standard Pumpka Weekly,201,True,True,201,196,0.9751243781094527,PTCGL,The Dice Town League
2024-09-01_2024-09-30,66f032a9a39c5e0621c08f6b,2024-09-27T14:30:00.000Z,Pokémon Battle Park- 100 Codes,124,True,True,124,121,0.9758064516129032,PTCGL,Pokémon Battle Park 
2024-09-01_2024-09-30,66f032efa39c5e0621c08f6f,2024-09-29T16:00:00.000Z,Pokémon Battle Park- 100 Codes,125,True,True,125,121,0.968,PTCGL,Pokémon Battle Park 
2024-09-01_2024-09-30,66f044f5a39c5e0621c0914d,2024-09-25T13:00:00.000Z,MOSCO Masters: Pokemon TCG Live Tournament #1,57,True,True,57,54,0.9473684210526315,PTCGL,MOSCO
2024-09-01_2024-09-30,66f1c2cca39c5e0621c0a1dc,2024-09-30T22:05:00.000Z,Sunny's Weekly #172 Briar Rhymes With Fryer!,111,True,True,111,108,0.972972972972973,PTCGL,Sunny's Weekly
2024-09-01_2024-09-30,66f1f3eca39c5e0621c0a554,2024-09-27T00:30:00.000Z,Tournois DresseurPokeCharbie #31,87,True,False,,,,PTCGL,DresseurPokeCharbie
2024-09-01_2024-09-30,66f200c0a39c5e0621c0a6bb,2024-09-24T23:30:00.000Z,PokeDeck #70,50,True,True,50,49,0.98,PTCGL,Poké Deck 
2024-09-01_2024-09-30,66f4f8a0a39c5e0621c0c74f,2024-09-29T23:00:00.000Z,VALUEUP GRADING & KANTÖCARDS September 2024,63,True,True,63,62,0.9841269841269841,PTCGL,Alpha TTCG
2024-09-01_2024-09-30,66f73ad7a23f2120819cf654,2024-09-29T19:00:00.000Z,VENUM LEAGUE // CHALLENGER SERIES // FALL WEEK 3🐍,60,True,True,60,57,0.95,PTCGL,VENUM LEAGUE
2024-10-01_2024-10-31,669ef6a9931edf05c6134c71,2024-10-01T00:00:00.000Z,Free Entry ║ Deck Out Mondays ║ Top 16 200 Codes,226,True,True,226,220,0.9734513274336283,PTCGL,Deck Out Gaming
2024-10-01_2024-10-31,66cf82d6bf2ffe05f599260e,2024-10-05T23:05:00.000Z,Redacted Crown #4 (100 Codes) CLOSED LISTS,154,False,False,,,,,
2024-10-01_2024-10-31,66cfa7cebf2ffe05f599280b,2024-10-02T16:00:00.000Z,Late Night 209,254,True,True,254,249,0.9803149606299213,PTCGL,Late Night Events
2024-10-01_2024-10-31,66cfa828bf2ffe05f599280e,2024-10-09T16:00:00.000Z,Late Night 211,239,False,False,,,,,
2024-10-01_2024-10-31,66cfa857bf2ffe05f5992810,2024-10-16T16:00:00.000Z,Late Night 213,225,True,True,225,217,0.9644444444444444,PTCGL,Late Night Events
2024-10-01_2024-10-31,66cfa898bf2ffe05f5992811,2024-10-23T16:00:00.000Z,Late Night 215,205,True,True,205,201,0.9804878048780488,PTCGL,Late Night Events
2024-10-01_2024-10-31,66d07c85bf2ffe05f5993157,2024-10-02T23:00:00.000Z,Late Night 210,290,True,False,,,,PTCGL,Late Night Events
2024-10-01_2024-10-31,66d07cbdbf2ffe05f5993159,2024-10-09T23:00:00.000Z,Late Night 212,286,False,False,,,,,
2024-10-01_2024-10-31,66d07cebbf2ffe05f599315b,2024-10-16T23:15:00.000Z,Late Night 214,314,True,True,314,303,0.964968152866242,PTCGL,Late Night Events
2024-10-01_2024-10-31,66d07d3dbf2ffe05f599315c,2024-10-23T23:00:00.000Z,Late Night 216,283,True,True,283,277,0.9787985865724381,PTCGL,Late Night Events
2024-10-01_2024-10-31,66db84cc5bc39d158a9dde69,2024-10-06T15:20:00.000Z,Silver Squad Standard “Louisville Regional 2025”,67,False,False,,,,,
2024-10-01_2024-10-31,66e07778beaddc6f2ee50456,2024-10-06T23:05:00.000Z,Stellar Ditto #2 (100 codes),165,False,False,,,,,
2024-10-01_2024-10-31,66e07880beaddc6f2ee50496,2024-10-13T23:05:00.000Z,Stellar Ditto #3 (100 codes),118,False,False,,,,,
2024-10-01_2024-10-31,66ec31b2a39c5e0621c0640e,2024-10-13T14:20:00.000Z,Silver Squad Standard “Lille Regionals 2025”,63,False,False,,,,,
2024-10-01_2024-10-31,66ec321fa39c5e0621c0640f,2024-10-29T21:30:00.000Z,Silver Squad Standard “Gdańsk Regionals 2025”,71,True,True,71,69,0.971830985915493,PTCGL,Silver Squad
2024-10-01_2024-10-31,66ec4a43a39c5e0621c064ca,2024-10-05T02:35:00.000Z,TOURNAMENT OF DOOM! Dusknoir is....,255,False,False,,,,,
2024-10-01_2024-10-31,66ec4a8ea39c5e0621c064cc,2024-10-12T02:35:00.000Z,TOURNAMENT OF DOOM! Where is my Pizza!?!?!?,224,False,False,,,,,
2024-10-01_2024-10-31,66ec4ad3a39c5e0621c064cd,2024-10-19T02:35:00.000Z,TOURNAMENT OF DOOM! is listening to Lo-fi Tunes,214,True,True,214,206,0.9626168224299065,PTCGL,Doom's Events and Catering
2024-10-01_2024-10-31,66ec4b1aa39c5e0621c064ce,2024-10-26T02:35:00.000Z,TOURNAMENT OF DOOM! SPOOKY MONTH!,173,True,True,173,167,0.9653179190751445,PTCGL,Doom's Events and Catering
2024-10-01_2024-10-31,66efdc6ea39c5e0621c08c13,2024-10-05T17:00:00.000Z,Jester's Weekly Challenge! #5 (Pre-Season),64,False,False,,,,,
2024-10-01_2024-10-31,66f09c05a39c5e0621c096b6,2024-10-21T00:00:00.000Z,🐍TLS TCG SERIES QUALIFIER 3/10 - (200 Codes),138,True,True,138,134,0.9710144927536232,PTCGL,Team Lethal Strike
2024-10-01_2024-10-31,66f0cd9da39c5e0621c09b44,2024-10-02T00:30:00.000Z,Jefferson Gym Tuesday Night Standard #10,126,True,True,126,125,0.9920634920634921,PTCGL,The Jefferson Gym
2024-10-01_2024-10-31,66f1a9a5a39c5e0621c0a00e,2024-10-03T16:00:00.000Z,🏆Moujii's Dojo🏆300x PTCGL Codes!🏆,95,True,True,95,92,0.968421052631579,PTCGL,Moujii's Dojo
2024-10-01_2024-10-31,66f1fdeda39c5e0621c0a66c,2024-10-08T00:00:00.000Z,Free Entry ║ Deck Out Mondays ║ Top 16 200 Codes,200,False,False,,,,,
2024-10-01_2024-10-31,66f1fe32a39c5e0621c0a66f,2024-10-15T00:00:00.000Z,Free Entry ║ Deck Out Mondays ║ Top 16 200 Codes,172,True,True,172,165,0.9593023255813954,PTCGL,Deck Out Gaming
2024-10-01_2024-10-31,66f1fe5aa39c5e0621c0a673,2024-10-22T00:00:00.000Z,Free Entry ║ Deck Out Mondays ║ Top 16 200 Codes,195,True,True,195,192,0.9846153846153847,PTCGL,Deck Out Gaming
2024-10-01_2024-10-31,66f1fe74a39c5e0621c0a676,2024-10-29T00:00:00.000Z,Free Entry ║ Deck Out Mondays ║ Top 16 200 Codes,177,True,True,177,175,0.9887005649717514,PTCGL,Deck Out Gaming
2024-10-01_2024-10-31,66f2b068a39c5e0621c0ac5f,2024-10-03T02:30:00.000Z,【PTCG LIVE】The Can Cup#7 +1520 SV07 CODE (FREE),165,True,True,165,161,0.9757575757575757,PTCGL,The Can Cup
2024-10-01_2024-10-31,66f2fa5ba39c5e0621c0af90,2024-10-01T18:00:00.000Z,Gray's PokéLeague - Champion's Road #2,101,True,True,101,100,0.9900990099009901,PTCGL,Gray's PokéLeague
2024-10-01_2024-10-31,66f37b3da39c5e0621c0b73b,2024-10-09T00:30:00.000Z,Jefferson Gym Tuesday Night Standard #11,92,False,False,,,,,
2024-10-01_2024-10-31,66f75e9ea23f2120819cf81a,2024-10-06T05:30:00.000Z,KUYO杯 x 瞬间失忆S2揭幕战 【3v3团队赛 对战周边&海量code】,50,False,False,,,,,
2024-10-01_2024-10-31,66f8602da23f2120819d0888,2024-10-12T17:00:00.000Z,Jester's Weekly Challenge! #6 (Pre-Season),64,False,False,,,,,
2024-10-01_2024-10-31,66f8a611a23f2120819d0b5c,2024-10-01T22:30:00.000Z,Silver Squad Standard Lightning Combat,109,True,True,109,106,0.9724770642201835,PTCGL,Silver Squad
2024-10-01_2024-10-31,66f9a865a23f2120819d1745,2024-10-04T14:30:00.000Z,Pokémon Battle Park- 100 Codes,138,False,False,,,,,
2024-10-01_2024-10-31,66f9a874a23f2120819d1746,2024-10-06T16:00:00.000Z,Pokémon Battle Park- 100 Codes,149,False,False,,,,,
2024-10-01_2024-10-31,66fb0aeba23f2120819d1ea9,2024-10-07T22:05:00.000Z,Sunny's Weekly #173 Do You Believe In Magic?,121,False,False,,,,,
2024-10-01_2024-10-31,66fb207aa23f2120819d1f9a,2024-10-03T16:35:00.000Z,🎃Team Rocket League Day #196,68,True,True,68,63,0.9264705882352942,PTCGL,Team Rocket
2024-10-01_2024-10-31,66fb20aaa23f2120819d1fd2,2024-10-03T18:35:00.000Z,🎃Team Rocket League Day #197,90,True,True,90,88,0.9777777777777777,PTCGL,Team Rocket
2024-10-01_2024-10-31,66fb2146a23f2120819d1fda,2024-10-04T18:35:00.000Z,🎃Team Rocket League Day #198,103,False,False,,,,,
2024-10-01_2024-10-31,66fb573ea23f2120819d2452,2024-10-04T22:30:00.000Z,Poli's Poolhouse Weekly! #5,94,False,False,,,,,
2024-10-01_2024-10-31,66fc25bda23f2120819d299f,2024-10-09T03:35:00.000Z,CHALLENGE OF DOOM! Trees! Trees! Trees!,64,False,False,,,,,
2024-10-01_2024-10-31,66fc25f5a23f2120819d29a0,2024-10-23T03:35:00.000Z,CHALLENGE OF DOOM! FUN SIZED!,64,True,True,64,63,0.984375,PTCGL,Doom's Events and Catering
2024-10-01_2024-10-31,66fcc4dfa23f2120819d3269,2024-10-16T00:30:00.000Z,Jefferson Gym Tuesday Night Standard #12,85,True,True,85,81,0.9529411764705882,PTCGL,The Jefferson Gym
2024-10-01_2024-10-31,66fd40cca23f2120819d3416,2024-10-24T21:30:00.000Z,Silver Squad Standard The jewl collection,85,True,True,85,85,1.0,PTCGL,Silver Squad
2024-10-01_2024-10-31,66feae7ca23f2120819d4674,2024-10-08T18:00:00.000Z,Gray's PokéLeague - Champion's Road #3,88,False,False,,,,,
2024-10-01_2024-10-31,66fee55aa23f2120819d4a1e,2024-10-10T18:35:00.000Z,🎃Team Rocket League Day #199,118,False,False,,,,,
2024-10-01_2024-10-31,66fee581a23f2120819d4a20,2024-10-10T19:35:00.000Z,🎃Team Rocket League Day #200 TCG#500,79,False,False,,,,,
2024-10-01_2024-10-31,66fee66ba23f2120819d4a42,2024-10-11T18:35:00.000Z,🎃Team Rocket League Day #201,89,False,False,,,,,
2024-10-01_2024-10-31,66ff11e2a23f2120819d4c9f,2024-10-03T23:40:00.000Z,Blue Ditto Pop-up! (100 codes),87,True,False,,,,PTCGL,Blue Ditto
2024-10-01_2024-10-31,67003b5da23f2120819d58fa,2024-10-17T16:10:00.000Z,🏆Moujii's Dojo🏆300x PTCGL Codes!🏆,93,True,True,93,90,0.967741935483871,PTCGL,Moujii's Dojo
2024-10-01_2024-10-31,67004eb5a23f2120819d59f6,2024-10-22T18:00:00.000Z,Gray's PokéLeague - Champion's Road #4,102,True,True,102,101,0.9901960784313726,PTCGL,Gray's PokéLeague
2024-10-01_2024-10-31,67004ee5a23f2120819d59f9,2024-10-29T19:00:00.000Z,Gray's PokéLeague - Champion's Road #5,115,False,False,,,,,
2024-10-01_2024-10-31,6700f3f9a23f2120819d6583,2024-10-13T00:30:00.000Z,Mentis Fortis XI,89,False,False,,,,,
2024-10-01_2024-10-31,6701698ba23f2120819d7cfc,2024-10-06T19:00:00.000Z,VENUM LEAGUE // CHALLENGER SERIES // FALL WEEK 4🐍,64,False,False,,,,,
2024-10-01_2024-10-31,6701e495a23f2120819d82c3,2024-10-15T23:30:00.000Z,Game 1 : A new beginning,85,True,True,85,82,0.9647058823529412,PTCGL,Trainer’s Trove
2024-10-01_2024-10-31,67024740a23f2120819d8649,2024-10-26T17:00:00.000Z,Jester's Weekly Challenge! #7 (Pre-Season),64,True,True,64,63,0.984375,PTCGL,JesterTCG
2024-10-01_2024-10-31,6702b9b9a23f2120819d8d46,2024-10-07T18:00:00.000Z,Standard Pumpka Weekly,216,False,False,,,,,
2024-10-01_2024-10-31,6702e8f9a23f2120819d918b,2024-10-08T16:30:00.000Z,Absolem TCG - Challenge #3,91,False,False,,,,,
2024-10-01_2024-10-31,67030df7a23f2120819d9392,2024-10-11T14:30:00.000Z,Pokémon Battle Park- 100 Codes,91,False,False,,,,,
2024-10-01_2024-10-31,67030e2da23f2120819d9394,2024-10-13T16:00:00.000Z,Pokémon Battle Park- 100 Codes,115,False,False,,,,,
2024-10-01_2024-10-31,6704308fa23f2120819d9c48,2024-10-14T22:05:00.000Z,Sunny's Weekly #174 October Baseball!,113,True,True,113,107,0.9469026548672567,PTCGL,Sunny's Weekly
2024-10-01_2024-10-31,6704685da23f2120819d9fe2,2024-10-11T00:15:00.000Z,Tournois DresseurPokeCharbie #33,71,False,False,,,,,
2024-10-01_2024-10-31,67086860a23f2120819dc720,2024-10-17T16:35:00.000Z,🎃Team Rocket League Day #202,55,True,True,55,55,1.0,PTCGL,Team Rocket
2024-10-01_2024-10-31,6708689aa23f2120819dc722,2024-10-17T18:35:00.000Z,🎃Team Rocket League Day #203,76,True,True,76,76,1.0,PTCGL,Team Rocket
2024-10-01_2024-10-31,670868c7a23f2120819dc723,2024-10-18T18:35:00.000Z,🎃Team Rocket League Day #204,78,True,True,78,77,0.9871794871794872,PTCGL,Team Rocket
2024-10-01_2024-10-31,6708f1cba23f2120819dc9a5,2024-10-13T00:00:00.000Z,TDG Late Night #1,70,False,False,,,,,
2024-10-01_2024-10-31,670a719da23f2120819dda69,2024-10-12T19:00:00.000Z,ASRcristiano #0,55,False,False,,,,,
2024-10-01_2024-10-31,670ab3b1a23f2120819ddf48,2024-10-13T19:00:00.000Z,VENUM LEAGUE // CHALLENGER SERIES // FALL WEEK 5🐍,59,False,False,,,,,
2024-10-01_2024-10-31,670b6544a23f2120819de598,2024-10-19T23:35:00.000Z,Mentis Fortis XII,103,True,True,103,101,0.9805825242718447,PTCGL,Plus Ultra CGA
2024-10-01_2024-10-31,670bd8f4a23f2120819de985,2024-10-18T14:30:00.000Z,Pokémon Battle Park,98,True,True,98,93,0.9489795918367347,PTCGL,Pokémon Battle Park 
2024-10-01_2024-10-31,670bd923a23f2120819de987,2024-10-20T16:00:00.000Z,Pokémon Battle Park,104,True,True,104,101,0.9711538461538461,PTCGL,Pokémon Battle Park 
2024-10-01_2024-10-31,670c0c53a23f2120819ded7b,2024-10-14T18:00:00.000Z,Standard Pumpka Weekly,178,True,True,178,174,0.9775280898876404,PTCGL,The Dice Town League
2024-10-01_2024-10-31,670d6c5fe1a875097763ab73,2024-10-17T23:30:00.000Z,Free | PokeDeck #73,84,True,True,84,83,0.9880952380952381,PTCGL,Poké Deck 
2024-10-01_2024-10-31,670d79c4e1a875097763ac48,2024-10-21T22:05:00.000Z,Sunny's Weekly #175! The Rock Concert Event!,128,True,True,128,127,0.9921875,PTCGL,Sunny's Weekly
2024-10-01_2024-10-31,670d97c2e1a875097763adc0,2024-10-22T23:15:00.000Z,Stellar Ditto #4 (200 codes + Cash),219,True,True,219,215,0.9817351598173516,PTCGL,Blue Ditto
2024-10-01_2024-10-31,670e834de1a875097763b3ce,2024-10-27T23:05:00.000Z,Stellar Ditto #5 (100 codes),179,True,True,179,174,0.9720670391061452,PTCGL,Blue Ditto
2024-10-01_2024-10-31,670f3113e1a875097763ba47,2024-10-30T00:30:00.000Z,Jefferson Gym Tuesday Night Standard #14,85,True,True,85,82,0.9647058823529412,PTCGL,The Jefferson Gym
2024-10-01_2024-10-31,670fb903e1a875097763bc0c,2024-10-19T01:00:00.000Z,瞬间失忆联赛第2赛季第1场 Amnesia Series S2-01【Top16 200code】,70,True,True,70,68,0.9714285714285714,PTCGL,Amnesia League
2024-10-01_2024-10-31,6710c338e1a875097763ca7f,2024-10-19T18:30:00.000Z,ASRcristiano #2,56,True,True,56,55,0.9821428571428571,PTCGL,ASRcristiano League
2024-10-01_2024-10-31,6712c14fc7dc61a5a5f4398b,2024-10-24T16:05:00.000Z,🏆Moujii's Dojo🏆300x PTCGL Codes!🏆,121,True,True,121,116,0.9586776859504132,PTCGL,Moujii's Dojo
2024-10-01_2024-10-31,6712fe2ac7dc61a5a5f43c49,2024-10-19T21:35:00.000Z,Mudkip's Den #4 Win a Pizza,65,True,True,65,63,0.9692307692307692,PTCGL,Mudkip's Den
2024-10-01_2024-10-31,67140facc7dc61a5a5f446d5,2024-10-20T19:00:00.000Z,VENUM LEAGUE // CHALLENGER SERIES // FALL WEEK 6🐍,64,True,True,64,63,0.984375,PTCGL,VENUM LEAGUE
2024-10-01_2024-10-31,67149d01c7dc61a5a5f44acf,2024-10-27T00:00:00.000Z,Mentis Fortis XIII,57,True,True,57,54,0.9473684210526315,PTCGL,Plus Ultra CGA
2024-10-01_2024-10-31,671577a1c7dc61a5a5f45eca,2024-10-25T14:30:00.000Z,Pokémon Battle Park,99,True,True,99,94,0.9494949494949495,PTCGL,Pokémon Battle Park 
2024-10-01_2024-10-31,671577d0c7dc61a5a5f45ecb,2024-10-27T16:00:00.000Z,Pokémon Battle Park,119,True,True,119,116,0.9747899159663865,PTCGL,Pokémon Battle Park 
2024-10-01_2024-10-31,6716739526bb4c6d2e608316,2024-10-23T18:35:00.000Z,ASRcristiano # 3,52,True,True,52,52,1.0,PTCGL,ASRcristiano League
2024-10-01_2024-10-31,6716bcec26bb4c6d2e6085a1,2024-10-28T22:05:00.000Z,Sunny's Weekly #176 A Nightmare on Sunny Street!,104,True,True,104,99,0.9519230769230769,PTCGL,Sunny's Weekly
2024-10-01_2024-10-31,6717ae5426bb4c6d2e608d84,2024-10-27T19:00:00.000Z,VENUM LEAGUE // CHALLENGER SERIES // FALL WEEK 7🐍,64,True,True,64,62,0.96875,PTCGL,VENUM LEAGUE
2024-10-01_2024-10-31,6718592826bb4c6d2e60969f,2024-10-26T01:00:00.000Z,瞬间失忆联赛第2赛季第2场 Amnesia Series S2-02【Top16 200code】,55,True,True,55,54,0.9818181818181818,PTCGL,Amnesia League
2024-10-01_2024-10-31,67189f0426bb4c6d2e6098df,2024-10-25T17:00:00.000Z,Absolem TCG - Cup #6,66,True,True,66,65,0.9848484848484849,PTCGL,Absolem TCG
2024-10-01_2024-10-31,671a03cf8a16be452414b9b9,2024-10-25T00:00:00.000Z,Apollo's First Weekly!,64,True,True,64,63,0.984375,PTCGL,Apollo's Gym
2024-10-01_2024-10-31,671cf68c0947ec3b5d18b756,2024-10-26T23:05:00.000Z,Redacted Fun #1 (Snorlax Banned),102,True,False,,,,PTCGL,Redacted Gaming
2024-10-01_2024-10-31,671e44a80947ec3b5d18c552,2024-10-28T19:00:00.000Z,Pumpka Weekly,201,True,True,201,198,0.9850746268656716,PTCGL,The Dice Town League
2024-10-01_2024-10-31,671fc3100947ec3b5d18d5ce,2024-10-30T19:35:00.000Z,ASRcristiano # 4,52,True,True,52,51,0.9807692307692307,PTCGL,ASRcristiano League
2024-10-01_2024-10-31,672281420947ec3b5d18f0c7,2024-10-30T23:05:00.000Z,The councils late night #1,70,True,True,70,68,0.9714285714285714,PTCGL,the council of klawf
2024-11-01_2024-11-30,66c44cdc82e459668d365703,2024-11-06T18:00:00.000Z,✨ Il Covo dei Sub Series 2025 #3 SPECIAL ✨,105,False,False,,,,,
2024-11-01_2024-11-30,66c91237bf2ffe05f598d397,2024-11-09T16:00:00.000Z,"ToD: ""Regional"" Championships IV",202,False,False,,,,,
2024-11-01_2024-11-30,66cfa928bf2ffe05f599281a,2024-11-06T17:00:00.000Z,Late Night 219,187,False,False,,,,,
2024-11-01_2024-11-30,66cfa975bf2ffe05f599281c,2024-11-20T17:00:00.000Z,Late Night 221,226,True,True,226,220,0.9734513274336283,PTCGL,Late Night Events
2024-11-01_2024-11-30,66cfa9c0bf2ffe05f599281f,2024-11-27T19:00:00.000Z,Late Night 223/224 - THANKSGIVING MASHUP,309,True,True,309,306,0.9902912621359223,PTCGL,Late Night Events
2024-11-01_2024-11-30,66d07d99bf2ffe05f5993160,2024-11-07T00:00:00.000Z,Late Night 220,217,False,False,,,,,
2024-11-01_2024-11-30,66d07dddbf2ffe05f5993164,2024-11-21T00:00:00.000Z,Late Night 222,323,True,True,323,310,0.9597523219814241,PTCGL,Late Night Events
2024-11-01_2024-11-30,66df6a1dbeaddc6f2ee4f830,2024-11-02T23:05:00.000Z,Redacted Crown #5 (100 Codes) CLOSED LISTS,115,False,False,,,,,
2024-11-01_2024-11-30,66df6c04beaddc6f2ee4f84b,2024-11-17T00:05:00.000Z,Redacted Crown #7 (100 Codes) CLOSED LISTS,140,True,True,140,136,0.9714285714285714,PTCGL,Redacted Gaming
2024-11-01_2024-11-30,66e5ca76a39c5e0621c027b9,2024-11-16T16:00:00.000Z,Surging Sparks (Free Entry)(200 codes)(3hr),83,True,True,83,80,0.963855421686747,PTCGL,LordAvalon
2024-11-01_2024-11-30,66f09c5aa39c5e0621c096ba,2024-11-04T01:00:00.000Z,🐍TLS TCG SERIES QUALIFIER 5/10 - (200 Codes),85,False,False,,,,,
2024-11-01_2024-11-30,66f09d55a39c5e0621c096c1,2024-11-15T00:00:00.000Z,🐍TLS TCG SERIES QUALIFIER 7/10 - (200 Codes),147,True,True,147,143,0.9727891156462585,PTCGL,Team Lethal Strike
2024-11-01_2024-11-30,66f09e60a39c5e0621c096ca,2024-11-22T00:00:00.000Z,🐍TLS TCG SERIES QUALIFIER 8/10 - (200 Codes),152,True,True,152,148,0.9736842105263158,PTCGL,Team Lethal Strike
2024-11-01_2024-11-30,66f1fe95a39c5e0621c0a67b,2024-11-05T01:00:00.000Z,Free Entry ║ Deck Out Mondays ║ Top 16 200 Codes,154,False,False,,,,,
2024-11-01_2024-11-30,66f1feaba39c5e0621c0a683,2024-11-12T01:00:00.000Z,Free Entry ║ Deck Out Mondays ║ Top 16 200 Codes,214,False,False,,,,,
2024-11-01_2024-11-30,66f1fec3a39c5e0621c0a687,2024-11-19T01:00:00.000Z,Free Entry ║ Deck Out Mondays ║ Top 16 200 Codes,195,True,True,195,186,0.9538461538461539,PTCGL,Deck Out Gaming
2024-11-01_2024-11-30,66f1fed9a39c5e0621c0a68e,2024-11-26T01:00:00.000Z,Free Entry ║ Deck Out Mondays ║ Top 16 200 Codes,211,True,True,211,206,0.976303317535545,PTCGL,Deck Out Gaming
2024-11-01_2024-11-30,66f9997aa23f2120819d1664,2024-11-12T18:30:00.000Z,Gray's PokéLeague - Surging Sparks Special,133,False,False,,,,,
2024-11-01_2024-11-30,67004f25a23f2120819d59fb,2024-11-19T19:00:00.000Z,Gray's PokéLeague - Champion's Road #6,129,True,True,129,124,0.9612403100775194,PTCGL,Gray's PokéLeague
2024-11-01_2024-11-30,6700511fa23f2120819d5a28,2024-11-26T19:00:00.000Z,Gray's PokéLeague - Champion's Road #7,152,True,True,152,147,0.9671052631578947,PTCGL,Gray's PokéLeague
2024-11-01_2024-11-30,6702475ba23f2120819d864c,2024-11-23T18:30:00.000Z,Jester's Weekly Challenge! #10 (Pre-Season),64,True,True,64,60,0.9375,PTCGL,JesterTCG
2024-11-01_2024-11-30,670aab82a23f2120819ddedd,2024-11-16T03:35:00.000Z,TOURNAMENT OF DOOM! BACK ON FRIDAYS!,192,True,True,192,183,0.953125,PTCGL,Doom's Events and Catering
2024-11-01_2024-11-30,670aabcba23f2120819ddedf,2024-11-23T03:35:00.000Z,TOURNAMENT OF DOOM! GRAVY IS GOOD!,173,True,True,173,168,0.9710982658959537,PTCGL,Doom's Events and Catering
2024-11-01_2024-11-30,670aabfca23f2120819ddf01,2024-11-30T03:35:00.000Z,TOURNAMENT OF DOOM! BLACKEST FRIDAY!,218,False,False,,,,,
2024-11-01_2024-11-30,670aac52a23f2120819ddf03,2024-11-06T04:35:00.000Z,CHALLENGE OF DOOM! ROLLS THE DICE!,58,False,False,,,,,
2024-11-01_2024-11-30,670aac9aa23f2120819ddf0c,2024-11-27T04:45:00.000Z,CHALLENGE OF DOOM! Delayed for a week!,140,True,True,140,138,0.9857142857142858,PTCGL,Doom's Events and Catering
2024-11-01_2024-11-30,670e89afe1a875097763b3f7,2024-11-08T17:00:00.000Z,Polskie Nocne Granie,61,False,False,,,,,
2024-11-01_2024-11-30,6710a6e7e1a875097763ca4f,2024-11-06T00:30:00.000Z,Game 2 : Electric Boogaloo (Cup),61,False,False,,,,,
2024-11-01_2024-11-30,6717542a26bb4c6d2e608c7e,2024-11-02T06:30:00.000Z,Kuyo杯PTCG Live线上挑战赛 #10 Kuyo Cup(1220code),69,True,True,69,68,0.9855072463768116,PTCGL,The shining lion club
2024-11-01_2024-11-30,67186a3b26bb4c6d2e60975e,2024-11-06T01:30:00.000Z,Jefferson Gym Tuesday Night Standard #15,72,False,False,,,,,
2024-11-01_2024-11-30,671ac9460947ec3b5d18a443,2024-11-07T17:00:00.000Z,🏆Moujii's Dojo🏆300x PTCGL Codes!🏆,83,False,False,,,,,
2024-11-01_2024-11-30,671ea57c0947ec3b5d18ccfb,2024-11-01T14:30:00.000Z,Pokémon Battle Park,95,True,False,,,,PTCGL,Pokémon Battle Park 
2024-11-01_2024-11-30,671ea5b10947ec3b5d18ccfe,2024-11-03T17:00:00.000Z,Pokémon Battle Park,95,False,False,,,,,
2024-11-01_2024-11-30,671eec210947ec3b5d18d167,2024-11-03T20:00:00.000Z,VENUM LEAGUE // CHALLENGER SERIES // FALL WEEK 8🐍,63,False,False,,,,,
2024-11-01_2024-11-30,671f8a490947ec3b5d18d3bd,2024-11-07T19:35:00.000Z,🐉Team Rocket League Surging Sparks Testing #207,57,False,False,,,,,
2024-11-01_2024-11-30,671f8b460947ec3b5d18d3c6,2024-11-08T19:35:00.000Z,🐉Team Rocket League Surging Sparks Testing #208,65,False,False,,,,,
2024-11-01_2024-11-30,671fd8790947ec3b5d18d6b7,2024-11-04T23:05:00.000Z,Sunny's Weekly #177 Star Chronos!,98,False,False,,,,,
2024-11-01_2024-11-30,67202e530947ec3b5d18dd5b,2024-11-08T01:15:00.000Z,Tournois DresseurPokeCharbie #36,50,False,False,,,,,
2024-11-01_2024-11-30,67217fd60947ec3b5d18e879,2024-11-03T22:30:00.000Z,Mudkip's Den #5 Win a Pizza AGAIN (Cash Prizing),112,False,False,,,,,
2024-11-01_2024-11-30,6722d4d30947ec3b5d18f4d0,2024-11-07T23:00:00.000Z,SIlver sparks a new age #1,52,False,False,,,,,
2024-11-01_2024-11-30,67256caf0947ec3b5d190de1,2024-11-13T01:30:00.000Z,Jefferson Gym Tuesday Night Standard #16,175,False,False,,,,,
2024-11-01_2024-11-30,67265aba0947ec3b5d192d85,2024-11-10T15:00:00.000Z,Card Cavern Surging Sparks Showdown!,72,False,False,,,,,
2024-11-01_2024-11-30,6727e1490947ec3b5d19482e,2024-11-04T19:00:00.000Z,Pumpka Weekly,111,False,False,,,,,
2024-11-01_2024-11-30,6728244f0947ec3b5d19501d,2024-11-08T15:30:00.000Z,Pokémon Battle Park- Surging Sparks is Legal,97,False,False,,,,,
2024-11-01_2024-11-30,67283aaa0947ec3b5d1951f3,2024-11-11T00:15:00.000Z,Stellar Ditto #6 Surging Sparks Legal! (400 codes),130,False,False,,,,,
2024-11-01_2024-11-30,6729122f0947ec3b5d19591e,2024-11-17T13:00:00.000Z,60 codes booster pour le TCGATITOURNAMENT#2,52,True,True,52,50,0.9615384615384616,PTCGL,Mr-Gatito
2024-11-01_2024-11-30,67292a8c0947ec3b5d195c27,2024-11-11T23:05:00.000Z,Sunny's Weekly #178 Surge On My Spark!,128,False,False,,,,,
2024-11-01_2024-11-30,672a434d0947ec3b5d19703c,2024-11-18T00:05:00.000Z,Stellar Ditto #7 Surging Sparks Legal! (100 codes),109,True,True,109,106,0.9724770642201835,PTCGL,Blue Ditto
2024-11-01_2024-11-30,672a43a30947ec3b5d19703f,2024-11-25T00:05:00.000Z,Stellar Ditto #8 Surging Sparks Legal! (100 codes),112,True,True,112,107,0.9553571428571429,PTCGL,Blue Ditto
2024-11-01_2024-11-30,672ae9ef0947ec3b5d197d8c,2024-11-20T01:30:00.000Z,Jefferson Gym Tuesday Night Standard #17,141,True,True,141,135,0.9574468085106383,PTCGL,The Jefferson Gym
2024-11-01_2024-11-30,672b82da0947ec3b5d198239,2024-11-09T01:00:00.000Z,瞬间失忆联赛第2赛季第3场 Amnesia Series S2-03【Top16 200code】,79,False,False,,,,,
2024-11-01_2024-11-30,672e22870947ec3b5d19a79a,2024-11-14T17:10:00.000Z,🏆Moujii's Dojo🏆300x PTCGL Codes!🏆,97,True,True,97,95,0.979381443298969,PTCGL,Moujii's Dojo
2024-11-01_2024-11-30,672ec4d40947ec3b5d19bc60,2024-11-10T01:00:00.000Z,Mentis Fortis XIV,62,False,False,,,,,
2024-11-01_2024-11-30,672fbee30947ec3b5d19d320,2024-11-10T20:00:00.000Z,VENUM LEAGUE // CHALLENGER SERIES // FALL WEEK 9🐍,64,False,False,,,,,
2024-11-01_2024-11-30,672ff4b40947ec3b5d19dcd8,2024-11-14T19:35:00.000Z,🌛Team Rocket League Day #211,76,True,True,76,74,0.9736842105263158,PTCGL,Team Rocket
2024-11-01_2024-11-30,672ff67e0947ec3b5d19ddda,2024-11-15T19:35:00.000Z,🌛Team Rocket League Day #212,96,True,True,96,92,0.9583333333333334,PTCGL,Team Rocket
2024-11-01_2024-11-30,673006c90947ec3b5d19e07a,2024-11-14T00:30:00.000Z,Barb City League Online #10,96,False,False,,,,,
2024-11-01_2024-11-30,673104ee0947ec3b5d19f460,2024-11-11T19:00:00.000Z,Pumpka Weekly,190,False,False,,,,,
2024-11-01_2024-11-30,67325de90947ec3b5d1a0da6,2024-11-15T15:30:00.000Z,Pokémon Battle Park- Surging Sparks is Legal,103,True,True,103,97,0.941747572815534,PTCGL,Pokémon Battle Park 
2024-11-01_2024-11-30,67325e940947ec3b5d1a0db6,2024-11-17T17:00:00.000Z,Pokémon Battle Park- Surging Sparks is Legal,131,True,True,131,127,0.9694656488549618,PTCGL,Pokémon Battle Park 
2024-11-01_2024-11-30,673262d70947ec3b5d1a0de7,2024-11-18T23:05:00.000Z,Sunny's Weekly #179 From Sao Paulo to Sacramento!,128,True,True,128,121,0.9453125,PTCGL,Sunny's Weekly
2024-11-01_2024-11-30,6733fdd657dcc5a683fbf36b,2024-11-17T06:00:00.000Z,Kuyo杯PTCG Live线上锦标赛#4 Kuyo Cup Elite 4,60,True,True,60,59,0.9833333333333333,PTCGL,The shining lion club
2024-11-01_2024-11-30,6734699057dcc5a683fbf84b,2024-11-13T19:35:00.000Z,ASRcristiano # 6,77,False,False,,,,,
2024-11-01_2024-11-30,6735529e57dcc5a683fc10bf,2024-11-17T22:00:00.000Z,Mudkip’s Den #6 LAIC Special ($50 Cash Prizing),134,True,True,134,126,0.9402985074626866,PTCGL,Mudkip's Den
2024-11-01_2024-11-30,67365a1a140465a31486fdad,2024-11-22T17:35:00.000Z,🌛Team Rocket League Day #213,72,True,True,72,65,0.9027777777777778,PTCGL,Team Rocket
2024-11-01_2024-11-30,67367403140465a3148700e0,2024-11-21T17:05:00.000Z,🏆Moujii's Dojo🏆300x PTCGL Codes!🏆,141,True,True,141,136,0.9645390070921985,PTCGL,Moujii's Dojo
2024-11-01_2024-11-30,6738c923c4180e08eacf581e,2024-11-17T20:00:00.000Z,VENUM LEAGUE // CHALLENGER SERIES // FALL WEEK10🐍,64,True,True,64,62,0.96875,PTCGL,VENUM LEAGUE
2024-11-01_2024-11-30,673a5cbec4180e08eacf9f6b,2024-11-18T19:00:00.000Z,Pumpka Weekly,196,True,True,196,191,0.9744897959183674,PTCGL,The Dice Town League
2024-11-01_2024-11-30,673a6de5c4180e08eacfa260,2024-11-22T15:30:00.000Z,Pokémon Battle Park,102,True,True,102,101,0.9901960784313726,PTCGL,Pokémon Battle Park 
2024-11-01_2024-11-30,673a6e19c4180e08eacfa264,2024-11-24T17:00:00.000Z,Pokémon Battle Park,153,True,True,153,151,0.9869281045751634,PTCGL,Pokémon Battle Park 
2024-11-01_2024-11-30,673b34fdc4180e08eacfb256,2024-11-24T19:35:00.000Z,🌛Team Rocket League Day #214,90,True,True,90,86,0.9555555555555556,PTCGL,Team Rocket
2024-11-01_2024-11-30,673b3588c4180e08eacfb25e,2024-11-22T19:35:00.000Z,🌛Team Rocket League Day #215,90,True,True,90,87,0.9666666666666667,PTCGL,Team Rocket
2024-11-01_2024-11-30,673baf05c4180e08eacfbe1e,2024-11-25T23:05:00.000Z,Sunny's Weekly #180 The Skatepark Meet Up!,126,True,True,126,122,0.9682539682539683,PTCGL,Sunny's Weekly
2024-11-01_2024-11-30,673bfc90c4180e08eacfca09,2024-11-26T22:30:00.000Z,🐢Turtle Weekly 🐢,62,True,True,62,61,0.9838709677419355,PTCGL,Turtle Squad 
2024-11-01_2024-11-30,673c43dac4180e08eacfcdf6,2024-11-19T17:30:00.000Z,Absolem TCG - Challenge #8,62,True,True,62,59,0.9516129032258065,PTCGL,Absolem TCG
2024-11-01_2024-11-30,673d143fc4180e08eacfe0b6,2024-11-24T21:05:00.000Z,Mudkip's Den #7 (100 Codes),73,True,True,73,68,0.9315068493150684,PTCGL,Mudkip's Den
2024-11-01_2024-11-30,673d2465c4180e08eacfe1e7,2024-11-20T05:00:00.000Z,Poli's Pop Up Mickey! #2 | Sacramento Practice,51,True,True,51,47,0.9215686274509803,PTCGL,Poli’s Poolhouse
2024-11-01_2024-11-30,673f00dac4180e08ead00a6c,2024-11-21T19:35:00.000Z,ASRcristiano #8,83,True,True,83,81,0.9759036144578314,PTCGL,ASRcristiano League
2024-11-01_2024-11-30,67424344612052096f621201,2024-11-24T01:00:00.000Z,Torneo Amistoso Izanami II,104,True,False,,,,PTCGL,IzanamiCollectibles
2024-11-01_2024-11-30,67438ede612052096f6243c1,2024-11-25T19:00:00.000Z,Pumpka Weekly,196,True,True,196,189,0.9642857142857143,PTCGL,The Dice Town League
2024-11-01_2024-11-30,6743b26e612052096f624b82,2024-11-29T15:30:00.000Z,Pokémon Battle Park,117,True,True,117,113,0.9658119658119658,PTCGL,Pokémon Battle Park 
2024-11-01_2024-11-30,6744e49c612052096f626c43,2024-11-30T02:00:00.000Z,小音子杯 #1,61,True,False,,,,PTCGL,The shining lion club
2024-11-01_2024-11-30,6744f35c612052096f626f95,2024-11-26T19:35:00.000Z,ASRcristiano #9,54,True,True,54,52,0.9629629629629629,PTCGL,ASRcristiano League
2024-11-01_2024-11-30,674515e5612052096f6274ed,2024-11-29T17:35:00.000Z,🌛Team Rocket League Day #216,70,False,False,,,,,
2024-11-01_2024-11-30,67451753612052096f62750e,2024-11-29T19:35:00.000Z,🌛Team Rocket League Day #217,84,True,True,84,77,0.9166666666666666,PTCGL,Team Rocket
2024-11-01_2024-11-30,6745c209612052096f62801e,2024-11-29T23:00:00.000Z,Poli's Poolhouse Weekly! #7,89,True,True,89,86,0.9662921348314607,PTCGL,Poli’s Poolhouse
2024-11-01_2024-11-30,67466f32612052096f62964e,2024-11-28T19:35:00.000Z,ASRcristiano #10,154,True,True,154,148,0.961038961038961,PTCGL,ASRcristiano League
2024-11-01_2024-11-30,6747b45f70c192088cf12de0,2024-11-28T02:00:00.000Z,Poli's Pop Up Mickey #6!,61,True,True,61,58,0.9508196721311475,PTCGL,Poli’s Poolhouse
2024-11-01_2024-11-30,6748687c70c192088cf136a6,2024-11-29T02:00:00.000Z,TurkeyTime,90,True,True,90,86,0.9555555555555556,PTCGL,Evan’s Events
2024-12-01_2024-12-31,66b3c1bd82e459668d3595dd,2024-12-28T17:00:00.000Z,Jester's Quarter Cup! -  (Pre-Season),123,True,True,123,117,0.9512195121951219,PTCGL,JesterTCG
2024-12-01_2024-12-31,66c44dec82e459668d365704,2024-12-04T18:00:00.000Z,✨ Il Covo dei Sub Series 2025 #4 ✨,73,False,False,,,,,
2024-12-01_2024-12-31,66cfa9f0bf2ffe05f5992823,2024-12-04T17:00:00.000Z,Late Night 225,259,False,False,,,,,
2024-12-01_2024-12-31,66cfaa1ebf2ffe05f5992825,2024-12-11T17:00:00.000Z,Late Night 227,207,True,True,207,205,0.9903381642512077,PTCGL,Late Night Events
2024-12-01_2024-12-31,66cfaa50bf2ffe05f5992828,2024-12-18T17:00:00.000Z,Late Night 229,222,True,True,222,211,0.9504504504504504,PTCGL,Late Night Events
2024-12-01_2024-12-31,66d07e74bf2ffe05f5993169,2024-12-05T00:00:00.000Z,Late Night 226,304,False,False,,,,,
2024-12-01_2024-12-31,66d07f30bf2ffe05f599316d,2024-12-12T00:00:00.000Z,Late Night 228,240,True,True,240,236,0.9833333333333333,PTCGL,Late Night Events
2024-12-01_2024-12-31,66d07f71bf2ffe05f5993178,2024-12-19T00:00:00.000Z,Late Night 230,285,True,True,285,277,0.9719298245614035,PTCGL,Late Night Events
2024-12-01_2024-12-31,66df6c7cbeaddc6f2ee4f856,2024-12-01T00:05:00.000Z,Redacted Crown #9 (100 Codes) CLOSED LISTS,168,False,False,,,,,
2024-12-01_2024-12-31,66f09e95a39c5e0621c096ce,2024-12-06T00:00:00.000Z,🐍TLS TCG SERIES QUALIFIER 9/10 - (200 Codes),154,False,False,,,,,
2024-12-01_2024-12-31,66f09eb4a39c5e0621c096cf,2024-12-13T00:00:00.000Z,🐍TLS TCG SERIES QUALIFIER 10/10 - (200 Codes),104,True,True,104,100,0.9615384615384616,PTCGL,Team Lethal Strike
2024-12-01_2024-12-31,67005202a23f2120819d5a2d,2024-12-10T19:15:00.000Z,Gray's PokéLeague - Champion's Road #8,101,False,False,,,,,
2024-12-01_2024-12-31,6700523ca23f2120819d5a2f,2024-12-17T19:00:00.000Z,Gray's PokéLeague - Champion's Road #9,121,True,True,121,117,0.9669421487603306,PTCGL,Gray's PokéLeague
2024-12-01_2024-12-31,672951980947ec3b5d195f86,2024-12-18T00:30:00.000Z,Barb City League Online Holiday Tournament,88,True,True,88,85,0.9659090909090909,PTCGL,Barb City Online League
2024-12-01_2024-12-31,672a43e20947ec3b5d197044,2024-12-02T00:05:00.000Z,Stellar Ditto #9 Surging Sparks Legal! (100 codes),176,False,False,,,,,
2024-12-01_2024-12-31,672a44230947ec3b5d19704d,2024-12-09T00:15:00.000Z,Stellar Ditto #10 (100 codes),152,False,False,,,,,
2024-12-01_2024-12-31,672a44760947ec3b5d197053,2024-12-24T00:05:00.000Z,Stellar Ditto #12 (250 codes),202,True,True,202,199,0.9851485148514851,PTCGL,Blue Ditto
2024-12-01_2024-12-31,6731e9450947ec3b5d1a0669,2024-12-14T07:00:00.000Z,Il Covo di Weavile Open #2 - MASTER,122,True,False,,,,,Il Covo di Weavile
2024-12-01_2024-12-31,673e4bebc4180e08eacff9a8,2024-12-06T17:00:00.000Z,Polskie Nocne Granie #2,71,False,False,,,,,
2024-12-01_2024-12-31,673fc99ac4180e08ead02168,2024-12-05T17:10:00.000Z,🏆Moujii's Dojo🏆300x PTCGL Codes!🏆,126,False,False,,,,,
2024-12-01_2024-12-31,6743b2b0612052096f624b87,2024-12-01T17:00:00.000Z,Pokémon Battle Park,97,False,False,,,,,
2024-12-01_2024-12-31,6744becb612052096f6263d5,2024-12-07T03:35:00.000Z,TOURNAMENT OF DOOM! GOES CAROLLING!,208,False,False,,,,,
2024-12-01_2024-12-31,6744bf0a612052096f6263e7,2024-12-14T03:35:00.000Z,TOURNAMENT OF DOOM! THAT'S NOT SANTA!,192,True,True,192,187,0.9739583333333334,PTCGL,Doom's Events and Catering
2024-12-01_2024-12-31,6744bf7a612052096f626401,2024-12-11T04:45:00.000Z,CHALLENGE OF DOOM! GOES HOME FOR THE HOLIDAYS!,112,True,True,112,105,0.9375,PTCGL,Doom's Events and Catering
2024-12-01_2024-12-31,6744dd7b612052096f626b07,2024-12-02T23:05:00.000Z,Sunny's Weekly #181 Leftovers in the Fridge!,128,False,False,,,,,
2024-12-01_2024-12-31,6745167b612052096f6274f9,2024-12-01T19:35:00.000Z,🌛Team Rocket League Day #218,95,False,False,,,,,
2024-12-01_2024-12-31,67451baa612052096f6275b4,2024-12-03T01:00:00.000Z,Free Entry ║ Deck Out Mondays ║ Top 16 200 Codes,220,False,False,,,,,
2024-12-01_2024-12-31,674529eb612052096f627806,2024-12-07T17:00:00.000Z,$500 ADVANCEDgg - 12 Days of Christmas Event,320,False,False,,,,,
2024-12-01_2024-12-31,6747f23d70c192088cf1323e,2024-12-01T22:05:00.000Z,Mudkip Champions Series 1-1 The Beginning,93,False,False,,,,,
2024-12-01_2024-12-31,6747f78470c192088cf13267,2024-12-08T22:05:00.000Z,Mudkip Champions Series 1-2,90,False,False,,,,,
2024-12-01_2024-12-31,6747f78d70c192088cf13269,2024-12-15T22:05:00.000Z,Mudkip Champions Series 1-3,80,True,True,80,77,0.9625,PTCGL,Mudkip's Den
2024-12-01_2024-12-31,6747f81070c192088cf13270,2024-12-22T22:05:00.000Z,Mudkip Champions Series 1-4,154,True,True,154,151,0.9805194805194806,PTCGL,Mudkip's Den
2024-12-01_2024-12-31,6747f81d70c192088cf13272,2024-12-29T22:05:00.000Z,Mudkip Champions Series 1-5,188,False,False,,,,,
2024-12-01_2024-12-31,67487a8170c192088cf13796,2024-12-01T01:00:00.000Z,瞬间失忆联赛第2赛季第4场 Amnesia Series S2-04【Top16 200code】,68,False,False,,,,,
2024-12-01_2024-12-31,674b2b2d95f729096d706f46,2024-12-02T22:30:00.000Z,🐢Turtle Weekly 2🐢,61,False,False,,,,,
2024-12-01_2024-12-31,674cd3e595f729096d70afce,2024-12-06T15:30:00.000Z,Pokémon Battle Park,106,False,False,,,,,
2024-12-01_2024-12-31,674cd41495f729096d70aff4,2024-12-08T17:00:00.000Z,Pokémon Battle Park,171,False,False,,,,,
2024-12-01_2024-12-31,674dcae195f729096d70c68c,2024-12-02T19:00:00.000Z,Monday Fun Day,55,False,False,,,,,
2024-12-01_2024-12-31,674ded2295f729096d70cb78,2024-12-07T18:30:00.000Z,Jester's Weekly Challenge! #11 (Pre-Season),50,False,False,,,,,
2024-12-01_2024-12-31,674e235c95f729096d70d564,2024-12-04T19:35:00.000Z,ASRcristiano # 11,68,False,False,,,,,
2024-12-01_2024-12-31,674e266b95f729096d70d5a7,2024-12-09T23:05:00.000Z,Sunny's Weekly #182 Journey to the North!,116,False,False,,,,,
2024-12-01_2024-12-31,674e3f2895f729096d70d89f,2024-12-06T23:00:00.000Z,Poli's Poolhouse Weekly! #8,98,False,False,,,,,
2024-12-01_2024-12-31,674e8e8f95f729096d70e04e,2024-12-10T01:00:00.000Z,Free Entry ║ Deck Out Mondays ║ Top 16 200 Codes,204,False,False,,,,,
2024-12-01_2024-12-31,674eef7c95f729096d70e30b,2024-12-09T19:00:00.000Z,FREE Pumpka x Jingle Jam fundraiser Tournament,195,False,False,,,,,
2024-12-01_2024-12-31,674f0bd895f729096d70e4fc,2024-12-10T22:30:00.000Z,🐢Turtle Weekly 3 🐢,50,False,False,,,,,
2024-12-01_2024-12-31,674f993895f729096d70f27d,2024-12-04T03:00:00.000Z,Poli's Pop Up Mickey! #7,69,False,False,,,,,
2024-12-01_2024-12-31,67526e8a95f729096d713da4,2024-12-09T01:00:00.000Z,Torneo Amistoso Izanami IV,54,False,False,,,,,
2024-12-01_2024-12-31,67530f8695f729096d714561,2024-12-12T19:35:00.000Z,🌛Team Rocket League Day #219,83,True,True,83,82,0.9879518072289156,PTCGL,Team Rocket
2024-12-01_2024-12-31,67530fba95f729096d714564,2024-12-13T19:35:00.000Z,🌛Team Rocket League Day #220,94,True,True,94,93,0.9893617021276596,PTCGL,Team Rocket
2024-12-01_2024-12-31,6753523e95f729096d715040,2024-12-12T17:10:00.000Z,🏆Moujii's Dojo🏆300x PTCGL Codes!🏆,114,True,True,114,111,0.9736842105263158,PTCGL,Moujii's Dojo
2024-12-01_2024-12-31,6753524295f729096d715041,2024-12-19T17:10:00.000Z,🏆Moujii's Dojo🏆300x PTCGL Codes!🏆,146,True,True,146,137,0.9383561643835616,PTCGL,Moujii's Dojo
2024-12-01_2024-12-31,6753879d95f729096d715838,2024-12-11T02:00:00.000Z,Biznaga Challenge #1,54,True,True,54,54,1.0,PTCGL,Biznaga Gaming
2024-12-01_2024-12-31,6754575e95f729096d717066,2024-12-08T00:05:00.000Z,Redacted Standard Practice #1,97,False,False,,,,,
2024-12-01_2024-12-31,6754c1ab95f729096d718de2,2024-12-28T03:35:00.000Z,TOURNAMENT OF DOOM! Oh no....,184,True,True,184,178,0.967391304347826,PTCGL,Doom's Events and Catering
2024-12-01_2024-12-31,6754c20b95f729096d718dea,2024-12-21T03:35:00.000Z,TOURNAMENT OF DOOM! IGNORES MY RELATIVES!,167,True,True,167,157,0.9401197604790419,PTCGL,Doom's Events and Catering
2024-12-01_2024-12-31,6755ba7a95f729096d71b49c,2024-12-15T00:05:00.000Z,Redacted Crown #11 (100 Codes) CLOSED LISTS,104,True,True,104,101,0.9711538461538461,PTCGL,Redacted Gaming
2024-12-01_2024-12-31,6755bae695f729096d71b4ac,2024-12-15T01:35:00.000Z,Redacted Fun #5 (Classic Standard),60,True,True,60,58,0.9666666666666667,PTCGL,Redacted Gaming
2024-12-01_2024-12-31,6755bb9095f729096d71b4b8,2024-12-22T00:05:00.000Z,Redacted Standard Practice #2,63,True,True,63,60,0.9523809523809523,PTCGL,Redacted Gaming
2024-12-01_2024-12-31,6755bbe195f729096d71b4c0,2024-12-29T00:05:00.000Z,Redacted Crown #13 (100 Codes) CLOSED LISTS,186,False,False,,,,,
2024-12-01_2024-12-31,6755bc7095f729096d71b4cc,2024-12-29T01:30:00.000Z,Redacted Fun #6 (Classic Standard),65,False,False,,,,,
2024-12-01_2024-12-31,6755ca0995f729096d71b8e0,2024-12-14T18:30:00.000Z,Jester's Weekly Challenge! #12 (Pre-Season),82,True,True,82,80,0.975609756097561,PTCGL,JesterTCG
2024-12-01_2024-12-31,675621bb95f729096d71cc6f,2024-12-13T15:30:00.000Z,Pokémon Battle Park,95,True,True,95,92,0.968421052631579,PTCGL,Pokémon Battle Park 
2024-12-01_2024-12-31,6756221095f729096d71cc77,2024-12-15T17:00:00.000Z,Pokémon Battle Park,125,True,True,125,123,0.984,PTCGL,Pokémon Battle Park 
2024-12-01_2024-12-31,6757443b95f729096d71e55b,2024-12-15T05:00:00.000Z,Kuyo杯PTCG Live 1周年特别赛 Kuyo Cup 1 Anniversary Event,110,True,True,110,107,0.9727272727272728,PTCGL,The shining lion club
2024-12-01_2024-12-31,6757508795f729096d71e7e7,2024-12-16T23:05:00.000Z,Sunny's Weekly #183 Taste The Rainbow!,120,True,True,120,115,0.9583333333333334,PTCGL,Sunny's Weekly
2024-12-01_2024-12-31,675793a095f729096d71f05e,2024-12-17T01:00:00.000Z,Free Entry ║ Deck Out Mondays ║ Top 16 200 Codes,183,True,True,183,173,0.9453551912568307,PTCGL,Deck Out Gaming
2024-12-01_2024-12-31,675a0c6495f729096d72226a,2024-12-18T19:00:00.000Z,Midweek Madness,63,True,True,63,60,0.9523809523809523,PTCGL,Timeless trainers
2024-12-01_2024-12-31,675ae26395f729096d722e95,2024-12-17T22:30:00.000Z,🐢Turtle Weekly 4 🐢,72,True,True,72,70,0.9722222222222222,PTCGL,Turtle Squad 
2024-12-01_2024-12-31,675eeb1395f729096d72aa79,2024-12-16T19:00:00.000Z,Pumpka Weekly,144,True,True,144,140,0.9722222222222222,PTCGL,The Dice Town League
2024-12-01_2024-12-31,675f080895f729096d72af1a,2024-12-16T17:00:00.000Z,Poof! #3 80 PACK PRIZE POOL!,57,True,False,,,,,Kirb's PTCG Events
2024-12-01_2024-12-31,675f552395f729096d72b8ce,2024-12-20T15:30:00.000Z,Pokémon Battle Park,97,True,True,97,94,0.9690721649484536,PTCGL,Pokémon Battle Park 
2024-12-01_2024-12-31,676035d895f729096d72c2c4,2024-12-24T22:30:00.000Z,🐢Turtle Weekly 5 🐢,153,True,True,153,149,0.9738562091503268,PTCGL,Turtle Squad 
2024-12-01_2024-12-31,6760741b95f729096d72c8b5,2024-12-20T00:10:00.000Z,#3 Torneo online  Vortex Squad,121,True,True,121,115,0.9504132231404959,PTCGL,Vortex Squad
2024-12-01_2024-12-31,6760837595f729096d72cbbb,2024-12-21T20:00:00.000Z,The Gengar's Hideout 150+ Surging Sparks Codes!,158,True,True,158,152,0.9620253164556962,PTCGL,Gengar's hideout
2024-12-01_2024-12-31,6760c72995f729096d72d274,2024-12-23T23:05:00.000Z,Sunny's Weekly #184 A Very Sunny Christmas,128,True,True,128,124,0.96875,PTCGL,Sunny's Weekly
2024-12-01_2024-12-31,67616fdf95f729096d72da40,2024-12-17T17:30:00.000Z,Absolem TCG - Challenge #11,57,True,True,57,55,0.9649122807017544,PTCGL,Absolem TCG
2024-12-01_2024-12-31,676226cc95f729096d72ee42,2024-12-20T23:00:00.000Z,Poli's Poolhouse Weekly! #9,72,True,True,72,72,1.0,PTCGL,Poli’s Poolhouse
2024-12-01_2024-12-31,676842d086f3dba534021b60,2024-12-22T17:30:00.000Z,Replacement 18:30 tournament,74,True,True,74,71,0.9594594594594594,PTCGL,Gengar's hideout
2024-12-01_2024-12-31,6768799886f3dba5340224b6,2024-12-23T02:00:00.000Z,SMG Nightly Standard,91,True,True,91,88,0.967032967032967,PTCGL,Snowy Mountain Guild
2024-12-01_2024-12-31,67688fa186f3dba5340227be,2024-12-28T00:00:00.000Z,Poli's Poolhouse Weekly! #10,115,True,True,115,109,0.9478260869565217,PTCGL,Poli’s Poolhouse
2024-12-01_2024-12-31,6768db5386f3dba534023150,2024-12-30T02:00:00.000Z,SMG Nightly Standard,52,False,False,,,,,
2024-12-01_2024-12-31,676982c486f3dba5340238e5,2024-12-27T15:30:00.000Z,Pokémon Battle Park,139,True,True,139,135,0.9712230215827338,PTCGL,Pokémon Battle Park 
2024-12-01_2024-12-31,676982f586f3dba5340238e9,2024-12-29T17:00:00.000Z,Pokémon Battle Park,188,False,False,,,,,
2024-12-01_2024-12-31,6769c46486f3dba534024335,2024-12-27T00:00:00.000Z,#4 Torneo Online Vortex Squad,130,True,True,130,128,0.9846153846153847,PTCGL,Vortex Squad
2024-12-01_2024-12-31,676a1cee86f3dba534024f77,2024-12-30T20:30:00.000Z,Gengar’s Hideout New Year's Tourney (300+ CODES!),186,False,False,,,,,
2024-12-01_2024-12-31,676a293086f3dba5340250b6,2024-12-30T23:05:00.000Z,Sunny's Weekly #185 Curtain Call 2024,128,False,False,,,,,
2024-12-01_2024-12-31,676a83b486f3dba5340254e9,2024-12-24T15:00:00.000Z,Bak & Bak PokeLeague #25 - hosted by Edwin Bak,54,True,True,54,52,0.9629629629629629,PTCGL,Bak & Bak PokeLab
2024-12-01_2024-12-31,676acf7d86f3dba534025b55,2024-12-26T19:35:00.000Z,🌛Team Rocket League Day #221,111,True,True,111,110,0.990990990990991,PTCGL,Team Rocket
2024-12-01_2024-12-31,676aec0986f3dba534025e85,2024-12-31T22:30:00.000Z,🐢Turtle Weekly 6🐢,168,False,False,,,,,
2024-12-01_2024-12-31,676c334e86f3dba534026f39,2024-12-30T00:05:00.000Z,Stellar Ditto #13 (100 codes),168,False,False,,,,,
2024-12-01_2024-12-31,676c375386f3dba534026f61,2024-12-26T21:30:00.000Z,Gengar’s hideout random tournament,79,True,True,79,75,0.9493670886075949,PTCGL,Gengar's hideout
2024-12-01_2024-12-31,676c56c586f3dba5340270f0,2024-12-25T23:00:00.000Z,AOB's Merry Mickey (100 CODES),139,True,True,139,135,0.9712230215827338,PTCGL,Alloutblitzle Events
2024-12-01_2024-12-31,676dca7286f3dba53402963f,2024-12-27T18:00:00.000Z,Absolem TCG - Cup #14,71,True,True,71,70,0.9859154929577465,PTCGL,Absolem TCG
2024-12-01_2024-12-31,67719547ed2c78098c69f77a,2024-12-30T19:00:00.000Z,Pumpka Weekly,200,False,False,,,,,
2024-12-01_2024-12-31,677327d1ed2c78098c6a2c54,2024-12-31T01:00:00.000Z,Poli's Pop Up Mickey! #14,103,False,False,,,,,
2025-01-01_2025-01-31,66c44e8c82e459668d365706,2025-01-08T19:00:00.000Z,✨ Il Covo dei Sub Series 2025 #5 ✨,105,True,True,105,103,0.9809523809523809,PTCGL,Il Covo di Weavile
2025-01-01_2025-01-31,66cfaa73bf2ffe05f5992829,2025-01-08T17:00:00.000Z,Late Night 231,264,True,True,264,255,0.9659090909090909,PTCGL,Late Night Events
2025-01-01_2025-01-31,66cfaaa6bf2ffe05f599282a,2025-01-15T17:00:00.000Z,Late Night 233,196,True,True,196,186,0.9489795918367347,PTCGL,Late Night Events
2025-01-01_2025-01-31,66cfab2cbf2ffe05f599282f,2025-01-29T17:00:00.000Z,Late Night 237,266,False,False,,,,,
2025-01-01_2025-01-31,66d07fffbf2ffe05f59931c2,2025-01-09T00:00:00.000Z,Late Night 232,314,True,True,314,308,0.9808917197452229,PTCGL,Late Night Events
2025-01-01_2025-01-31,66d08050bf2ffe05f59931c4,2025-01-16T00:00:00.000Z,Late Night 234,256,True,True,256,246,0.9609375,PTCGL,Late Night Events
2025-01-01_2025-01-31,66d080f4bf2ffe05f59931ca,2025-01-30T00:00:00.000Z,Late Night 238,265,False,False,,,,,
2025-01-01_2025-01-31,6733991657dcc5a683fbecc9,2025-01-07T19:00:00.000Z,Gray's PokéLeague - Champion's Road #10,162,True,True,162,155,0.9567901234567902,PTCGL,Gray's PokéLeague
2025-01-01_2025-01-31,673bcbdac4180e08eacfc229,2025-01-21T18:30:00.000Z,Gray's PokéLeague - Prismatic Evolutions Special,144,True,True,144,135,0.9375,PTCGL,Gray's PokéLeague
2025-01-01_2025-01-31,673cdf52c4180e08eacfda87,2025-01-28T19:00:00.000Z,Gray's PokéLeague - Champion's Road #11,101,False,False,,,,,
2025-01-01_2025-01-31,6747f82b70c192088cf13273,2025-01-05T22:05:00.000Z,Mudkip Champions Series 1-6,197,False,False,,,,,
2025-01-01_2025-01-31,6747f84170c192088cf13275,2025-01-12T22:05:00.000Z,Mudkip Champions Series 1-7,148,True,True,148,143,0.9662162162162162,PTCGL,Mudkip's Den
2025-01-01_2025-01-31,6747f86070c192088cf13276,2025-01-19T22:05:00.000Z,Mudkip Champions Series 1-8 (PRISMATIC LEGAL),129,True,True,129,119,0.9224806201550387,PTCGL,Mudkip's Den
2025-01-01_2025-01-31,6754c25c95f729096d718df2,2025-01-01T04:45:00.000Z,CHALLENGE OF DOOM! INTO THE NEW YEAR!,128,False,False,,,,,
2025-01-01_2025-01-31,67595e2595f729096d720f0f,2025-01-22T19:35:00.000Z,ASRcristiano #13,84,False,False,,,,,
2025-01-01_2025-01-31,675dd59395f729096d7288a9,2025-01-04T03:35:00.000Z,TOURNAMENT OF DOOM! SCIENCE!,209,False,False,,,,,
2025-01-01_2025-01-31,675ebe1a95f729096d72a5ef,2025-01-04T17:00:00.000Z,Jester's Monthly Challenge [January 2025],128,False,False,,,,,
2025-01-01_2025-01-31,675ebed295f729096d72a600,2025-01-11T18:30:00.000Z,Jester's Weekly Casual #1,100,True,True,100,96,0.96,PTCGL,JesterTCG
2025-01-01_2025-01-31,676acf9486f3dba534025b56,2025-01-03T19:35:00.000Z,🌛Team Rocket League Day #222,128,False,False,,,,,
2025-01-01_2025-01-31,676da55e86f3dba534028ecc,2025-01-02T17:15:00.000Z,🏆Moujii's Dojo🏆300x PTCGL Codes!🏆,287,False,False,,,,,
2025-01-01_2025-01-31,676dafbd86f3dba534029127,2025-01-07T01:00:00.000Z,Free Entry ║ Deck Out Mondays ║ Top 16 200 Codes,226,False,False,,,,,
2025-01-01_2025-01-31,676dd5d186f3dba534029831,2025-01-05T00:05:00.000Z,Redacted Crown #14 (100 Codes) CLOSED LISTS,236,False,False,,,,,
2025-01-01_2025-01-31,676ee55bed2c78098c697c5b,2025-01-11T03:35:00.000Z,TOURNAMENT OF DOOM! FIGHTIN' ROUND THE WORLD!,288,True,True,288,284,0.9861111111111112,PTCGL,Doom's Events and Catering
2025-01-01_2025-01-31,676ee5d0ed2c78098c697c92,2025-01-18T03:35:00.000Z,TOURNAMENT OF DOOM! Prismatic Evolutions Legal!,178,True,True,178,167,0.9382022471910112,PTCGL,Doom's Events and Catering
2025-01-01_2025-01-31,676f571eed2c78098c699658,2025-01-01T01:30:00.000Z,Jefferson Gym Tuesday Night Standard #18,67,False,False,,,,,
2025-01-01_2025-01-31,6771a28bed2c78098c69fb8b,2025-01-03T15:30:00.000Z,Pokémon Battle Park,133,False,False,,,,,
2025-01-01_2025-01-31,6772db84ed2c78098c6a1b0b,2025-01-04T05:00:00.000Z,Kuyo杯Live挑战赛 #11 Kuyo Cup #11,98,False,False,,,,,
2025-01-01_2025-01-31,6772ed2ded2c78098c6a1d0c,2025-01-03T23:00:00.000Z,Poli's Poolhouse Weekly! #11,134,False,False,,,,,
2025-01-01_2025-01-31,67731088ed2c78098c6a250b,2025-01-06T23:05:00.000Z,Sunny's Weekly #186 A Whole New World 2025,128,False,False,,,,,
2025-01-01_2025-01-31,6773493aed2c78098c6a3247,2025-01-02T23:00:00.000Z,#5 Torneo Online Vortex Squad,120,False,False,,,,,
2025-01-01_2025-01-31,6773757bed2c78098c6a365a,2025-01-07T22:30:00.000Z,🐢Turtle Weekly 7🐢,160,True,True,160,157,0.98125,PTCGL,Turtle Squad 
2025-01-01_2025-01-31,6773e8d5ed2c78098c6a3bf1,2025-01-01T00:00:00.000Z,New Years Eve BATTLE ROYALE! (100 Codes!),70,False,False,,,,,
2025-01-01_2025-01-31,6773f4d9ed2c78098c6a3d18,2025-01-03T01:15:00.000Z,Le Tournois Du DresseurPokeCharbie #42,59,False,False,,,,,
2025-01-01_2025-01-31,677455eded2c78098c6a4472,2025-01-06T00:05:00.000Z,Stellar Ditto #14 The Finale! (200 codes),261,False,False,,,,,
2025-01-01_2025-01-31,67749fa5ed2c78098c6a4aca,2025-01-01T05:00:00.000Z,Poli's Pop Up Mickey! #15 NEW YEAR CELEBRATION,50,False,False,,,,,
2025-01-01_2025-01-31,6774a8e0ed2c78098c6a4b9c,2025-01-09T19:35:00.000Z,🌛Team Rocket League Day #223,110,True,True,110,107,0.9727272727272728,PTCGL,Team Rocket
2025-01-01_2025-01-31,6774a903ed2c78098c6a4ba1,2025-01-10T19:35:00.000Z,🌛Team Rocket League Day #224,120,True,True,120,117,0.975,PTCGL,Team Rocket
2025-01-01_2025-01-31,6775cf74ed2c78098c6a6a39,2025-01-02T01:30:00.000Z,Poli's Pop Up Mickey! #16,105,False,False,,,,,
2025-01-01_2025-01-31,6775e304ed2c78098c6a6b11,2025-01-02T20:15:00.000Z,Gengar’s Hideout tournament,122,False,False,,,,,
2025-01-01_2025-01-31,67769847ed2c78098c6a7432,2025-01-15T00:10:00.000Z,🐢Turtle Weekly 8🐢,102,True,True,102,100,0.9803921568627451,PTCGL,Turtle Squad 
2025-01-01_2025-01-31,6776f9d8ed2c78098c6a86e2,2025-01-04T20:00:00.000Z,🟣  #1 Gengar's Hideout Weekly Tournament 🟣,163,False,False,,,,,
2025-01-01_2025-01-31,67770f16ed2c78098c6a8c4e,2025-01-09T17:15:00.000Z,🏆Moujii's Dojo🏆300x PTCGL Codes!🏆,188,True,True,188,182,0.9680851063829787,PTCGL,Moujii's Dojo
2025-01-01_2025-01-31,67772c28ed2c78098c6a9199,2025-01-11T20:00:00.000Z,🟣  #2 Gengar's Hideout Weekly Tournament 🟣,146,True,True,146,144,0.9863013698630136,PTCGL,Gengar's hideout
2025-01-01_2025-01-31,67772d66ed2c78098c6a91b0,2025-01-25T20:00:00.000Z,🟣  #3 Gengar's Hideout Weekly Tournament 🟣,153,False,False,,,,,
2025-01-01_2025-01-31,67784eb3ed2c78098c6ab3a9,2025-01-10T15:30:00.000Z,Pokemon Battle Park,122,True,True,122,117,0.9590163934426229,PTCGL,Pokémon Battle Park 
2025-01-01_2025-01-31,67784edbed2c78098c6ab3ae,2025-01-12T17:00:00.000Z,Pokémon Battle Park,181,True,True,181,169,0.9337016574585635,PTCGL,Pokémon Battle Park 
2025-01-01_2025-01-31,67797b2bed2c78098c6af1ac,2025-01-22T04:35:00.000Z,CHALLENGE OF DOOM! is tired of Budew.,64,False,False,,,,,
2025-01-01_2025-01-31,677a4e8fed2c78098c6b1e18,2025-01-06T02:00:00.000Z,SMG Nightly Standard,52,False,False,,,,,
2025-01-01_2025-01-31,677abbd6ed2c78098c6b2b10,2025-01-05T19:00:00.000Z,underground special,58,False,False,,,,,
2025-01-01_2025-01-31,677aeb8fed2c78098c6b32b2,2025-01-06T19:00:00.000Z,Pumpka Weekly,240,False,False,,,,,
2025-01-01_2025-01-31,677b2f14ed2c78098c6b4154,2025-01-25T03:35:00.000Z,TOURNAMENT OF DOOM! BEST CHEESE EDITION!,179,False,False,,,,,
2025-01-01_2025-01-31,677bde5e7960ec710efe1f99,2025-01-08T19:00:00.000Z,Midweek Madness,56,True,True,56,52,0.9285714285714286,PTCGL,Timeless trainers
2025-01-01_2025-01-31,677be07c7960ec710efe1fcc,2025-01-10T01:15:00.000Z,Le Tournois Du DresseurPokeCharbie #43,51,True,False,,,,PTCGL,DresseurPokeCharbie
2025-01-01_2025-01-31,677c0c607960ec710efe252e,2025-01-13T23:05:00.000Z,Sunny's Weekly #187 The Casino,128,True,True,128,123,0.9609375,PTCGL,Sunny's Weekly
2025-01-01_2025-01-31,677c90147960ec710efe3ab7,2025-01-09T23:00:00.000Z,#6 Torneo Online Vortex Squad,107,True,True,107,105,0.9813084112149533,PTCGL,Vortex Squad
2025-01-01_2025-01-31,677ca84c7960ec710efe3c8e,2025-01-07T16:00:00.000Z,Underground special San Antonio regionals testing,56,False,False,,,,,
2025-01-01_2025-01-31,677dbf6c7960ec710efe549a,2025-01-08T02:05:00.000Z,Poli's Pop Up Mickey! #17 (50 CODES),59,True,True,59,58,0.9830508474576272,PTCGL,Poli’s Poolhouse
2025-01-01_2025-01-31,677e6cdb7960ec710efe5f81,2025-01-10T18:00:00.000Z,Absolem TCG - Cup #16,56,True,True,56,56,1.0,PTCGL,Absolem TCG
2025-01-01_2025-01-31,677f52ba7960ec710efe8093,2025-01-14T01:00:00.000Z,Free Entry ║ Deck Out Mondays ║ Top 16 200 Codes,238,True,True,238,235,0.9873949579831933,PTCGL,Deck Out Gaming
2025-01-01_2025-01-31,677fe69c7960ec710efe88de,2025-01-11T13:00:00.000Z,PTCG Samar Online Cup #10,57,True,True,57,55,0.9649122807017544,PTCGL,Pokemon TCG Samar
2025-01-01_2025-01-31,677feba27960ec710efe898a,2025-01-12T13:00:00.000Z,PTCG Samar Online Cup #11,56,True,True,56,52,0.9285714285714286,PTCGL,Pokemon TCG Samar
2025-01-01_2025-01-31,677feca67960ec710efe899c,2025-01-14T13:00:00.000Z,PTCG Samar Online Cup #12,76,True,True,76,72,0.9473684210526315,PTCGL,Pokemon TCG Samar
2025-01-01_2025-01-31,6780556d7960ec710efe9e15,2025-01-10T02:00:00.000Z,Poli's Pop Up Mickey! #18,96,True,True,96,95,0.9895833333333334,PTCGL,Poli’s Poolhouse
2025-01-01_2025-01-31,678065bc7960ec710efea125,2025-01-16T17:15:00.000Z,🏆Moujii's Dojo🏆300x PTCGL Codes!🏆,129,True,True,129,125,0.9689922480620154,PTCGL,Moujii's Dojo
2025-01-01_2025-01-31,6780773d7960ec710efea49a,2025-01-11T01:00:00.000Z,Torneo Amistoso Izanami V,96,True,True,96,90,0.9375,PTCGL,IzanamiCollectibles
2025-01-01_2025-01-31,678191c77960ec710efec4d9,2025-01-12T01:00:00.000Z,#9 Torneo Online PokeTrainers,84,True,True,84,83,0.9880952380952381,PTCGL,PokeTrainers Chile
2025-01-01_2025-01-31,678224767960ec710efeda19,2025-01-13T02:00:00.000Z,SMG Nightly Standard,59,True,True,59,59,1.0,PTCGL,Snowy Mountain Guild
2025-01-01_2025-01-31,6782ba5e7960ec710eff0193,2025-01-21T22:30:00.000Z,🐢Turtle Weekly 9🐢,140,False,False,,,,,
2025-01-01_2025-01-31,6783199f7960ec710eff1c43,2025-01-12T04:00:00.000Z,underground special san antonio testing,58,True,True,58,57,0.9827586206896551,PTCGL,The Underground
2025-01-01_2025-01-31,6783e7877960ec710eff399e,2025-01-13T00:30:00.000Z,Blue Ditto Pop-up! (100 codes),128,True,True,128,123,0.9609375,PTCGL,Blue Ditto
2025-01-01_2025-01-31,6783f0fd7960ec710eff3bdf,2025-01-19T00:05:00.000Z,Redacted Evolutions #1 (100 Codes) CLOSED LISTS,158,True,True,158,150,0.9493670886075949,PTCGL,Redacted Gaming
2025-01-01_2025-01-31,678420977960ec710eff4857,2025-01-13T19:00:00.000Z,Pumpka Weekly,193,True,True,193,187,0.9689119170984456,PTCGL,The Dice Town League
2025-01-01_2025-01-31,678440c87960ec710eff4ef6,2025-01-17T15:30:00.000Z,Pokémon Battle Park- Prismatic Evolutions is Legal,112,True,False,,,,PTCGL,Pokémon Battle Park 
2025-01-01_2025-01-31,67846bdb7960ec710eff567e,2025-01-15T01:30:00.000Z,Jefferson Gym Tuesday Night Standard #19,87,True,True,87,82,0.9425287356321839,PTCGL,The Jefferson Gym
2025-01-01_2025-01-31,678476a77960ec710eff57f5,2025-01-16T23:00:00.000Z,#7 Torneo en line Vortex Squad,66,True,True,66,63,0.9545454545454546,PTCGL,Vortex Squad
2025-01-01_2025-01-31,678576ec1c64910a07ac1ba5,2025-01-17T23:00:00.000Z,Poli's Poolhouse Weekly! #12,83,True,True,83,77,0.927710843373494,PTCGL,Poli’s Poolhouse
2025-01-01_2025-01-31,67857e071c64910a07ac1cf0,2025-01-20T23:05:00.000Z,Sunny's Weekly #188 Live From The Alamo,121,True,True,121,115,0.9504132231404959,PTCGL,Sunny's Weekly
2025-01-01_2025-01-31,6786b896010576265d10b005,2025-01-20T00:30:00.000Z,Prismatic Ditto #1 PRE Legal! (200 Codes),194,True,True,194,177,0.9123711340206185,PTCGL,Blue Ditto
2025-01-01_2025-01-31,6786f028010576265d10b502,2025-01-21T01:00:00.000Z,Free Entry ║ Deck Out Mondays ║ Top 16 200 Codes,159,True,True,159,154,0.9685534591194969,PTCGL,Deck Out Gaming
2025-01-01_2025-01-31,6787bfde010576265d10c2ad,2025-01-28T22:30:00.000Z,🐢Turtle Weekly 10🐢,120,False,False,,,,,
2025-01-01_2025-01-31,67883050010576265d10d476,2025-01-22T19:00:00.000Z,Midweek Madness,105,False,False,,,,,
2025-01-01_2025-01-31,67891b59010576265d10e234,2025-01-18T01:00:00.000Z,瞬间失忆联赛第2赛季第6场 Amnesia Series S2-06,68,True,True,68,66,0.9705882352941176,PTCGL,Amnesia League
2025-01-01_2025-01-31,67896cd2010576265d10f10b,2025-01-17T04:00:00.000Z,Merida Regional Testing #1,68,True,False,,,,PTCGL,PokeX Online Series
2025-01-01_2025-01-31,67898440010576265d10f4e3,2025-01-17T01:15:00.000Z,Alloutblitzle Youtube Celebration! (100 Codes),94,True,False,,,,PTCGL,Alloutblitzle Events
2025-01-01_2025-01-31,6789b370010576265d10fc05,2025-01-23T17:15:00.000Z,🏆Moujii's Dojo🏆300x PTCGL Codes!🏆,187,False,False,,,,,
2025-01-01_2025-01-31,678b351c010576265d1131a8,2025-01-24T15:30:00.000Z,Pokémon Battle Park- Prismatic Evolutions is Legal,142,False,False,,,,,
2025-01-01_2025-01-31,678b35c8010576265d1131da,2025-01-26T17:00:00.000Z,Pokémon Battle Park- Prismatic Evolutions is Legal,182,False,False,,,,,
2025-01-01_2025-01-31,678c35a5010576265d1160c0,2025-01-20T17:00:00.000Z,Budew Takeover  (PTCGL) pop up,107,True,True,107,103,0.9626168224299065,PTCGL,Turtle Squad 
2025-01-01_2025-01-31,678c42c1010576265d116338,2025-01-20T23:00:00.000Z,Merida Regional Testing #2,67,True,True,67,62,0.9253731343283582,PTCGL,PokeX Online Series
2025-01-01_2025-01-31,678d601b010576265d1181a0,2025-01-20T19:00:00.000Z,Pumpka 30th birthday Weekly,174,True,True,174,163,0.9367816091954023,PTCGL,The Dice Town League
2025-01-01_2025-01-31,678e25d0010576265d118fd9,2025-01-23T23:00:00.000Z,#8 Torneo Online Vortex Squad,88,False,False,,,,,
2025-01-01_2025-01-31,678e7cf65229b408d3cdf9b8,2025-01-26T13:00:00.000Z,Tournoi amical LEAGUE canto N29°,62,False,False,,,,,
2025-01-01_2025-01-31,678ec6ec5229b408d3ce0492,2025-01-27T23:05:00.000Z,Sunny's Weekly #189 Hack the Planet!,128,False,False,,,,,
2025-01-01_2025-01-31,678fd7595229b408d3ce1685,2025-01-24T18:00:00.000Z,Jester's Weekly Casual #3,69,False,False,,,,,
2025-01-01_2025-01-31,679051455229b408d3ce23fa,2025-01-29T01:30:00.000Z,Jefferson Gym Tuesday Night Standard #20,77,False,False,,,,,
2025-01-01_2025-01-31,679060585229b408d3ce2567,2025-01-22T22:30:00.000Z,Bak & Bak PokeLeague #26 - Pop Up,54,False,False,,,,,
2025-01-01_2025-01-31,67910f205229b408d3ce2e19,2025-01-23T00:00:00.000Z,Pancake Pop Up #3 LAST POP UP BEFORE SAN ANTONIO,63,False,False,,,,,
2025-01-01_2025-01-31,679171555229b408d3ce3c17,2025-01-29T19:00:00.000Z,Midweek Madness,51,False,False,,,,,
2025-01-01_2025-01-31,67917af25229b408d3ce3cec,2025-01-25T17:00:00.000Z,Polskie Nocne Granie #3,57,False,False,,,,,
2025-01-01_2025-01-31,6792454e5229b408d3ce4a19,2025-01-24T19:35:00.000Z,ASRcristiano # 14,65,False,False,,,,,
2025-01-01_2025-01-31,679274365229b408d3ce4dc1,2025-01-25T00:00:00.000Z,Plantel Battle #07 ( 100 CODES - TOP 8),88,False,False,,,,,
2025-01-01_2025-01-31,6793267e5229b408d3ce6555,2025-01-30T17:00:00.000Z,🏆Moujii's Dojo🏆300x PTCGL Codes!🏆,178,False,False,,,,,
2025-01-01_2025-01-31,6795efac5229b408d3cec0bc,2025-01-31T18:00:00.000Z,Jester's Weekly Casual #4,75,False,False,,,,,
2025-01-01_2025-01-31,679690fc5229b408d3ced86d,2025-01-27T19:00:00.000Z,Pumpka Weekly,234,False,False,,,,,
2025-01-01_2025-01-31,6796b7375229b408d3cedda0,2025-01-27T02:00:00.000Z,SMG Nightly Standard,58,False,False,,,,,
2025-01-01_2025-01-31,6796ef675229b408d3cee1ff,2025-01-30T23:00:00.000Z,#9 Torneo Online Vortex Squad,93,False,False,,,,,
2025-01-01_2025-01-31,67973dcd5229b408d3cee552,2025-01-28T19:35:00.000Z,ASRcristiano # 15,89,False,False,,,,,
2025-01-01_2025-01-31,6797e33f5229b408d3cef222,2025-01-31T15:30:00.000Z,Pokémon Battle Park- Prismatic Evolutions is Legal,127,False,False,,,,,
2025-01-01_2025-01-31,6798ae0a5229b408d3cf0448,2025-01-28T17:30:00.000Z,Absolem TCG - Challenge #16,56,False,False,,,,,
2025-01-01_2025-01-31,6798ff0a5229b408d3cf092d,2025-01-31T01:15:00.000Z,Le Tournois Du DresseurPokeCharbie #46,50,False,False,,,,,
2025-01-01_2025-01-31,67993aa55229b408d3cf0f3c,2025-01-31T23:00:00.000Z,Poli's Poolhouse Weekly! #13,109,False,False,,,,,
2025-01-01_2025-01-31,679a72085229b408d3cf2763,2025-01-31T19:35:00.000Z,ASRcristiano # 16,55,False,False,,,,,
2025-01-01_2025-01-31,679aaa265229b408d3cf2e46,2025-01-30T19:00:00.000Z,Absolem TCG - Challenge #17,66,False,False,,,,,
2025-02-01_2025-02-28,66d08127bf2ffe05f59931ce,2025-02-06T00:00:00.000Z,Late Night 240,320,True,True,320,308,0.9625,PTCGL,Late Night Events
2025-02-01_2025-02-28,675ebfcf95f729096d72a612,2025-02-15T17:00:00.000Z,Jester's Quarter Cup! [Q1 2025],69,False,False,,,,,
2025-02-01_2025-02-28,67772ef8ed2c78098c6a91cb,2025-02-01T20:00:00.000Z,🟣  #4 Gengar's Hideout Weekly Tournament 🟣,97,True,True,97,95,0.979381443298969,PTCGL,Gengar's hideout
2025-02-01_2025-02-28,677731c3ed2c78098c6a925e,2025-02-08T20:00:00.000Z,🟣  #5 Gengar's Hideout Weekly Tournament 🟣,79,True,True,79,77,0.9746835443037974,PTCGL,Gengar's hideout
2025-02-01_2025-02-28,6777327eed2c78098c6a9279,2025-02-15T20:30:00.000Z,🟣  #6 Gengar's Hideout Weekly Tournament 🟣,54,False,False,,,,,
2025-02-01_2025-02-28,677b2f82ed2c78098c6b4162,2025-02-05T04:35:00.000Z,CHALLENGE OF DOOM! or is it challénge?,64,True,True,64,60,0.9375,PTCGL,Doom's Events and Catering
2025-02-01_2025-02-28,677b2fdded2c78098c6b4194,2025-02-01T03:35:00.000Z,TOURNAMENT OF DOOM! Oh... yea.....,226,True,True,226,217,0.9601769911504425,PTCGL,Doom's Events and Catering
2025-02-01_2025-02-28,677dae6d7960ec710efe529b,2025-02-04T19:30:00.000Z,Gray's PokéLeague - Champion's Road #12,73,True,True,73,71,0.9726027397260274,PTCGL,Gray's PokéLeague
2025-02-01_2025-02-28,677daec37960ec710efe52a1,2025-02-11T19:00:00.000Z,Gray's PokéLeague - Champion's Road #13,78,True,True,78,71,0.9102564102564102,PTCGL,Gray's PokéLeague
2025-02-01_2025-02-28,678403427960ec710eff40df,2025-02-25T18:30:00.000Z,Gray's PokéLeague - Champion's Road #14,67,True,True,67,59,0.8805970149253731,PTCGL,Gray's PokéLeague
2025-02-01_2025-02-28,678455547960ec710eff52d7,2025-02-02T00:05:00.000Z,Redacted Evolutions #2 (100 Codes) CLOSED LISTS,164,True,True,164,156,0.9512195121951219,PTCGL,Redacted Gaming
2025-02-01_2025-02-28,678456067960ec710eff52ec,2025-02-09T00:05:00.000Z,Redacted Evolutions #3 (100 Codes) CLOSED LISTS,155,True,True,155,147,0.9483870967741935,PTCGL,Redacted Gaming
2025-02-01_2025-02-28,6784578a7960ec710eff5329,2025-02-16T00:05:00.000Z,Redacted Evolutions #4 (100 Codes) CLOSED LISTS,114,False,False,,,,,
2025-02-01_2025-02-28,678457d57960ec710eff532f,2025-02-23T00:15:00.000Z,Redacted Evolutions #5 (100 Codes) CLOSED LISTS,142,False,False,,,,,
2025-02-01_2025-02-28,678602051c64910a07ac2dbf,2025-02-05T19:00:00.000Z,✨ Il Covo dei Sub Series 2025 #6 POST ROTATION ✨,75,True,True,75,60,0.8,PTCGL,Il Covo di Weavile
2025-02-01_2025-02-28,6786bad3010576265d10b01c,2025-02-03T00:30:00.000Z,Prismatic Ditto #2 (100 Codes),206,True,True,206,198,0.9611650485436893,PTCGL,Blue Ditto
2025-02-01_2025-02-28,6786bda7010576265d10b07f,2025-02-10T00:30:00.000Z,Prismatic Ditto #3 (100 Codes),158,True,True,158,152,0.9620253164556962,PTCGL,Blue Ditto
2025-02-01_2025-02-28,6786bdd8010576265d10b082,2025-02-17T00:30:00.000Z,Prismatic Ditto #4 (200 Codes),222,False,False,,,,,
2025-02-01_2025-02-28,6786be39010576265d10b086,2025-02-24T00:30:00.000Z,Prismatic Ditto #5 (100 Codes),122,False,False,,,,,
2025-02-01_2025-02-28,678d414a010576265d117d6c,2025-02-02T05:00:00.000Z,Kuyo杯Live蛇年特别赛 Kuyo Cup Year of Snake,100,True,True,100,97,0.97,PTCGL,The shining lion club
2025-02-01_2025-02-28,67900a915229b408d3ce1c24,2025-02-04T22:30:00.000Z,🐢Turtle Weekly 11🐢,110,True,True,110,99,0.9,PTCGL,Turtle Squad 
2025-02-01_2025-02-28,679677a45229b408d3ced412,2025-02-11T22:30:00.000Z,🐢Turtle Weekly 12🐢,112,True,True,112,104,0.9285714285714286,PTCGL,Turtle Squad 
2025-02-01_2025-02-28,6797e3a85229b408d3cef225,2025-02-02T17:00:00.000Z,Pokémon Battle Park- Prismatic Evolutions is Legal,203,True,True,203,195,0.9605911330049262,PTCGL,Pokémon Battle Park 
2025-02-01_2025-02-28,6797ea4a5229b408d3cef349,2025-02-03T23:05:00.000Z,Sunny's Weekly #190 Fiesta Pokémon!,128,True,True,128,124,0.96875,PTCGL,Sunny's Weekly
2025-02-01_2025-02-28,6797efa75229b408d3cef3e7,2025-02-01T18:30:00.000Z,🎉 Leahly's PTCG Weekly Tournament #1 🎉,128,True,True,128,124,0.96875,PTCGL,Leahly's PTCG
2025-02-01_2025-02-28,67982b105229b408d3cefb26,2025-02-04T01:00:00.000Z,Free Entry ║ Deck Out Mondays ║ Top 16 200 Codes,216,True,True,216,209,0.9675925925925926,PTCGL,Deck Out Gaming
2025-02-01_2025-02-28,67987a7e5229b408d3cf01c2,2025-02-09T08:00:00.000Z,Oceanic Tournament Series 2025 #2,58,True,True,58,53,0.9137931034482759,PTCGL,Collecting Leftovers
2025-02-01_2025-02-28,67997bc15229b408d3cf1655,2025-02-08T03:35:00.000Z,TOURNAMENT OF DOOM! GIANT ROBOTS!!!,195,True,True,195,190,0.9743589743589743,PTCGL,Doom's Events and Catering
2025-02-01_2025-02-28,67997c2b5229b408d3cf1657,2025-02-22T03:35:00.000Z,TOURNAMENT OF DOOM! 3 YEAR EXTRAVAGANZA!,179,False,False,,,,,
2025-02-01_2025-02-28,67997ce65229b408d3cf165c,2025-02-15T03:35:00.000Z,TOURNAMENT OF DOOM! Falls in love?,171,False,False,,,,,
2025-02-01_2025-02-28,679997975229b408d3cf19a8,2025-02-12T01:30:00.000Z,Jefferson Gym Tuesday Night Standard #21,105,True,True,105,95,0.9047619047619048,PTCGL,The Jefferson Gym
2025-02-01_2025-02-28,679c1291b30a7a7ad7e5e5a1,2025-02-06T17:10:00.000Z,🏆Moujii's Dojo🏆300x PTCGL Codes!🏆,162,True,True,162,155,0.9567901234567902,PTCGL,Moujii's Dojo
2025-02-01_2025-02-28,679d855697e30145c389082b,2025-02-02T20:05:00.000Z,Umbral League Inaugural Tournament - CLOSED LIST,70,True,True,70,66,0.9428571428571428,PTCGL,Darksiders TCG
2025-02-01_2025-02-28,679e2daf352013cfaad0d5f1,2025-02-02T01:30:00.000Z,Redacted 2nd Chance #2 (Mini Event 50 Codes),71,True,True,71,65,0.9154929577464789,PTCGL,Redacted Gaming
2025-02-01_2025-02-28,679e57f5ff400273891cb315,2025-02-02T23:00:00.000Z,Play TCG Casual,57,True,True,57,57,1.0,PTCGL,Play TCG 
2025-02-01_2025-02-28,679e6128ca4aa463423ac8ad,2025-02-08T17:00:00.000Z,Jester's Monthly Challenge [February 2025],98,True,True,98,94,0.9591836734693877,PTCGL,JesterTCG
2025-02-01_2025-02-28,679e86846346b1f1edff464e,2025-02-08T18:30:00.000Z,🎉 Leahly's PTCG Weekly Tournament #2 🎉,85,True,True,85,77,0.9058823529411765,PTCGL,Leahly's PTCG
2025-02-01_2025-02-28,679e98c5ec94bf470ec8f6fd,2025-02-07T00:00:00.000Z,🐍TLS TCG SERIES QUALIFIER 1/10 S2 - CASH + CODES,106,True,True,106,100,0.9433962264150944,PTCGL,Team Lethal Strike
2025-02-01_2025-02-28,679e9a162e9db6e88f3e5db6,2025-02-14T00:00:00.000Z,🐍TLS TCG SERIES QUALIFIER 2/10 S2 - CASH + CODES,144,False,False,,,,,
2025-02-01_2025-02-28,679e9a42ec94bf470ec8f708,2025-02-21T00:00:00.000Z,🐍TLS TCG SERIES QUALIFIER 3/10 S2 - CASH + CODES,106,False,False,,,,,
2025-02-01_2025-02-28,679e9a52ac375d44ca9134cf,2025-02-28T00:00:00.000Z,🐍TLS TCG SERIES QUALIFIER 4/10 S2 - CASH + CODES,77,True,True,77,69,0.8961038961038961,PTCGL,Team Lethal Strike
2025-02-01_2025-02-28,679f5fa2baf56254079f2643,2025-02-03T19:00:00.000Z,Pumpka Weekly,241,True,True,241,233,0.966804979253112,PTCGL,The Dice Town League
2025-02-01_2025-02-28,679f7228aefa8d3c809f292b,2025-02-09T01:30:00.000Z,Redacted 2nd Chance #3 (Mini Event 50 Codes),63,True,True,63,59,0.9365079365079365,PTCGL,Redacted Gaming
2025-02-01_2025-02-28,679f7283baf56254079f27e6,2025-02-16T01:30:00.000Z,Redacted 2nd Chance #4 (Mini Event 50 Codes),54,False,False,,,,,
2025-02-01_2025-02-28,679fcb13f1a83f7924eb5320,2025-02-04T18:00:00.000Z,Team Gamers Guild league #1 The First One,97,True,True,97,94,0.9690721649484536,PTCGL,Team Gamers Guild
2025-02-01_2025-02-28,679fd1103b814c326f97006e,2025-02-15T13:15:00.000Z,Team Gamers Guild Cup 🏆FIRST ONE🏆,60,False,False,,,,,
2025-02-01_2025-02-28,679fe38df1a83f7924eb55f6,2025-02-08T13:30:00.000Z,Team Gamers Guild League #2,72,True,True,72,67,0.9305555555555556,PTCGL,Team Gamers Guild
2025-02-01_2025-02-28,679ff6d7f1a83f7924eb57f3,2025-02-07T15:30:00.000Z,Pokémon Battle Park,111,True,True,111,106,0.954954954954955,PTCGL,Pokémon Battle Park 
2025-02-01_2025-02-28,67a013693b814c326f9705c8,2025-02-04T19:35:00.000Z,ASRcristiano # 17,55,True,True,55,54,0.9818181818181818,PTCGL,ASRcristiano League
2025-02-01_2025-02-28,67a06db23b814c326f9709f9,2025-02-04T03:00:00.000Z,Monday afternoon tournament,58,True,True,58,54,0.9310344827586207,PTCGL,WND Collectibles
2025-02-01_2025-02-28,67a06e42f1a83f7924eb5db0,2025-02-09T19:05:00.000Z,Umbral League Omni Series - Weekly #2 - 35 CODES!,129,True,True,129,125,0.9689922480620154,PTCGL,Darksiders TCG
2025-02-01_2025-02-28,67a15fb8f1a83f7924eb6d29,2025-02-11T01:00:00.000Z,Free Entry ║ Deck Out Mondays ║ Top 16 200 Codes,152,True,True,152,142,0.9342105263157895,PTCGL,Deck Out Gaming
2025-02-01_2025-02-28,67a17715f1a83f7924eb6e97,2025-02-26T02:00:00.000Z,Biznaga Challenge #5,107,True,True,107,102,0.9532710280373832,PTCGL,Biznaga Gaming
2025-02-01_2025-02-28,67a181b73b814c326f971c75,2025-02-06T23:00:00.000Z,#10 Torneo Online Vortex Squad,53,True,True,53,52,0.9811320754716981,PTCGL,Vortex Squad
2025-02-01_2025-02-28,67a189d0f1a83f7924eb6fb3,2025-02-10T23:05:00.000Z,Sunny's Weekly #191 The Lumberjack Social Event!,116,True,True,116,107,0.9224137931034483,PTCGL,Sunny's Weekly
2025-02-01_2025-02-28,67a25bfaf1a83f7924eb75e4,2025-02-07T23:00:00.000Z,Poli's Poolhouse Weekly! #14 (100 CODES),113,True,True,113,104,0.9203539823008849,PTCGL,Poli’s Poolhouse
2025-02-01_2025-02-28,67a2b5e0435c6fb86e8b7f24,2025-02-19T04:35:00.000Z,CHALLENGE OF DOOM! AND THE DISCOUNT CANDY!,64,False,False,,,,,
2025-02-01_2025-02-28,67a2f93d3b814c326f97300b,2025-02-19T00:05:00.000Z,🌲Control Players Unite's Standard Tournament! #3,59,False,False,,,,,
2025-02-01_2025-02-28,67a37b7d435c6fb86e8b85c3,2025-02-06T19:35:00.000Z,ASRcristiano # 18,94,True,True,94,86,0.9148936170212766,PTCGL,ASRcristiano League
2025-02-01_2025-02-28,67a3b4b43b814c326f973802,2025-02-09T13:00:00.000Z,Tournoi amical LEAGUE canto N30°,58,True,True,58,55,0.9482758620689655,PTCGL,LEAGUE Canto
2025-02-01_2025-02-28,67a3d836a184c8cb67196fe6,2025-02-07T18:45:00.000Z,Absolem TCG - Cup #20 - Last of this Season!!,68,True,True,68,66,0.9705882352941176,PTCGL,Absolem TCG
2025-02-01_2025-02-28,67a4dbf53b814c326f974920,2025-02-07T19:35:00.000Z,ASRcristiano # 19,79,True,True,79,73,0.9240506329113924,PTCGL,ASRcristiano League
2025-02-01_2025-02-28,67a6634aa184c8cb671997b7,2025-02-13T17:10:00.000Z,🏆Moujii's Dojo🏆300x PTCGL Codes!🏆,184,False,False,,,,,
2025-02-01_2025-02-28,67a6c92a2e6e3d7cab84ab56,2025-02-19T22:30:00.000Z,🐢Turtle Weekly 13🐢,130,False,False,,,,,
2025-02-01_2025-02-28,67a7b7a99cebf3a8aa3aea2d,2025-02-11T17:00:00.000Z,Team Gamers Guild League #3,122,True,True,122,116,0.9508196721311475,PTCGL,Team Gamers Guild
2025-02-01_2025-02-28,67a7b8049b38a3062286bb90,2025-02-15T18:30:00.000Z,🎉 Leahly's PTCG Weekly Tournament #3 🎉,65,False,False,,,,,
2025-02-01_2025-02-28,67a8fe8bc33362b4e39d9261,2025-02-10T19:00:00.000Z,Pumpka Weekly,229,True,True,229,221,0.9650655021834061,PTCGL,The Dice Town League
2025-02-01_2025-02-28,67a95916c33362b4e39d999f,2025-02-23T20:35:00.000Z,Umbral League Omni Series - Weekly #3 (35 CODES!!),68,False,False,,,,,
2025-02-01_2025-02-28,67a97f6a05f4a8b0fc572e19,2025-02-14T15:30:00.000Z,Pokémon Battle Park,102,False,False,,,,,
2025-02-01_2025-02-28,67a97fa6c33362b4e39d9b34,2025-02-16T17:00:00.000Z,Pokémon Battle Park,166,False,False,,,,,
2025-02-01_2025-02-28,67a9ce8705f4a8b0fc572fce,2025-02-11T19:35:00.000Z,ASRcristiano # 20,71,True,True,71,66,0.9295774647887324,PTCGL,ASRcristiano League
2025-02-01_2025-02-28,67aa64a2c33362b4e39da747,2025-02-17T23:05:00.000Z,Sunny's Weekly #192 London Calling,126,False,False,,,,,
2025-02-01_2025-02-28,67ab60db78c0b3231881101b,2025-02-14T01:15:00.000Z,Le Tournois Du DresseurPokeCharbie #48,61,False,False,,,,,
2025-02-01_2025-02-28,67abced40b3322ebaa504e3f,2025-02-13T00:30:00.000Z,Barb City League #18,111,True,True,111,103,0.9279279279279279,PTCGL,Barb City Online League
2025-02-01_2025-02-28,67ac5e2978c0b32318811d1e,2025-02-12T19:35:00.000Z,ASRcristiano # 21,133,True,True,133,123,0.924812030075188,PTCGL,ASRcristiano League
2025-02-01_2025-02-28,67acb39c0b3322ebaa50558b,2025-02-15T01:00:00.000Z,瞬间失忆联赛第2赛季第7场 Amnesia Series S2-07,69,False,False,,,,,
2025-02-01_2025-02-28,67acc49578c0b32318812015,2025-02-13T23:00:00.000Z,#11 Torneo Online Vortex Squad,62,False,False,,,,,
2025-02-01_2025-02-28,67ad633878c0b32318812bb3,2025-02-25T23:00:00.000Z,🐢25 codes Turtle Weekly 14 🐢,82,True,True,82,81,0.9878048780487805,PTCGL,Turtle Squad 
2025-02-01_2025-02-28,67ae687578c0b32318813ac6,2025-02-20T17:00:00.000Z,🏆Moujii's Dojo🏆300x PTCGL Codes!🏆,120,False,False,,,,,
2025-02-01_2025-02-28,67ae776d0b3322ebaa507936,2025-02-17T22:30:00.000Z,🐢President Turtle🐢,56,False,False,,,,,
2025-02-01_2025-02-28,67b10cfbdb9039721dba9846,2025-02-28T18:00:00.000Z,Jester's Weekly Casual #5,61,True,True,61,54,0.8852459016393442,PTCGL,JesterTCG
2025-02-01_2025-02-28,67b2003e78c0b323188166a1,2025-02-17T19:00:00.000Z,Pumpka Weekly,240,False,False,,,,,
2025-02-01_2025-02-28,67b22feb78c0b32318816c2a,2025-02-16T21:00:00.000Z,Umbral League  IRRESISTABLE FORCE POP-UP 50 CODES,59,False,False,,,,,
2025-02-01_2025-02-28,67b27b2578c0b32318817680,2025-02-21T15:30:00.000Z,Pokémon Battle Park,76,False,False,,,,,
2025-02-01_2025-02-28,67b27b610b3322ebaa50b4a4,2025-02-23T17:00:00.000Z,Pokémon Battle Park,89,False,False,,,,,
2025-02-01_2025-02-28,67b321c478c0b32318817c13,2025-02-17T16:00:00.000Z,Team Gamers Guild random ‘I’m bored’ tournament,61,False,False,,,,,
2025-02-01_2025-02-28,67b3693478c0b32318817eec,2025-02-18T01:00:00.000Z,Free Entry ║ Deck Out Mondays ║ Top 16 200 Codes,166,False,False,,,,,
2025-02-01_2025-02-28,67b3a93b78c0b32318818319,2025-02-24T23:05:00.000Z,Sunny's Weekly #193 Built Out of Legos!,128,True,True,128,119,0.9296875,PTCGL,Sunny's Weekly
2025-02-01_2025-02-28,67b4f03a78c0b3231881913f,2025-02-19T02:30:00.000Z,Card Forum Online #14,65,False,False,,,,,
2025-02-01_2025-02-28,67b5ef2878c0b32318819ab8,2025-02-25T20:00:00.000Z,ASRcristiano # 22,71,True,True,71,65,0.9154929577464789,PTCGL,ASRcristiano League
2025-02-01_2025-02-28,67b602260b3322ebaa50dee6,2025-02-20T02:00:00.000Z,Victini TCG,64,False,False,,,,,
2025-02-01_2025-02-28,67b6241c78c0b32318819db2,2025-02-25T17:15:00.000Z,Team Gamers Guild League #5!,65,True,True,65,59,0.9076923076923077,PTCGL,Team Gamers Guild
2025-02-01_2025-02-28,67b627d20b3322ebaa50e203,2025-02-19T20:00:00.000Z,Team Gamers Guild yes it's a league #4,51,False,False,,,,,
2025-02-01_2025-02-28,67b7b4ba0b3322ebaa50f5fe,2025-02-27T17:05:00.000Z,🏆Moujii's Dojo🏆300x PTCGL Codes!🏆,114,True,True,114,111,0.9736842105263158,PTCGL,Moujii's Dojo
2025-02-01_2025-02-28,67b9e1e578c0b3231881d402,2025-02-23T01:30:00.000Z,Redacted 2nd Chance #5 (Mini Event 50 Codes),54,False,False,,,,,
2025-02-01_2025-02-28,67bb15540b3322ebaa512296,2025-02-24T19:00:00.000Z,Pumpka Weekly,155,False,False,,,,,
2025-02-01_2025-02-28,67bbbbbf78c0b3231881ea58,2025-02-28T15:30:00.000Z,Pokémon Battle Park,77,True,True,77,71,0.922077922077922,PTCGL,Pokémon Battle Park 
2025-02-01_2025-02-28,67bbfd7c78c0b3231881ec53,2025-02-25T01:40:00.000Z,Card Temple Weekly Battles #2,91,True,True,91,76,0.8351648351648352,PTCGL,Card Temple
2025-02-01_2025-02-28,67bcf25478c0b3231881f5fd,2025-02-28T23:00:00.000Z,Poli's Poolhouse Weekly! #15,59,True,True,59,54,0.9152542372881356,PTCGL,Poli’s Poolhouse
2025-02-01_2025-02-28,67be27470b3322ebaa514a2e,2025-02-27T23:15:00.000Z,Victini TCG,55,True,True,55,51,0.9272727272727272,PTCGL,Victini TCG
2025-03-01_2025-03-31,677dade77960ec710efe5294,2025-03-29T15:00:00.000Z,"ToD: ""Regional"" Championships V",289,True,True,289,283,0.9792387543252595,PTCGL,Doom's Events and Catering
2025-03-01_2025-03-31,6784039e7960ec710eff4105,2025-03-04T18:30:00.000Z,Gray's PokéLeague - Champion's Road #15,70,True,True,70,64,0.9142857142857143,PTCGL,Gray's PokéLeague
2025-03-01_2025-03-31,6786be9a010576265d10b08b,2025-03-09T23:30:00.000Z,Prismatic Ditto #6 (200 Codes),116,True,True,116,107,0.9224137931034483,PTCGL,Blue Ditto
2025-03-01_2025-03-31,6786bec6010576265d10b08d,2025-03-16T23:30:00.000Z,Prismatic Ditto #7 (100 Codes),97,False,False,,,,,
2025-03-01_2025-03-31,679e9a6aec94bf470ec8f70a,2025-03-07T00:00:00.000Z,🐍TLS TCG SERIES QUALIFIER 5/10 S2 - CASH + CODES,88,True,True,88,78,0.8863636363636364,PTCGL,Team Lethal Strike
2025-03-01_2025-03-31,679e9a7bec94bf470ec8f70b,2025-03-13T23:00:00.000Z,🐍TLS TCG SERIES QUALIFIER 6/10 S2 - CASH + CODES,104,False,False,,,,,
2025-03-01_2025-03-31,679e9a922e9db6e88f3e5db9,2025-03-20T23:00:00.000Z,🐍TLS TCG SERIES QUALIFIER 7/10 S2 - CASH + CODES,91,False,False,,,,,
2025-03-01_2025-03-31,679e9aa2ac375d44ca9134d8,2025-03-27T23:00:00.000Z,🐍TLS TCG SERIES QUALIFIER 8/10 S2 - CASH + CODES,146,True,True,146,144,0.9863013698630136,PTCGL,Team Lethal Strike
2025-03-01_2025-03-31,67a3b93a3b814c326f97383e,2025-03-05T04:35:00.000Z,CHALLENGE OF DOOM! VANCOUVER PREVIEW!,64,True,True,64,62,0.96875,PTCGL,Doom's Events and Catering
2025-03-01_2025-03-31,67a70916a184c8cb6719a288,2025-03-01T03:35:00.000Z,TOURNAMENT OF DOOM! NOT A LEAP YEAR!,195,True,True,195,180,0.9230769230769231,PTCGL,Doom's Events and Catering
2025-03-01_2025-03-31,67a913fd05f4a8b0fc5726b9,2025-03-28T17:00:00.000Z,Polskie Nocne Granie #4,79,True,True,79,75,0.9493670886075949,PTCGL,DominikTCG
2025-03-01_2025-03-31,67af5fb10b3322ebaa5082b3,2025-03-12T00:30:00.000Z,JG Tuesday Night Standard - THE FINAL CHAPTER,57,False,False,,,,,
2025-03-01_2025-03-31,67b566db0b3322ebaa50daa6,2025-03-05T00:00:00.000Z,🌲Control Players Unite's Standard Tournament! #4,52,True,False,,,,PTCGL,Control Players Unite
2025-03-01_2025-03-31,67b730420b3322ebaa50ed10,2025-03-04T22:30:00.000Z,🐢Turtle Weekly 15🐢Allout takeover,95,True,True,95,85,0.8947368421052632,PTCGL,Turtle Squad 
2025-03-01_2025-03-31,67b730b378c0b3231881ac25,2025-03-11T21:30:00.000Z,🐢Turtle Weekly 16🐢,61,False,False,,,,,
2025-03-01_2025-03-31,67b7311778c0b3231881ac2b,2025-03-18T21:30:00.000Z,🐢Turtle Weekly 17🐢,57,False,False,,,,,
2025-03-01_2025-03-31,67bb999378c0b3231881e7c4,2025-03-02T22:35:00.000Z,Mudkip Champions Series 2-1 The Return,125,True,True,125,109,0.872,PTCGL,Mudkip's Den
2025-03-01_2025-03-31,67bbbc0678c0b3231881ea59,2025-03-02T17:00:00.000Z,Pokémon Battle Park,130,True,True,130,119,0.9153846153846154,PTCGL,Pokémon Battle Park 
2025-03-01_2025-03-31,67bbd4a278c0b3231881eb7a,2025-03-06T23:00:00.000Z,#13 Torneo Online Vortex Squad,52,True,True,52,48,0.9230769230769231,PTCGL,Vortex Squad
2025-03-01_2025-03-31,67bc3fea78c0b3231881ece4,2025-03-03T02:00:00.000Z,SMG Nightly Standard,59,True,True,59,56,0.9491525423728814,PTCGL,Snowy Mountain Guild
2025-03-01_2025-03-31,67bcce350b3322ebaa513a97,2025-03-10T23:15:00.000Z,PokeArena #1 (200 Codes),70,False,False,,,,,
2025-03-01_2025-03-31,67bcd57f78c0b3231881f3ca,2025-03-03T23:05:00.000Z,Sunny's Weekly #194 Sunny's Construction Company,128,True,True,128,122,0.953125,PTCGL,Sunny's Weekly
2025-03-01_2025-03-31,67be0e010b3322ebaa514873,2025-03-01T18:30:00.000Z,🎉 Leahly’s PTCG Weekly Tournament #4 🎉,83,True,True,83,76,0.9156626506024096,PTCGL,Leahly's PTCG
2025-03-01_2025-03-31,67be87070b3322ebaa514e8c,2025-03-16T15:00:00.000Z,ENDGAME x Alloutblitzle $500 CAD Standard,292,False,False,,,,,
2025-03-01_2025-03-31,67bfd0620b3322ebaa515d88,2025-03-02T00:05:00.000Z,Redacted Evolutions #6 (100 Codes) CLOSED LISTS,126,True,True,126,110,0.873015873015873,PTCGL,Redacted Gaming
2025-03-01_2025-03-31,67bfd06c0b3322ebaa515d8a,2025-03-09T00:05:00.000Z,Redacted Evolutions #7 (100 Codes) CLOSED LISTS,104,True,True,104,94,0.9038461538461539,PTCGL,Redacted Gaming
2025-03-01_2025-03-31,67bfd0750b3322ebaa515d8b,2025-03-15T23:05:00.000Z,Redacted Evolutions #8 (100 Codes) CLOSED LISTS,101,False,False,,,,,
2025-03-01_2025-03-31,67bfd07e78c0b323188217ba,2025-03-22T23:05:00.000Z,Redacted Evolutions #9 (100 Codes) CLOSED LISTS,107,False,False,,,,,
2025-03-01_2025-03-31,67bfd08678c0b323188217bb,2025-03-29T23:05:00.000Z,Redacted Evolutions #10 (100 Codes) CLOSED LISTS,132,True,True,132,128,0.9696969696969697,PTCGL,Redacted Gaming
2025-03-01_2025-03-31,67bfd3d40b3322ebaa515de6,2025-03-02T01:30:00.000Z,Redacted 2nd Chance #6 (Mini Event 50 Codes),78,True,True,78,72,0.9230769230769231,PTCGL,Redacted Gaming
2025-03-01_2025-03-31,67bfd3f278c0b323188217d5,2025-03-16T00:30:00.000Z,Redacted 2nd Chance #8 (Mini Event 50 Codes),72,False,False,,,,,
2025-03-01_2025-03-31,67bfd3f80b3322ebaa515de9,2025-03-23T00:30:00.000Z,Redacted 2nd Chance #9 (Mini Event 50 Codes),59,False,False,,,,,
2025-03-01_2025-03-31,67bfd40078c0b323188217d6,2025-03-30T00:30:00.000Z,Redacted 2nd Chance #10 (Mini Event 50 Codes),71,True,True,71,69,0.971830985915493,PTCGL,Redacted Gaming
2025-03-01_2025-03-31,67c0f9d078c0b323188226be,2025-03-06T18:00:00.000Z,🏆Moujii's Dojo🏆,135,True,True,135,121,0.8962962962962963,PTCGL,Moujii's Dojo
2025-03-01_2025-03-31,67c1978ca1d5aaa96ff587d6,2025-03-01T15:30:00.000Z,Team gamers Guild CUP! 🏆 #2,56,True,True,56,52,0.9285714285714286,PTCGL,Team Gamers Guild
2025-03-01_2025-03-31,67c2c72a7343de6f1c79b33c,2025-03-08T18:05:00.000Z,Jester's Weekly Casual #6,81,True,True,81,76,0.9382716049382716,PTCGL,JesterTCG
2025-03-01_2025-03-31,67c4541f36181ea4d6e9a55f,2025-03-09T08:00:00.000Z,Oceanic Tournament Series 2025 #6,56,True,True,56,48,0.8571428571428571,PTCGL,Collecting Leftovers
2025-03-01_2025-03-31,67c4559e36181ea4d6e9a56c,2025-03-03T19:00:00.000Z,Pumpka Weekly,157,True,True,157,143,0.910828025477707,PTCGL,The Dice Town League
2025-03-01_2025-03-31,67c48eaa36181ea4d6e9acdf,2025-03-04T17:30:00.000Z,Team Gamers Guild League #6,62,True,True,62,52,0.8387096774193549,PTCGL,Team Gamers Guild
2025-03-01_2025-03-31,67c4b6d436181ea4d6e9b126,2025-03-03T00:05:00.000Z,Redacted x Ditto Open Cup (100 Codes) CLOSED LISTS,106,True,True,106,97,0.9150943396226415,PTCGL,Redacted Gaming
2025-03-01_2025-03-31,67c50ce58f99a44fce341b0d,2025-03-04T20:00:00.000Z,ASRcristiano # 24,70,True,True,70,64,0.9142857142857143,PTCGL,ASRcristiano League
2025-03-01_2025-03-31,67c5321f8f99a44fce341c63,2025-03-04T01:40:00.000Z,Card Temple Weekly Battles #3,76,True,True,76,72,0.9473684210526315,PTCGL,Card Temple
2025-03-01_2025-03-31,67c5c06d8f99a44fce3420c3,2025-03-07T15:30:00.000Z,Pokémon Battle Park,97,True,True,97,82,0.845360824742268,PTCGL,Pokémon Battle Park 
2025-03-01_2025-03-31,67c5c0af36181ea4d6e9be14,2025-03-09T16:00:00.000Z,Pokémon Battle Park,76,True,True,76,70,0.9210526315789473,PTCGL,Pokémon Battle Park 
2025-03-01_2025-03-31,67c5da4236181ea4d6e9c074,2025-03-06T14:00:00.000Z,CARDHUB CHALLENGE 5 round || PTCGL Codes Prize,51,True,True,51,47,0.9215686274509803,PTCGL,CARDHUB
2025-03-01_2025-03-31,67c610178f99a44fce3427f1,2025-03-05T02:30:00.000Z,Card Forum Online #16 - Top 4 prizes,59,True,True,59,53,0.8983050847457628,PTCGL,Card Forum
2025-03-01_2025-03-31,67c61a368f99a44fce3428e3,2025-03-10T22:05:00.000Z,Sunny's Weekly #195 The Gladiator Pits,107,True,True,107,96,0.897196261682243,PTCGL,Sunny's Weekly
2025-03-01_2025-03-31,67c6341f8f99a44fce342bc9,2025-03-30T23:00:00.000Z,Deep Sea Draw #2,57,True,True,57,56,0.9824561403508771,PTCGL,PoseidonMythos
2025-03-01_2025-03-31,67c6656036181ea4d6e9cd3c,2025-03-05T22:45:00.000Z,🔴 Arrow Cup #1 🔴,95,True,True,95,83,0.8736842105263158,PTCGL,Bak & Bak PokeLab
2025-03-01_2025-03-31,67c72bb28f99a44fce343789,2025-03-15T02:35:00.000Z,TOURNAMENT OF DOOM! BACK FROM CANADA!,145,False,False,,,,,
2025-03-01_2025-03-31,67c72be736181ea4d6e9d5dc,2025-03-22T02:35:00.000Z,TOURNAMENT OF DOOM! THE LAST ONE IN THIS FORMAT!,155,False,False,,,,,
2025-03-01_2025-03-31,67c72c2536181ea4d6e9d5e0,2025-03-19T03:35:00.000Z,CHALLENGE OF DOOM! PREPARE FOR ROTATION!,64,False,False,,,,,
2025-03-01_2025-03-31,67c9b23936181ea4d6e9f8bd,2025-03-08T02:00:00.000Z,Torneo Online PTCGL Gratuito #1,75,True,True,75,63,0.84,PTCGL,Alain Cards Online
2025-03-01_2025-03-31,67ca458d36181ea4d6ea0386,2025-03-13T16:10:00.000Z,🏆Moujii's Dojo🏆,95,False,False,,,,,
2025-03-01_2025-03-31,67ca48758f99a44fce346779,2025-03-07T23:00:00.000Z,Plantel Battle #09 ( 100 CODES - TOP 8),58,True,True,58,53,0.9137931034482759,PTCGL,Mighow
2025-03-01_2025-03-31,67cacb5a36181ea4d6ea08bb,2025-03-07T20:00:00.000Z,CARDHUB CHALLENGE 5 round || PTCGL Codes Prize,64,True,True,64,61,0.953125,PTCGL,CARDHUB
2025-03-01_2025-03-31,67cc4de06755226279eb2831,2025-03-11T17:30:00.000Z,Team Gamers Guild League #8,71,True,False,,,,PTCGL,Team Gamers Guild
2025-03-01_2025-03-31,67cd51057c466f5723c31970,2025-03-15T18:05:00.000Z,Jester's Weekly Casual #7,68,False,False,,,,,
2025-03-01_2025-03-31,67cd516d7c466f5723c31974,2025-03-29T18:05:00.000Z,Jester's Monthly Challenge [March 2025][Rotation],57,True,True,57,56,0.9824561403508771,PTCGL,JesterTCG
2025-03-01_2025-03-31,67cd52590bff7e07c136b8a2,2025-03-22T18:05:00.000Z,Jester's Weekly Casual #8,56,False,False,,,,,
2025-03-01_2025-03-31,67cdb89f0bff7e07c136bd70,2025-03-10T19:00:00.000Z,Pumpka Weekly,132,True,True,132,123,0.9318181818181818,PTCGL,The Dice Town League
2025-03-01_2025-03-31,67ce15117c466f5723c32b94,2025-03-11T02:00:00.000Z,Card Temple Weekly Battles #4,75,True,True,75,69,0.92,PTCGL,Card Temple
2025-03-01_2025-03-31,67ce3a157c466f5723c32ea0,2025-03-10T17:00:00.000Z,Pokémon Journey League #1 - 30 USD Prize,57,True,True,57,56,0.9824561403508771,PTCGL,Gengar's Mansion
2025-03-01_2025-03-31,67ce42af0bff7e07c136c92f,2025-03-23T23:30:00.000Z,Prismatic Ditto #8 (100 Codes),124,False,False,,,,,
2025-03-01_2025-03-31,67ce44290bff7e07c136c935,2025-03-30T23:30:00.000Z,Ditto Together #1 JTG is Legal! (200 Codes),179,True,True,179,178,0.994413407821229,PTCGL,Blue Ditto
2025-03-01_2025-03-31,67ce5d460bff7e07c136ca16,2025-03-14T14:30:00.000Z,Pokémon Battle Park,79,False,False,,,,,
2025-03-01_2025-03-31,67cf55840bff7e07c136dae4,2025-03-17T22:05:00.000Z,Sunny's Weekly #196 The Luck of the Irish,84,False,False,,,,,
2025-03-01_2025-03-31,67cfa8257c466f5723c3412d,2025-03-19T00:00:00.000Z,BSS🗿Po’l la Noche Vol.3 Quality time,52,False,False,,,,,
2025-03-01_2025-03-31,67d0ed647c466f5723c34d89,2025-03-16T17:00:00.000Z,Pokémon Journey League #2 - 30 USD Prizes,52,False,False,,,,,
2025-03-01_2025-03-31,67d0f8e47c466f5723c34dc4,2025-03-12T22:00:00.000Z,Victini TCG,68,False,False,,,,,
2025-03-01_2025-03-31,67d209939561463c3371c52f,2025-03-15T15:30:00.000Z,Team Gamers Guild... Cup!!! 🏆 #3,50,False,False,,,,,
2025-03-01_2025-03-31,67d2f75ba99850c6e38c5fc2,2025-03-14T20:00:00.000Z,ASRcristiano # 26,70,False,False,,,,,
2025-03-01_2025-03-31,67d3648b9561463c3371d481,2025-03-20T16:20:00.000Z,🏆Moujii's Dojo🏆Post Rotation!🏆,76,False,False,,,,,
2025-03-01_2025-03-31,67d73106a99850c6e38ca2ad,2025-03-17T19:00:00.000Z,Pumpka Weekly,140,False,False,,,,,
2025-03-01_2025-03-31,67d7422da99850c6e38ca3c3,2025-03-21T14:30:00.000Z,Pokémon Battle Park,86,False,False,,,,,
2025-03-01_2025-03-31,67d7429f9561463c33721151,2025-03-23T16:00:00.000Z,Pokémon Battle Park,74,False,False,,,,,
2025-03-01_2025-03-31,67d840f5a99850c6e38cab4e,2025-03-18T02:00:00.000Z,Card Temple Weekly Battles #5,71,False,False,,,,,
2025-03-01_2025-03-31,67d8599b9561463c33721b1e,2025-03-18T20:00:00.000Z,ASRcristiano # 27,66,False,False,,,,,
2025-03-01_2025-03-31,67d8ac98a99850c6e38cb4db,2025-03-18T17:30:00.000Z,Team Gamers Guild league... #TEN!!!,76,False,False,,,,,
2025-03-01_2025-03-31,67d8c6fb9561463c3372251d,2025-03-24T22:05:00.000Z,Sunny's Weekly #197 F is for Farewell (F Block),89,False,False,,,,,
2025-03-01_2025-03-31,67d9af4fa99850c6e38cbebb,2025-03-24T23:15:00.000Z,PokeArena #3 (200 Codes),62,True,True,62,54,0.8709677419354839,PTCGL,PokeArena
2025-03-01_2025-03-31,67da11eda99850c6e38cc466,2025-03-23T17:00:00.000Z,Pokémon Journey League #3 - 30 USD Prizes,58,False,False,,,,,
2025-03-01_2025-03-31,67da2b4ca99850c6e38cc547,2025-03-26T00:00:00.000Z,BSS🗿Po’l la Noche Vol.4 Good bye Reg F,58,True,True,58,56,0.9655172413793104,PTCGL,BaSingSe X Battlezone
2025-03-01_2025-03-31,67de1d1440ab762997ea9d10,2025-03-27T18:00:00.000Z,🏆Moujii's Dojo🏆Journey Together Legal🏆,153,True,False,,,,PTCGL,Moujii's Dojo
2025-03-01_2025-03-31,67dee62247ba07e827b70213,2025-03-28T22:00:00.000Z,Poli's Poolhouse Weekly! #16,54,True,True,54,52,0.9629629629629629,PTCGL,Poli’s Poolhouse
2025-03-01_2025-03-31,67e06c0bfb3a86a4cffce148,2025-03-24T19:00:00.000Z,Pumpka Weekly,102,False,False,,,,,
2025-03-01_2025-03-31,67e07d6cfb3a86a4cffce215,2025-03-28T14:30:00.000Z,Pokémon Battle Park- Journey Together is Legal,103,True,True,103,100,0.970873786407767,PTCGL,Pokémon Battle Park 
2025-03-01_2025-03-31,67e07e41fb3a86a4cffce220,2025-03-30T16:00:00.000Z,Pokémon Battle Park-Post Rotation Tournament,181,True,True,181,174,0.9613259668508287,PTCGL,Pokémon Battle Park 
2025-03-01_2025-03-31,67e1731740ab762997eac0bb,2025-03-25T02:00:00.000Z,Card Temple Weekly Battles #6,68,True,True,68,56,0.8235294117647058,PTCGL,Card Temple
2025-03-01_2025-03-31,67e18a64fb3a86a4cffceafd,2025-03-28T23:05:00.000Z,Redacted x Ditto x PokeArena Cup (600 Codes+Cash),276,True,True,276,270,0.9782608695652174,PTCGL,Blue Ditto
2025-03-01_2025-03-31,67e19be0fb3a86a4cffcebab,2025-03-29T02:00:00.000Z,Special Battles #1,64,True,True,64,62,0.96875,PTCGL,Card Temple
2025-03-01_2025-03-31,67e1b36cfb3a86a4cffced80,2025-03-31T22:05:00.000Z,Sunny's Weekly #198 A New Journey.... Together!,128,True,True,128,125,0.9765625,PTCGL,Sunny's Weekly
2025-03-01_2025-03-31,67e2fc5e40ab762997ead5fe,2025-03-26T23:30:00.000Z,Pokemon TCG #1,70,True,True,70,60,0.8571428571428571,PTCGL,Turtle Squad 
2025-03-01_2025-03-31,67e417eefb3a86a4cffd03c9,2025-03-31T23:15:00.000Z,PokeArena #4 (100 Codes),109,True,True,109,108,0.9908256880733946,PTCGL,PokeArena
2025-03-01_2025-03-31,67e9727a142155bb4448f867,2025-03-30T20:30:00.000Z,Poli's Pop Up Mickey! #21 ATLANTA TESTING,72,True,True,72,72,1.0,PTCGL,Poli’s Poolhouse
2025-03-01_2025-03-31,67e9a3d78618249809367feb,2025-03-31T18:00:00.000Z,Pumpka Weekly,206,True,True,206,200,0.970873786407767,PTCGL,The Dice Town League
2025-04-01_2025-04-30,678401a77960ec710eff3fc6,2025-04-05T17:30:00.000Z,Gray's PokéLeague - Journey Together Special,168,True,True,168,161,0.9583333333333334,PTCGL,Gray's PokéLeague
2025-04-01_2025-04-30,678404067960ec710eff411c,2025-04-08T17:30:00.000Z,Gray's PokéLeague - Champion's Road #16,140,True,True,140,134,0.9571428571428572,PTCGL,Gray's PokéLeague
2025-04-01_2025-04-30,678581521c64910a07ac1e1a,2025-04-15T17:30:00.000Z,Gray's PokéLeague - Champion's Road #17,156,False,False,,,,,
2025-04-01_2025-04-30,679e9ab92e9db6e88f3e5dbc,2025-04-03T23:00:00.000Z,🐍TLS TCG SERIES QUALIFIER 9/10 S2 - CASH + CODES,159,True,True,159,152,0.9559748427672956,PTCGL,Team Lethal Strike
2025-04-01_2025-04-30,679e9aceac375d44ca9134de,2025-04-10T23:00:00.000Z,🐍TLS TCG SERIES QUALIFIER 10/10 S2 - CASH + CODES,146,True,False,,,,PTCGL,Team Lethal Strike
2025-04-01_2025-04-30,67c5fb448f99a44fce3425f4,2025-04-18T16:55:00.000Z,🟣 Gengar's Hideout Replacement Tournament🟣,81,False,False,,,,,
2025-04-01_2025-04-30,67d733879561463c337210a2,2025-04-01T21:30:00.000Z,🐢Turtle Weekly 18🐢,75,True,True,75,74,0.9866666666666667,PTCGL,Turtle Squad 
2025-04-01_2025-04-30,67d733bc9561463c337210a3,2025-04-08T21:30:00.000Z,🐢Turtle Weekly 19🐢,87,True,True,87,84,0.9655172413793104,PTCGL,Turtle Squad 
2025-04-01_2025-04-30,67d733f29561463c337210a4,2025-04-15T22:00:00.000Z,🐢Turtle Weekly 20🐢,120,False,False,,,,,
2025-04-01_2025-04-30,67da3d1ba99850c6e38cc5a3,2025-04-01T23:00:00.000Z,🌲Control Players Unite's Standard Tournament! #6,74,True,False,,,,PTCGL,Control Players Unite
2025-04-01_2025-04-30,67df78ecfb3a86a4cffcd41d,2025-04-02T00:00:00.000Z,BSS🗿Po’l la Noche Vol.5 Hop Is that you?,67,True,True,67,66,0.9850746268656716,PTCGL,Ba Sing Se
2025-04-01_2025-04-30,67e04a29fb3a86a4cffcdd94,2025-04-05T02:35:00.000Z,TOURNAMENT OF DOOM! THE NEW FRONTIER!,306,True,True,306,302,0.9869281045751634,PTCGL,Doom's Events and Catering
2025-04-01_2025-04-30,67e04ac3fb3a86a4cffcde0a,2025-04-12T02:35:00.000Z,TOURNAMENT OF DOOM! Star....,265,False,False,,,,,
2025-04-01_2025-04-30,67e04af440ab762997eab5cb,2025-04-19T02:35:00.000Z,TOURNAMENT OF DOOM! That doll....,286,False,False,,,,,
2025-04-01_2025-04-30,67e04b3440ab762997eab5ce,2025-04-26T02:35:00.000Z,TOURNAMENT OF DOOM! BURGER OF THE DAY!,215,True,True,215,205,0.9534883720930233,PTCGL,Doom's Events and Catering
2025-04-01_2025-04-30,67e04c1ffb3a86a4cffcde27,2025-04-23T03:35:00.000Z,CHALLENGE OF DOOM! Seeing double?,64,True,True,64,60,0.9375,PTCGL,Doom's Events and Catering
2025-04-01_2025-04-30,67e0d19140ab762997eabc88,2025-04-06T23:30:00.000Z,Ditto Together #2 (100 Codes),258,True,True,258,249,0.9651162790697675,PTCGL,Blue Ditto
2025-04-01_2025-04-30,67e0d2c340ab762997eabc8d,2025-04-27T23:30:00.000Z,Ditto Together #4 (100 Codes),170,True,True,170,164,0.9647058823529412,PTCGL,Blue Ditto
2025-04-01_2025-04-30,67e32dee40ab762997ead7c2,2025-04-06T21:35:00.000Z,Mudkip Champions 2-5,70,True,True,70,67,0.9571428571428572,PTCGL,Mudkip's Den
2025-04-01_2025-04-30,67e5fa2140ab762997eaf1d8,2025-04-04T23:00:00.000Z,Plantel Battle #10 ( 100 CODES - TOP 8 ),71,True,True,71,69,0.971830985915493,PTCGL,Mighow
2025-04-01_2025-04-30,67e6fe9efb3a86a4cffd1f3f,2025-04-03T16:00:00.000Z,🏆Moujii's Dojo🏆,169,True,True,169,166,0.9822485207100592,PTCGL,Moujii's Dojo
2025-04-01_2025-04-30,67e71b83fb3a86a4cffd20ea,2025-04-02T16:30:00.000Z,🏆Team GG Cup... Not a Fools Day Prank🏆 #4,110,True,True,110,106,0.9636363636363636,PTCGL,Team Gamers Guild
2025-04-01_2025-04-30,67e7f43240ab762997eb051b,2025-04-02T19:00:00.000Z,ASRcristiano # 28 - Rotation legal !,132,True,False,,,,PTCGL,ASRcristiano League
2025-04-01_2025-04-30,67e905c68618249809367809,2025-04-05T17:05:00.000Z,Jester's Weekly Casual #9,78,True,True,78,76,0.9743589743589743,PTCGL,JesterTCG
2025-04-01_2025-04-30,67e9e71e142155bb4448fe53,2025-04-04T14:30:00.000Z,Pokémon Battle Park- Post Rotation Tournament,139,True,True,139,132,0.9496402877697842,PTCGL,Pokémon Battle Park 
2025-04-01_2025-04-30,67eaed6e8618249809368a81,2025-04-01T02:00:00.000Z,Card Temple Weekly Battles #7,81,True,True,81,77,0.9506172839506173,PTCGL,Card Temple
2025-04-01_2025-04-30,67eaf1d88618249809368ad1,2025-04-07T22:05:00.000Z,Sunny's Weekly #199 Quest to Atlanta,128,True,True,128,123,0.9609375,PTCGL,Sunny's Weekly
2025-04-01_2025-04-30,67ec91548618249809369748,2025-04-07T23:05:00.000Z,PokeArena #5 (200 Codes) - Atlanta Testing,89,True,True,89,87,0.9775280898876404,PTCGL,PokeArena
2025-04-01_2025-04-30,67ed93bc248f8e7960155640,2025-04-13T18:00:00.000Z,MDL TCG - Teal Tournament 1,57,False,False,,,,,
2025-04-01_2025-04-30,67eeb34f51fbd1f97a4abf1a,2025-04-04T19:00:00.000Z,ASRcristiano # 29 - Rotation Legal !,133,True,False,,,,PTCGL,ASRcristiano League
2025-04-01_2025-04-30,67ef41d951fbd1f97a4ac5da,2025-04-19T21:15:00.000Z,GREATBALL LEAGUE | by Pokemon TCG en Español,94,False,False,,,,,
2025-04-01_2025-04-30,67f01a7a301019fd332f56c9,2025-04-10T16:10:00.000Z,🏆Moujii's Dojo🏆,156,True,True,156,150,0.9615384615384616,PTCGL,Moujii's Dojo
2025-04-01_2025-04-30,67f03379301019fd332f57f1,2025-04-09T00:00:00.000Z,BSS🗿Po’l la Noche Vol.6 Ar yo Washed and Expired?,63,True,True,63,62,0.9841269841269841,PTCGL,Ba Sing Se
2025-04-01_2025-04-30,67f0a2dc301019fd332f5e53,2025-04-16T00:00:00.000Z,BSS🗿Po’l la Noche Vol.7 Atlanta's Aftermath,77,False,False,,,,,
2025-04-01_2025-04-30,67f11d0d301019fd332f61f0,2025-04-05T23:05:00.000Z,Redacted Evolutions #11 (100 Codes) CLOSED LISTS,181,True,True,181,169,0.9337016574585635,PTCGL,Redacted Gaming
2025-04-01_2025-04-30,67f11d17301019fd332f61f2,2025-04-19T23:05:00.000Z,Redacted Evolutions #12 (200 Codes) CLOSED LISTS,134,False,False,,,,,
2025-04-01_2025-04-30,67f11d20301019fd332f61f3,2025-04-26T23:05:00.000Z,Redacted Evolutions #13 (100 Codes) CLOSED LISTS,130,True,True,130,128,0.9846153846153847,PTCGL,Redacted Gaming
2025-04-01_2025-04-30,67f11d82301019fd332f61fb,2025-04-06T00:30:00.000Z,Redacted 2nd Chance #11 (Mini Event 50 Codes),68,True,True,68,68,1.0,PTCGL,Redacted Gaming
2025-04-01_2025-04-30,67f123a08139b930abd76d4e,2025-04-20T00:30:00.000Z,Redacted 2nd Chance #12 (Mini Event 100 Codes),76,False,False,,,,,
2025-04-01_2025-04-30,67f123b4301019fd332f6224,2025-04-27T00:30:00.000Z,Redacted 2nd Chance #13 (Mini Event 50 Codes),70,True,True,70,69,0.9857142857142858,PTCGL,Redacted Gaming
2025-04-01_2025-04-30,67f1851f8139b930abd771b0,2025-04-11T17:05:00.000Z,Jester's Weekly Casual #10,60,False,False,,,,,
2025-04-01_2025-04-30,67f1c26b10ff208821ec21e6,2025-04-22T17:30:00.000Z,Gray's PokéLeague - Champion's Road #18,162,True,True,162,156,0.9629629629629629,PTCGL,Gray's PokéLeague
2025-04-01_2025-04-30,67f2858417fa475a4bcae521,2025-04-13T09:00:00.000Z,Oceanic Tournament Series 2025 #10,58,False,False,,,,,
2025-04-01_2025-04-30,67f2a82e10ff208821ec2824,2025-04-06T17:15:00.000Z,Battle park replacement:) TGG League #11,61,True,True,61,61,1.0,PTCGL,Team Gamers Guild
2025-04-01_2025-04-30,67f2cd1617fa475a4bcae9df,2025-04-29T17:30:00.000Z,Gray's PokéLeague - Champion's Road #19,154,True,True,154,150,0.974025974025974,PTCGL,Gray's PokéLeague
2025-04-01_2025-04-30,67f2d12a10ff208821ec2a2b,2025-04-07T18:00:00.000Z,Pumpka Weekly - Partner Anniversary Special!,221,True,True,221,212,0.9592760180995475,PTCGL,The Dice Town League
2025-04-01_2025-04-30,67f33ea117fa475a4bcaefc2,2025-04-13T01:35:00.000Z,Mudkip Champions 2-6,120,False,False,,,,,
2025-04-01_2025-04-30,67f3560810ff208821ec2e82,2025-04-08T02:00:00.000Z,Card Temple Weekly Battles #8,97,True,True,97,94,0.9690721649484536,PTCGL,Card Temple
2025-04-01_2025-04-30,67f3cc8017fa475a4bcaf20d,2025-04-11T14:30:00.000Z,Pokémon Battle Park,104,False,False,,,,,
2025-04-01_2025-04-30,67f3ccd917fa475a4bcaf211,2025-04-13T16:00:00.000Z,Pokémon Battle Park,143,False,False,,,,,
2025-04-01_2025-04-30,67f471998aba2f879d432f6b,2025-04-09T01:30:00.000Z,Card Forum Online #21,55,True,True,55,54,0.9818181818181818,PTCGL,Card Forum
2025-04-01_2025-04-30,67f4ee13d28716d7204d4bc2,2025-04-08T15:30:00.000Z,Team Gamers Guild League #13,63,True,True,63,62,0.9841269841269841,PTCGL,Team Gamers Guild
2025-04-01_2025-04-30,67f5d771d28716d7204d5358,2025-04-22T22:00:00.000Z,DMV Drakes - Pokemon TCG Live Tournament 4/22!,59,True,True,59,57,0.9661016949152542,PTCGL,DMV Drakes
2025-04-01_2025-04-30,67f60c048aba2f879d4339f9,2025-04-20T05:00:00.000Z,小音子杯 #2,85,False,False,,,,,
2025-04-01_2025-04-30,67f618c28aba2f879d433a0d,2025-04-14T01:00:00.000Z,SMG Nightly Standard,112,False,False,,,,,
2025-04-01_2025-04-30,67f7002dd28716d7204d57ab,2025-04-12T02:00:00.000Z,Liga Nocturna ft Pokeyuyo,68,False,False,,,,,
2025-04-01_2025-04-30,67f7283d8aba2f879d433f96,2025-04-14T22:05:00.000Z,Sunny's Weekly #200 A Celebration of 200 Weeks,128,False,False,,,,,
2025-04-01_2025-04-30,67f795ba8aba2f879d434115,2025-04-10T19:00:00.000Z,ASRcristiano # 30 - Rotation Legal !,74,True,False,,,,PTCGL,ASRcristiano League
2025-04-01_2025-04-30,67f80022d28716d7204d5c07,2025-04-11T23:00:00.000Z,💥​Plantel Battle #11 💥​ 100  CODES ✔️​ TOP 8 ​,63,False,False,,,,,
2025-04-01_2025-04-30,67f80b868aba2f879d434411,2025-04-17T16:15:00.000Z,🏆Moujii's Dojo🏆,202,False,False,,,,,
2025-04-01_2025-04-30,67f90bd2d28716d7204d645e,2025-04-11T19:00:00.000Z,ASRcristiano # 31 - Rotation Legal - Open list !,57,False,False,,,,,
2025-04-01_2025-04-30,67f9c57db8cdc8c08c20a400,2025-04-12T21:00:00.000Z,Regional Monterrey Test,51,False,False,,,,,
2025-04-01_2025-04-30,67fb7787b8cdc8c08c20baae,2025-04-26T17:05:00.000Z,Jester's Monthly Challenge [April 2025],128,True,True,128,123,0.9609375,PTCGL,JesterTCG
2025-04-01_2025-04-30,67fbc4ea57322cac46245f95,2025-04-20T09:00:00.000Z,Oceanic Tournament Series 2025 #11,52,False,False,,,,,
2025-04-01_2025-04-30,67fc4eb0b8cdc8c08c20c7d8,2025-04-15T19:00:00.000Z,ASRcristiano # 32 - No list needed,89,False,False,,,,,
2025-04-01_2025-04-30,67fc8ce0b8cdc8c08c20c931,2025-04-15T02:00:00.000Z,Card Temple Weekly Battles #9,126,False,False,,,,,
2025-04-01_2025-04-30,67fccaf357322cac462468fa,2025-04-21T01:00:00.000Z,SMG Nightly Standard,93,True,True,93,92,0.989247311827957,PTCGL,Snowy Mountain Guild
2025-04-01_2025-04-30,67fcd7ed57322cac4624690b,2025-04-14T18:00:00.000Z,Pumpka Weekly,176,False,False,,,,,
2025-04-01_2025-04-30,67fcdf5bb8cdc8c08c20c9d4,2025-04-14T14:15:00.000Z,Team Gamers Guild League #15,54,False,False,,,,,
2025-04-01_2025-04-30,67fd2cc1b8cdc8c08c20cb72,2025-04-14T23:05:00.000Z,PokeArena #6 (100 Codes),108,False,False,,,,,
2025-04-01_2025-04-30,67fdc6ce57322cac4624719c,2025-04-21T22:05:00.000Z,Sunny's Weekly #201 In the Dragon's Lair,128,True,True,128,124,0.96875,PTCGL,Sunny's Weekly
2025-04-01_2025-04-30,67fe802457322cac462473ce,2025-04-18T00:00:00.000Z,#19 Torneo Vortex Squad,119,False,False,,,,,
2025-04-01_2025-04-30,67fedeb357322cac462478f5,2025-04-20T21:35:00.000Z,Mudkip Champions 2-7,161,False,False,,,,,
2025-04-01_2025-04-30,67ff8a0d57322cac46247c6d,2025-04-21T23:05:00.000Z,PokeArena #7 ( 100 Codes Prize ),85,True,True,85,83,0.9764705882352941,PTCGL,PokeArena
2025-04-01_2025-04-30,6800720bb8cdc8c08c20dfd6,2025-04-20T16:00:00.000Z,Pokémon Battle Park,182,False,False,,,,,
2025-04-01_2025-04-30,6800b57357322cac46248154,2025-04-17T19:00:00.000Z,ASRcristiano # 33 - No list needed,91,False,False,,,,,
2025-04-01_2025-04-30,6801569157322cac462486f1,2025-04-18T19:00:00.000Z,ASRcristiano # 34 - No list needed,141,False,False,,,,,
2025-04-01_2025-04-30,68019d51b8cdc8c08c20e7c5,2025-04-18T03:00:00.000Z,Poli's Pop Up Mickey #22,66,False,False,,,,,
2025-04-01_2025-04-30,68038b1157322cac46249800,2025-04-22T19:00:00.000Z,ASRcristiano # 35 - No list needed,95,True,False,,,,PTCGL,ASRcristiano League
2025-04-01_2025-04-30,6803de95b8cdc8c08c20f9df,2025-04-24T16:30:00.000Z,🏆Moujii's Dojo🏆,124,True,True,124,121,0.9758064516129032,PTCGL,Moujii's Dojo
2025-04-01_2025-04-30,6804db97b8cdc8c08c2102bd,2025-04-21T18:00:00.000Z,Pumpka Weekly,234,True,True,234,223,0.9529914529914529,PTCGL,The Dice Town League
2025-04-01_2025-04-30,68057a1f57322cac4624af2a,2025-04-25T14:30:00.000Z,Pokémon Battle Park,114,True,True,114,111,0.9736842105263158,PTCGL,Pokémon Battle Park 
2025-04-01_2025-04-30,68057a5a57322cac4624af2b,2025-04-27T16:00:00.000Z,Pokémon Battle Park,133,True,True,133,129,0.9699248120300752,PTCGL,Pokémon Battle Park 
2025-04-01_2025-04-30,68065393b8cdc8c08c210f68,2025-04-25T00:00:00.000Z,#20 Torneo Vortex Squad,104,True,True,104,101,0.9711538461538461,PTCGL,Vortex Squad
2025-04-01_2025-04-30,68069bdd57322cac4624b6fc,2025-04-28T22:05:00.000Z,Sunny's Weekly #202 Steamboat Sunny,117,True,True,117,115,0.9829059829059829,PTCGL,Sunny's Weekly
2025-04-01_2025-04-30,6806c18157322cac4624b93a,2025-04-22T02:00:00.000Z,Card Temple Weekly Battles #10,81,True,True,81,76,0.9382716049382716,PTCGL,Card Temple
2025-04-01_2025-04-30,6806cc30b8cdc8c08c211552,2025-04-27T01:35:00.000Z,Mudkip Champions 2-8,58,True,True,58,58,1.0,PTCGL,Mudkip's Den
2025-04-01_2025-04-30,680813ea57322cac4624c359,2025-04-28T23:05:00.000Z,PokeArena #8 (100 Codes) By DrawACard,64,True,True,64,62,0.96875,PTCGL,PokeArena
2025-04-01_2025-04-30,6809849db8cdc8c08c212407,2025-04-24T19:00:00.000Z,ASRcristiano # 36 - No list needed,73,True,False,,,,PTCGL,ASRcristiano League
2025-04-01_2025-04-30,680c5bf1fcf14d4e4278d7cb,2025-04-29T02:00:00.000Z,Card Temple Weekly Battles #11,117,True,True,117,110,0.9401709401709402,PTCGL,Card Temple
2025-04-01_2025-04-30,680e5bd2223a6c7d5ec9698f,2025-04-28T18:00:00.000Z,Pumpka Weekly,159,True,True,159,155,0.9748427672955975,PTCGL,The Dice Town League
2025-04-01_2025-04-30,680ef7be223a6c7d5ec96fdd,2025-04-30T00:00:00.000Z,BSS🗿Po’l la Noche Vol.9 Gardy’s Block,62,True,True,62,57,0.9193548387096774,PTCGL,Ba Sing Se
2025-04-01_2025-04-30,680f8ac4223a6c7d5ec97185,2025-04-29T19:00:00.000Z,ASRcristiano # 37 - No list needed,82,True,False,,,,PTCGL,ASRcristiano League
2025-04-01_2025-04-30,6811095bfcf14d4e4278fa8f,2025-04-29T22:10:00.000Z,🐢Turte Weekly 22🐢,56,True,True,56,54,0.9642857142857143,PTCGL,Turtle Squad 
2025-04-01_2025-04-30,68121586bd2cdd8cd7d3bbbc,2025-04-30T19:00:00.000Z,ASRcristiano # 38 - No list needed,105,True,False,,,,PTCGL,ASRcristiano League
2025-05-01_2025-05-31,67b1925b78c0b32318816219,2025-05-07T13:00:00.000Z,MOSCO Masters S2: Pokemon TCG Live Tournament #9,71,True,True,71,68,0.9577464788732394,PTCGL,MOSCO
2025-05-01_2025-05-31,67e0d2ef40ab762997eabc8e,2025-05-04T23:30:00.000Z,Ditto Together #5 (100 Codes),136,True,True,136,130,0.9558823529411765,PTCGL,Blue Ditto
2025-05-01_2025-05-31,67e0d30a40ab762997eabc8f,2025-05-18T23:30:00.000Z,Ditto Together #6 (100 Codes),112,False,False,,,,,
2025-05-01_2025-05-31,67f11d2c8139b930abd76d38,2025-05-03T23:05:00.000Z,Redacted Evolutions #14 (200 Codes +) CLOSED LISTS,93,True,True,93,90,0.967741935483871,PTCGL,Redacted Gaming
2025-05-01_2025-05-31,67f11d34301019fd332f61f6,2025-05-10T23:05:00.000Z,Redacted Evolutions #15 (100 Codes) CLOSED LISTS,118,False,False,,,,,
2025-05-01_2025-05-31,67f11d3d8139b930abd76d39,2025-05-17T23:05:00.000Z,Redacted Evolutions #16 (100 Codes) FINAL EVENT,118,False,False,,,,,
2025-05-01_2025-05-31,67f123be8139b930abd76d50,2025-05-04T00:30:00.000Z,Redacted 2nd Chance #14 (Mini Event 100 Codes),58,True,True,58,56,0.9655172413793104,PTCGL,Redacted Gaming
2025-05-01_2025-05-31,67f123c7301019fd332f6225,2025-05-11T00:30:00.000Z,Redacted 2nd Chance #15 (Mini Event 50 Codes),78,False,False,,,,,
2025-05-01_2025-05-31,67f2cd4910ff208821ec29fb,2025-05-13T17:30:00.000Z,Gray's PokéLeague - Champion's Road #20,155,False,False,,,,,
2025-05-01_2025-05-31,67f2cd8e10ff208821ec29fd,2025-05-20T17:30:00.000Z,Gray's PokéLeague - Champion's Road #21,113,True,True,113,111,0.9823008849557522,PTCGL,Gray's PokéLeague
2025-05-01_2025-05-31,6803d0ccb8cdc8c08c20f92f,2025-05-03T02:35:00.000Z,TOURNAMENT OF DOOM! SEES THE LIGHT!,207,True,True,207,205,0.9903381642512077,PTCGL,Doom's Events and Catering
2025-05-01_2025-05-31,6803d188b8cdc8c08c20f942,2025-05-17T02:35:00.000Z,TOURNAMENT OF DOOM! RGB EDITION!,207,False,False,,,,,
2025-05-01_2025-05-31,6803d207b8cdc8c08c20f946,2025-05-31T02:35:00.000Z,TOURNAMENT OF DOOM! WAIT WHERE DID LAST WEEK GO?,246,True,True,246,236,0.959349593495935,PTCGL,Doom's Events and Catering
2025-05-01_2025-05-31,6806836657322cac4624b4ed,2025-05-09T16:00:00.000Z,Polskie Nocne Granie #5,55,False,False,,,,,
2025-05-01_2025-05-31,680782c557322cac4624bd04,2025-05-03T14:30:00.000Z,🟣 GHT'S regional 300+ codes 🟣,134,True,True,134,130,0.9701492537313433,PTCGL,Gengar's hideout
2025-05-01_2025-05-31,680be2aa223a6c7d5ec95492,2025-05-01T16:10:00.000Z,🏆Moujii's Dojo🏆,174,True,True,174,166,0.9540229885057471,PTCGL,Moujii's Dojo
2025-05-01_2025-05-31,680eb2c3223a6c7d5ec96d1a,2025-05-02T14:30:00.000Z,Pokémon Battle Park,86,True,True,86,82,0.9534883720930233,PTCGL,Pokémon Battle Park 
2025-05-01_2025-05-31,680eb2f6223a6c7d5ec96d1d,2025-05-04T16:00:00.000Z,Pokémon Battle Park,114,True,True,114,110,0.9649122807017544,PTCGL,Pokémon Battle Park 
2025-05-01_2025-05-31,680ec392fcf14d4e4278ef30,2025-05-07T03:35:00.000Z,CHALLENGE OF DOOM! BEST KITTY NAME?,102,True,True,102,100,0.9803921568627451,PTCGL,Doom's Events and Catering
2025-05-01_2025-05-31,680ed6c1fcf14d4e4278efe7,2025-05-04T05:00:00.000Z,Kuyo杯 #13 || Kuyo Cup #13,79,True,True,79,77,0.9746835443037974,PTCGL,The shining lion club
2025-05-01_2025-05-31,680fdb6c223a6c7d5ec973fa,2025-05-05T22:05:00.000Z,Sunny's Weekly #203 Cinco de Sunny,128,True,True,128,123,0.9609375,PTCGL,Sunny's Weekly
2025-05-01_2025-05-31,681045eb223a6c7d5ec97739,2025-05-02T00:00:00.000Z,#21 Torneo Vortex Squad,104,True,True,104,101,0.9711538461538461,PTCGL,Vortex Squad
2025-05-01_2025-05-31,68117353bd2cdd8cd7d3ba29,2025-05-04T21:35:00.000Z,Mudkip Champions 2-9,117,True,True,117,114,0.9743589743589743,PTCGL,Mudkip's Den
2025-05-01_2025-05-31,681249aebd2cdd8cd7d3bcba,2025-05-01T01:30:00.000Z,🔴 Arrow Cup #2 🔴,63,True,True,63,61,0.9682539682539683,PTCGL,Bak & Bak PokeLab
2025-05-01_2025-05-31,6812e4797884c9a104b22eef,2025-05-06T23:05:00.000Z,DMV Drakes - Pokemon TCG Live Tournament 5/6!,64,True,True,64,62,0.96875,PTCGL,DMV Drakes
2025-05-01_2025-05-31,6813229f7884c9a104b22f97,2025-05-08T18:30:00.000Z,CARDHUB 6 ROUND 200+ Codes Prizes,64,False,False,,,,,
2025-05-01_2025-05-31,68132b187884c9a104b22fc7,2025-05-03T17:05:00.000Z,Jester's Weekly Casual #11,66,True,True,66,65,0.9848484848484849,PTCGL,JesterTCG
2025-05-01_2025-05-31,6813608e7884c9a104b23052,2025-05-01T18:30:00.000Z,Free | PokeDeck May 1st,51,True,True,51,48,0.9411764705882353,PTCGL,Poké Deck 
2025-05-01_2025-05-31,6813fd05bd2cdd8cd7d3cb09,2025-05-08T16:10:00.000Z,🏆Moujii's Dojo🏆,151,True,False,,,,PTCGL,Moujii's Dojo
2025-05-01_2025-05-31,681558cc7884c9a104b23da2,2025-05-05T23:05:00.000Z,PokeArena #9 (100 Codes) By DrawACard,73,True,True,73,71,0.9726027397260274,PTCGL,PokeArena
2025-05-01_2025-05-31,68176a4a524e86dc8e9f33a4,2025-05-11T09:00:00.000Z,Oceanic Tournament Series 2025 #14,56,False,False,,,,,
2025-05-01_2025-05-31,6817a9fed7ac342ba904ed1f,2025-05-05T18:00:00.000Z,Pumpka Weekly,212,True,True,212,206,0.9716981132075472,PTCGL,The Dice Town League
2025-05-01_2025-05-31,6818d05cd7ac342ba904f5e0,2025-05-06T02:00:00.000Z,Card Temple Weekly Battles #12,125,True,True,125,114,0.912,PTCGL,Card Temple
2025-05-01_2025-05-31,68192299d7ac342ba904fc1d,2025-05-12T22:05:00.000Z,Sunny's Weekly #204 The Company BBQ,128,False,False,,,,,
2025-05-01_2025-05-31,6819a3a4d7ac342ba9050016,2025-05-09T00:00:00.000Z,#22 Torneo Online Vortex Squad,98,False,False,,,,,
2025-05-01_2025-05-31,6819e0ea524e86dc8e9f4656,2025-05-12T23:05:00.000Z,PokeArena #10 (100 Codes) By DrawACard,103,False,False,,,,,
2025-05-01_2025-05-31,6819e62dd7ac342ba905005a,2025-05-07T21:30:00.000Z,🐢Turtle weekly 23🐢,118,True,True,118,114,0.9661016949152542,PTCGL,Turtle Squad 
2025-05-01_2025-05-31,681a7796524e86dc8e9f4a80,2025-05-10T02:35:00.000Z,TOURNAMENT OF DOOM! Forgot to make this one too...,202,False,False,,,,,
2025-05-01_2025-05-31,681a7850d7ac342ba905032b,2025-05-21T03:35:00.000Z,CHALLENGE OF DOOM! Zekrom or Reshiram?,64,True,True,64,64,1.0,PTCGL,Doom's Events and Catering
2025-05-01_2025-05-31,681ac0cd524e86dc8e9f4cc0,2025-05-09T14:30:00.000Z,Pokémon Battle Park,110,False,False,,,,,
2025-05-01_2025-05-31,681ac2ddd7ac342ba90504d8,2025-05-11T16:00:00.000Z,Pokémon Battle Park,123,False,False,,,,,
2025-05-01_2025-05-31,681ad6ed524e86dc8e9f4d33,2025-05-20T23:00:00.000Z,DMV Drakes - Pokemon TCG Live Tournament 5/20!,57,True,True,57,55,0.9649122807017544,PTCGL,DMV Drakes
2025-05-01_2025-05-31,681b59d7524e86dc8e9f4ec6,2025-05-07T19:00:00.000Z,ASRcristiano # 39 - No list needed,92,True,False,,,,PTCGL,ASRcristiano League
2025-05-01_2025-05-31,681c9774524e86dc8e9f58c5,2025-05-09T19:00:00.000Z,ASRcristiano # 40 - No list needed,75,False,False,,,,,
2025-05-01_2025-05-31,681cba48524e86dc8e9f598e,2025-05-10T17:05:00.000Z,Jester's Weekly Casual #12,112,False,False,,,,,
2025-05-01_2025-05-31,681d09a6524e86dc8e9f5dfe,2025-05-15T16:15:00.000Z,🏆Moujii's Dojo🏆Asymmetrical Top Cut🏆,173,False,False,,,,,
2025-05-01_2025-05-31,681d5e45d7ac342ba9051a7f,2025-05-16T23:00:00.000Z,💥​Plantel Battle #12 💥​ 100 CODES ✔️​ TOP 8 ​,85,False,False,,,,,
2025-05-01_2025-05-31,681ef42a524e86dc8e9f6ded,2025-05-13T02:00:00.000Z,Card Temple Weekly Battles #13,101,False,False,,,,,
2025-05-01_2025-05-31,681ef60c524e86dc8e9f6df0,2025-05-20T02:00:00.000Z,Card Temple Weekly Battles #14,98,True,True,98,92,0.9387755102040817,PTCGL,Card Temple
2025-05-01_2025-05-31,6820d1ead7ac342ba9053e8b,2025-05-12T18:00:00.000Z,Pumpka Weekly,200,False,False,,,,,
2025-05-01_2025-05-31,6820db3e524e86dc8e9f857d,2025-05-18T21:35:00.000Z,Mudkip Champions 2-11,95,False,False,,,,,
2025-05-01_2025-05-31,6820fe05524e86dc8e9f87b9,2025-05-13T23:00:00.000Z,🌲Control Players Unite's Standard Tournament! #9,61,False,False,,,,,
2025-05-01_2025-05-31,6821285bd7ac342ba905416d,2025-05-16T14:30:00.000Z,Pokémon Battle Park,121,False,False,,,,,
2025-05-01_2025-05-31,68212887524e86dc8e9f88f3,2025-05-18T16:00:00.000Z,Pokémon Battle Park,96,False,False,,,,,
2025-05-01_2025-05-31,68216979d7ac342ba905427b,2025-05-16T00:30:00.000Z,#23 Torneo Online Vortex Squad,86,False,False,,,,,
2025-05-01_2025-05-31,68225f25524e86dc8e9f905f,2025-05-19T22:05:00.000Z,Sunny's Weekly #205 Jury Duty,122,False,False,,,,,
2025-05-01_2025-05-31,68227475d7ac342ba9054a5f,2025-05-13T19:20:00.000Z,ASRcristiano # 41 - No list needed,95,False,False,,,,,
2025-05-01_2025-05-31,68231cfed7ac342ba9054e68,2025-05-14T00:00:00.000Z,Pokémon Journey League #4 - 30 USD Prizes,52,False,False,,,,,
2025-05-01_2025-05-31,6823a716ffed157efd3f76dd,2025-05-19T23:05:00.000Z,PokeArena #11 (100 Codes) By DrawACard/Sen2k_TCG,81,False,False,,,,,
2025-05-01_2025-05-31,68244a0a4c6488b18ed5e858,2025-05-31T17:05:00.000Z,Jester's Monthly Challenge [May 2025],111,True,True,111,110,0.990990990990991,PTCGL,JesterTCG
2025-05-01_2025-05-31,68244a594c6488b18ed5e85a,2025-05-17T17:05:00.000Z,Jester's Weekly Casual #13,68,False,False,,,,,
2025-05-01_2025-05-31,68244a8affed157efd3f7aa4,2025-05-23T17:35:00.000Z,Jester's Weekly Casual #14,74,True,True,74,72,0.972972972972973,PTCGL,JesterTCG
2025-05-01_2025-05-31,68265a1f4c6488b18ed5f400,2025-05-19T16:00:00.000Z,Team Gamers Guild League #17,57,False,False,,,,,
2025-05-01_2025-05-31,68267da0ffed157efd3f88cb,2025-05-22T16:10:00.000Z,🏆Moujii's Dojo🏆,157,True,True,157,153,0.9745222929936306,PTCGL,Moujii's Dojo
2025-05-01_2025-05-31,682850fe4c6488b18ed6042a,2025-05-19T01:00:00.000Z,SMG Nightly Standard,50,False,False,,,,,
2025-05-01_2025-05-31,6829dae9538fc8c344fe2b4b,2025-05-20T15:30:00.000Z,TGG Division 3 #2,61,True,True,61,60,0.9836065573770492,PTCGL,Team Gamers Guild
2025-05-01_2025-05-31,6829db89b1af51fdf4341c35,2025-05-21T16:00:00.000Z,TeamGG Cup #5,73,True,True,73,72,0.9863013698630136,PTCGL,Team Gamers Guild
2025-05-01_2025-05-31,682a3a5bb1af51fdf43421ea,2025-05-19T18:00:00.000Z,Pumpka Weekly,153,False,False,,,,,
2025-05-01_2025-05-31,682a4ba5538fc8c344fe30e8,2025-05-23T14:30:00.000Z,Pokémon Battle Park,103,True,True,103,101,0.9805825242718447,PTCGL,Pokémon Battle Park 
2025-05-01_2025-05-31,682a4bcf538fc8c344fe30ea,2025-05-25T16:00:00.000Z,Pokémon Battle Park,91,True,True,91,90,0.989010989010989,PTCGL,Pokémon Battle Park 
2025-05-01_2025-05-31,682ac64c538fc8c344fe349f,2025-05-19T19:30:00.000Z,TCG Showdown - Live Codes,52,False,False,,,,,
2025-05-01_2025-05-31,682b3576b1af51fdf4342745,2025-05-25T01:35:00.000Z,Mudkip Champions 2-12,61,True,True,61,59,0.9672131147540983,PTCGL,Mudkip's Den
2025-05-01_2025-05-31,682b81d0b1af51fdf4342b52,2025-05-26T22:05:00.000Z,Sunny's Weekly #206 Happy Birthday Sunny!,112,True,True,112,107,0.9553571428571429,PTCGL,Sunny's Weekly
2025-05-01_2025-05-31,682bd665538fc8c344fe3eaf,2025-05-20T19:00:00.000Z,ASRcristiano # 42 - Testing for Bologna Special,71,True,False,,,,PTCGL,ASRcristiano League
2025-05-01_2025-05-31,682ca641538fc8c344fe42a5,2025-05-21T19:00:00.000Z,CARDHUB 6 ROUND 100 CODES PRIZES TOP 8,97,True,True,97,95,0.979381443298969,PTCGL,CARDHUB
2025-05-01_2025-05-31,682ccc63538fc8c344fe4550,2025-05-21T01:30:00.000Z,Liga Nocturna (WorldWide) Play TCG,52,True,False,,,,PTCGL,Play TCG 
2025-05-01_2025-05-31,682d4b6eb1af51fdf4343b0d,2025-05-24T02:10:00.000Z,Liga Nocturna (WorldWide) Play TCG,72,True,False,,,,PTCGL,Play TCG 
2025-05-01_2025-05-31,682e20e4538fc8c344fe4e07,2025-05-22T19:00:00.000Z,ASRcristiano # 43 - Testing for Bologna Special,71,True,False,,,,PTCGL,ASRcristiano League
2025-05-01_2025-05-31,682f3568538fc8c344fe52db,2025-05-24T23:10:00.000Z,Redacted Freeplay #1 (50 Codes),76,True,False,,,,PTCGL,Redacted Gaming
2025-05-01_2025-05-31,682f6722538fc8c344fe5521,2025-05-22T22:00:00.000Z,🐢Turtle Thursday 2🐢,53,True,False,,,,PTCGL,Turtle Squad 
2025-05-01_2025-05-31,682f902fb1af51fdf434482e,2025-05-27T23:00:00.000Z,🌲Control Players Unite's Standard Tournament! #10,82,True,True,82,78,0.9512195121951219,PTCGL,Control Players Unite
2025-05-01_2025-05-31,682fc7c9538fc8c344fe5a0c,2025-05-29T16:10:00.000Z,🏆Moujii's Dojo🏆,116,True,True,116,110,0.9482758620689655,PTCGL,Moujii's Dojo
2025-05-01_2025-05-31,683061c1c4596e812234cf08,2025-05-23T19:15:00.000Z,ASRcristiano # 44 - Testing for Bologna Special,57,True,False,,,,PTCGL,ASRcristiano League
2025-05-01_2025-05-31,6831014c27d8bc24cf2459a3,2025-05-26T01:00:00.000Z,SMG Nightly Standard,78,True,True,78,76,0.9743589743589743,PTCGL,Snowy Mountain Guild
2025-05-01_2025-05-31,6833194fc4596e812234e34c,2025-05-26T18:00:00.000Z,Pumpka Weekly,199,True,True,199,193,0.9698492462311558,PTCGL,The Dice Town League
2025-05-01_2025-05-31,683385ecc4596e812234e855,2025-05-26T19:00:00.000Z,CardHub 100 Codes Prize Top 8,66,True,True,66,66,1.0,PTCGL,CARDHUB
2025-05-01_2025-05-31,6833b67527d8bc24cf246e72,2025-05-30T14:30:00.000Z,Pokémon Battle Park- Destined Rivals is Legal,130,True,True,130,127,0.9769230769230769,PTCGL,Pokémon Battle Park 
2025-05-01_2025-05-31,6834729ec4596e812234ebaf,2025-05-31T23:05:00.000Z,Redacted Rivals #1 (100 Codes),142,True,True,142,135,0.9507042253521126,PTCGL,Redacted Gaming
2025-05-01_2025-05-31,683474eec4596e812234ebb9,2025-05-30T23:05:00.000Z,Redacted Open Cup (CLOSED LISTS),77,True,True,77,74,0.961038961038961,PTCGL,Redacted Gaming
2025-05-01_2025-05-31,68371659c4596e812234fd2f,2025-05-28T19:00:00.000Z,ASRcristiano # 45 - Last event before Bologna !,84,True,False,,,,PTCGL,ASRcristiano League
2025-06-01_2025-06-30,67b1930b0b3322ebaa50a2a0,2025-06-11T13:00:00.000Z,MOSCO Masters S2: Pokemon TCG Live Tournament #14,58,False,False,,,,,
2025-06-01_2025-06-30,67f1c3768139b930abd7738a,2025-06-03T17:30:00.000Z,Gray's PokéLeague - Destined Rivals Special,123,True,True,123,117,0.9512195121951219,PTCGL,Gray's PokéLeague
2025-06-01_2025-06-30,67f2cdb910ff208821ec2a00,2025-06-10T17:30:00.000Z,Gray's PokéLeague - Champion's Road #22,202,False,False,,,,,
2025-06-01_2025-06-30,681f9662d7ac342ba9052daa,2025-06-08T17:30:00.000Z,Abra's Weekly #7,52,False,False,,,,,
2025-06-01_2025-06-30,681f966bd7ac342ba9052dab,2025-06-15T17:30:00.000Z,Abra's Weekly #8,54,False,False,,,,,
2025-06-01_2025-06-30,681f967d524e86dc8e9f75e1,2025-06-29T17:30:00.000Z,Abra's Weekly #10,74,True,True,74,72,0.972972972972973,PTCGL,Abra's Archive NLD
2025-06-01_2025-06-30,6822c7aad7ac342ba9054dd8,2025-06-01T17:00:00.000Z,GREATBALL LEAGUE | by Pokemon TCG en Español,56,True,True,56,51,0.9107142857142857,PTCGL,Pokemon Tcg En Español
2025-06-01_2025-06-30,682650c4ffed157efd3f86c3,2025-06-06T16:00:00.000Z,Polskie Nocne Granie #6,54,False,False,,,,,
2025-06-01_2025-06-30,682c8929b1af51fdf4343224,2025-06-03T16:15:00.000Z,Team Gamers Guild League #18,121,True,True,121,121,1.0,PTCGL,Team Gamers Guild
2025-06-01_2025-06-30,682ca283538fc8c344fe4291,2025-06-07T02:35:00.000Z,TOURNAMENT OF DOOM! Giovanni is best.,415,False,False,,,,,
2025-06-01_2025-06-30,682ca5eb538fc8c344fe42a3,2025-06-14T02:35:00.000Z,TOURNAMENT OF DOOM! NAIC IS SO CLOSE....,161,False,False,,,,,
2025-06-01_2025-06-30,682ca6d7b1af51fdf43432ec,2025-06-21T02:35:00.000Z,"TOURNAMENT OF DOOM! Blah, blah, blah....",242,True,True,242,234,0.9669421487603306,PTCGL,Doom's Events and Catering
2025-06-01_2025-06-30,682cc739538fc8c344fe44ba,2025-06-04T18:00:00.000Z,Spheal Series Cup #1 The Birth,120,True,True,120,118,0.9833333333333333,PTCGL,Spheal Stone Cove
2025-06-01_2025-06-30,682ccc42b1af51fdf434359e,2025-06-11T18:00:00.000Z,Spheal Series Cup #2 The Second,113,False,False,,,,,
2025-06-01_2025-06-30,682cccb8b1af51fdf43435a1,2025-06-18T18:00:00.000Z,Spheal Series Regional #1 A New Beginning,140,True,True,140,132,0.9428571428571428,PTCGL,Spheal Stone Cove
2025-06-01_2025-06-30,682f7e1bb1af51fdf43447d2,2025-06-01T23:30:00.000Z,Destined Ditto! #1 DRI is Legal! (200 Codes),164,True,True,164,158,0.9634146341463414,PTCGL,Blue Ditto
2025-06-01_2025-06-30,682f8109b1af51fdf43447db,2025-06-08T23:30:00.000Z,Destined Ditto! #2 (100 Codes),220,False,False,,,,,
2025-06-01_2025-06-30,682f82e5538fc8c344fe56dd,2025-06-22T23:30:00.000Z,Destined Ditto! #3 (100 Codes),181,True,True,181,176,0.9723756906077348,PTCGL,Blue Ditto
2025-06-01_2025-06-30,682f835a538fc8c344fe5763,2025-06-29T23:30:00.000Z,Destined Ditto! #4 (100 Codes),238,True,True,238,231,0.9705882352941176,PTCGL,Blue Ditto
2025-06-01_2025-06-30,68332c4ac4596e812234e410,2025-06-01T09:00:00.000Z,Oceanic Tournament Series 2025 #16,72,True,True,72,71,0.9861111111111112,PTCGL,Collecting Leftovers
2025-06-01_2025-06-30,6833573127d8bc24cf246aa7,2025-06-01T21:35:00.000Z,Mudkip Champions 2-13,54,True,True,54,51,0.9444444444444444,PTCGL,Mudkip's Den
2025-06-01_2025-06-30,6833b74127d8bc24cf246e74,2025-06-01T16:00:00.000Z,Pokémon Battle Park- Destined Rivals is Legal,138,True,True,138,137,0.9927536231884058,PTCGL,Pokémon Battle Park 
2025-06-01_2025-06-30,6834b50527d8bc24cf2473c1,2025-06-02T22:05:00.000Z,Sunny's Weekly #207 Team Rocket Takeover!,128,True,True,128,125,0.9765625,PTCGL,Sunny's Weekly
2025-06-01_2025-06-30,6836afb3c4596e812234fc51,2025-06-10T23:00:00.000Z,🌲Control Players Unite's Standard Tournament! #11,51,False,False,,,,,
2025-06-01_2025-06-30,68376b8827d8bc24cf248416,2025-06-01T23:00:00.000Z,Deep Sea Draw #3,64,True,True,64,59,0.921875,PTCGL,PoseidonMythos
2025-06-01_2025-06-30,6838e4c1c4596e81223509d6,2025-06-05T16:10:00.000Z,🏆Moujii's Dojo🏆,197,True,True,197,192,0.9746192893401016,PTCGL,Moujii's Dojo
2025-06-01_2025-06-30,683b221e27d8bc24cf24a047,2025-06-01T00:30:00.000Z,Redacted 2nd Chance #1 (50 Codes),62,True,True,62,58,0.9354838709677419,PTCGL,Redacted Gaming
2025-06-01_2025-06-30,683b310c27d8bc24cf24a0f1,2025-06-04T03:35:00.000Z,CHALLENGE OF DOOM! I've lost track of time...,64,True,True,64,62,0.96875,PTCGL,Doom's Events and Catering
2025-06-01_2025-06-30,683b37cbc4596e8122351b43,2025-06-18T03:35:00.000Z,CHALLENGE OF DOOM! CH-CH-CH-CHURROS!,64,True,True,64,61,0.953125,PTCGL,Doom's Events and Catering
2025-06-01_2025-06-30,683be3b6c4596e812235236f,2025-06-07T17:05:00.000Z,Jester's Weekly Casual #15,128,False,False,,,,,
2025-06-01_2025-06-30,683be4a827d8bc24cf24ae37,2025-06-02T01:00:00.000Z,SMG Nightly Standard,51,True,True,51,50,0.9803921568627451,PTCGL,Snowy Mountain Guild
2025-06-01_2025-06-30,683c334cc4596e81223525aa,2025-06-02T18:00:00.000Z,Pumpka Weekly,241,True,True,241,226,0.9377593360995851,PTCGL,The Dice Town League
2025-06-01_2025-06-30,683c5c7127d8bc24cf24b0c0,2025-06-08T09:00:00.000Z,Oceanic Tournament Series 2025 #17,72,False,False,,,,,
2025-06-01_2025-06-30,683ccd7bc4596e8122352d1f,2025-06-02T23:05:00.000Z,PokeArena #1 Destined Rivals Legal Season #2,108,True,True,108,105,0.9722222222222222,PTCGL,PokeArena
2025-06-01_2025-06-30,683de9a927d8bc24cf24bec3,2025-06-03T02:00:00.000Z,Card Temple Weekly Battles #16,88,True,True,88,83,0.9431818181818182,PTCGL,Card Temple
2025-06-01_2025-06-30,683df8ac27d8bc24cf24c063,2025-06-09T22:05:00.000Z,Sunny's Weekly #208 Mardi Gras Pokémon Style!,128,False,False,,,,,
2025-06-01_2025-06-30,683e195827d8bc24cf24c1b5,2025-06-03T22:00:00.000Z,DMV Drakes - Pokemon TCG Live Tournament 6/3!,107,True,True,107,103,0.9626168224299065,PTCGL,DMV Drakes
2025-06-01_2025-06-30,683e6e7f27d8bc24cf24c516,2025-06-04T01:00:00.000Z,WND Tuesday Beatdown #3,54,True,True,54,53,0.9814814814814815,PTCGL,WND Collectibles
2025-06-01_2025-06-30,683ed865c4596e8122353c8f,2025-06-04T19:00:00.000Z,ASRcristiano # 46 - Destined Rivals Legal !,91,True,False,,,,PTCGL,ASRcristiano League
2025-06-01_2025-06-30,683ef762c4596e8122353d42,2025-06-04T00:00:00.000Z,BSS🗿Po’l la Noche Vol.14 Lone Spidods,53,True,True,53,52,0.9811320754716981,PTCGL,Ba Sing Se
2025-06-01_2025-06-30,683f05df27d8bc24cf24c71a,2025-06-06T00:15:00.000Z,50codes1er place!TournoisDuDresseurPokeCharbie #64,82,True,False,,,,PTCGL,DresseurPokeCharbie
2025-06-01_2025-06-30,683f8a5b27d8bc24cf24cc9e,2025-06-06T14:30:00.000Z,Pokémon Battle Park- Destined Rivals is Legal,130,True,True,130,126,0.9692307692307692,PTCGL,Pokémon Battle Park 
2025-06-01_2025-06-30,683f8a8fc4596e8122354401,2025-06-08T16:00:00.000Z,Pokémon Battle Park- Destined Rivals is Legal,203,False,False,,,,,
2025-06-01_2025-06-30,68417585c4596e81223556f7,2025-06-05T19:00:00.000Z,ASRcristiano # 47 - Destined Rivals Legal !,90,True,True,90,90,1.0,PTCGL,ASRcristiano League
2025-06-01_2025-06-30,6841b892c4596e81223558ae,2025-06-09T23:05:00.000Z,PokeArena #2 Best Practice for NAIC!,88,False,False,,,,,
2025-06-01_2025-06-30,6841d142c4596e81223559c9,2025-06-06T22:20:00.000Z,🐢Turtle Friday🐢,70,False,False,,,,,
2025-06-01_2025-06-30,6842227927d8bc24cf24e303,2025-06-12T16:10:00.000Z,🏆Moujii's Dojo🏆,145,False,False,,,,,
2025-06-01_2025-06-30,6842f6d427d8bc24cf24e75f,2025-06-06T19:00:00.000Z,ASRcristiano # 48 - Destined Rivals Legal !,108,False,False,,,,,
2025-06-01_2025-06-30,6844049dc4596e812235740f,2025-06-07T22:00:00.000Z,underground special,110,False,False,,,,,
2025-06-01_2025-06-30,6845465ec4596e8122358734,2025-06-09T01:00:00.000Z,SMG Nightly Standard,52,False,False,,,,,
2025-06-01_2025-06-30,6845b57d27d8bc24cf250c6c,2025-06-09T18:00:00.000Z,Pumpka Weekly,203,False,False,,,,,
2025-06-01_2025-06-30,6845dc68c4596e8122358f3f,2025-06-13T17:05:00.000Z,Jester's Weekly Casual #16,64,False,False,,,,,
2025-06-01_2025-06-30,6845dca2c4596e8122358f40,2025-06-21T17:05:00.000Z,Jester's Quarter Cup! [Q2 2025],121,True,True,121,118,0.9752066115702479,PTCGL,JesterTCG
2025-06-01_2025-06-30,6845de7227d8bc24cf250f1d,2025-06-28T17:05:00.000Z,Jester's Monthly Challenge [June 2025],98,True,True,98,96,0.9795918367346939,PTCGL,JesterTCG
2025-06-01_2025-06-30,68464453c4596e8122359388,2025-06-11T01:00:00.000Z,WND Tuesday Beatdown #4,60,False,False,,,,,
2025-06-01_2025-06-30,6846466ac4596e812235938c,2025-06-14T23:05:00.000Z,Redacted Rivals NAIC Edition (200 Codes),74,False,False,,,,,
2025-06-01_2025-06-30,68464db527d8bc24cf2514bb,2025-06-21T23:05:00.000Z,Redacted Rivals #3 (100 Codes),164,True,True,164,162,0.9878048780487805,PTCGL,Redacted Gaming
2025-06-01_2025-06-30,68464e6b27d8bc24cf2514cf,2025-06-28T23:05:00.000Z,Redacted Rivals #4 (100 Codes),159,True,True,159,156,0.9811320754716981,PTCGL,Redacted Gaming
2025-06-01_2025-06-30,6846ecec27d8bc24cf251635,2025-06-13T00:15:00.000Z,30CodesGagnant LeTournoisduDresseurPokeCharbie65,60,False,False,,,,,
2025-06-01_2025-06-30,6847149a27d8bc24cf251775,2025-06-10T23:05:00.000Z,PokeArena #3 Best Practice for NAIC!,56,False,False,,,,,
2025-06-01_2025-06-30,68472b49c4596e81223598f5,2025-06-10T02:00:00.000Z,Card Temple Weekly Battles #17,68,False,False,,,,,
2025-06-01_2025-06-30,68478ccac4596e8122359dd1,2025-06-16T22:05:00.000Z,Sunny's Weekly #209 Sunny's Stream Anniversary!,128,False,False,,,,,
2025-06-01_2025-06-30,68483b1ac4596e8122359f42,2025-06-10T19:00:00.000Z,ASRcristiano # 49 - Destined Rivals Legal !,73,False,False,,,,,
2025-06-01_2025-06-30,68483f2c27d8bc24cf2520b9,2025-06-13T14:30:00.000Z,Pokémon Battle Park- Destined Rivals is Legal,80,False,False,,,,,
2025-06-01_2025-06-30,684873ec27d8bc24cf2522f0,2025-06-15T12:00:00.000Z,Tournoi amical LEAGUE canto N37°,55,False,False,,,,,
2025-06-01_2025-06-30,68497f59c4596e812235a7f1,2025-06-11T19:00:00.000Z,ASRcristiano # 50 - Destined Rivals Legal,77,False,False,,,,,
2025-06-01_2025-06-30,6849985627d8bc24cf252968,2025-06-12T00:30:00.000Z,Gogeta Special Event,79,False,False,,,,,
2025-06-01_2025-06-30,684ad57e27d8bc24cf2530be,2025-06-12T19:00:00.000Z,ASRcristiano # 51 - Destined Rivals Legal,68,False,False,,,,,
2025-06-01_2025-06-30,684b52d3c4596e812235b28d,2025-06-19T16:10:00.000Z,🏆Moujii's Dojo🏆,232,True,True,232,228,0.9827586206896551,PTCGL,Moujii's Dojo
2025-06-01_2025-06-30,684c8991c4596e812235b945,2025-06-20T14:30:00.000Z,Pokémon Battle Park,139,True,True,139,136,0.9784172661870504,PTCGL,Pokémon Battle Park 
2025-06-01_2025-06-30,684c89dc27d8bc24cf253c13,2025-06-22T16:00:00.000Z,Pokémon Battle Park,157,True,True,157,152,0.9681528662420382,PTCGL,Pokémon Battle Park 
2025-06-01_2025-06-30,684d7d2cc4596e812235bfc6,2025-06-27T00:00:00.000Z,Draw Pass Champions Series #1,82,True,True,82,80,0.975609756097561,PTCGL,GinJTCG
2025-06-01_2025-06-30,684db78a27d8bc24cf25442a,2025-06-17T02:00:00.000Z,Card Temple Weekly Battles #18,110,True,True,110,105,0.9545454545454546,PTCGL,Card Temple
2025-06-01_2025-06-30,684ecffb27d8bc24cf254d0e,2025-06-22T09:00:00.000Z,Oceanic Tournament Series 2025 #19,58,True,True,58,56,0.9655172413793104,PTCGL,Collecting Leftovers
2025-06-01_2025-06-30,684f5a6cc4596e812235d00e,2025-06-28T02:35:00.000Z,TOURNAMENT OF DOOM! CATS?,261,True,True,261,255,0.9770114942528736,PTCGL,Doom's Events and Catering
2025-06-01_2025-06-30,684f8ba7c4596e812235d122,2025-06-20T22:00:00.000Z,ParadoxTCG Online Weekly #1 Season #1,66,True,True,66,65,0.9848484848484849,PTCGL,Urari
2025-06-01_2025-06-30,68507e9ec4596e812235d5c7,2025-06-23T22:05:00.000Z,Sunny's Weekly #210 Somewhere Soon!,128,True,True,128,124,0.96875,PTCGL,Sunny's Weekly
2025-06-01_2025-06-30,68519c5ec4596e812235da58,2025-06-18T23:00:00.000Z,Praww Series #1,77,True,True,77,74,0.961038961038961,PTCGL,ItsPraww
2025-06-01_2025-06-30,68519ebec4596e812235da83,2025-06-20T00:15:00.000Z,30CodesGagnantsLeTournoisDuDresseurPokeCharbie#66,74,True,False,,,,PTCGL,DresseurPokeCharbie
2025-06-01_2025-06-30,6852a818c4596e812235dff4,2025-06-18T19:00:00.000Z,ASRcristiano # 52 - Codes For Top 8 !,60,True,True,60,59,0.9833333333333333,PTCGL,ASRcristiano League
2025-06-01_2025-06-30,6853129a27d8bc24cf256527,2025-06-24T23:00:00.000Z,🌲Control Players Unite's Standard Tournament! #12,103,True,True,103,99,0.9611650485436893,PTCGL,Control Players Unite
2025-06-01_2025-06-30,685419c227d8bc24cf2569bb,2025-06-19T19:00:00.000Z,ASRcristiano # 52 - Codes for Top 8 !,85,True,True,85,84,0.9882352941176471,PTCGL,ASRcristiano League
2025-06-01_2025-06-30,6854641cc4596e812235ec0c,2025-06-19T22:10:00.000Z,🐢Turtle Thursday 4🐢,77,True,False,,,,PTCGL,Turtle Squad 
2025-06-01_2025-06-30,685468a4c4596e812235ec50,2025-06-26T22:10:00.000Z,🐢Turtle Thursday 5🐢,75,True,True,75,67,0.8933333333333333,PTCGL,Turtle Squad 
2025-06-01_2025-06-30,6854c36627d8bc24cf25732b,2025-06-26T16:10:00.000Z,🏆Moujii's Dojo🏆,187,True,True,187,184,0.983957219251337,PTCGL,Moujii's Dojo
2025-06-01_2025-06-30,6855178e27d8bc24cf2573a7,2025-06-22T19:00:00.000Z,underground special 200 codes,88,True,True,88,82,0.9318181818181818,PTCGL,The Underground
2025-06-01_2025-06-30,68555cc1c4596e812235f10b,2025-06-20T19:00:00.000Z,ASRcristiano # 53 - Codes for Top 8 !,100,True,True,100,98,0.98,PTCGL,ASRcristiano League
2025-06-01_2025-06-30,6855824827d8bc24cf2575b6,2025-06-25T18:00:00.000Z,Spheal Series #3 sick invite!,58,True,True,58,54,0.9310344827586207,PTCGL,Spheal Stone Cove
2025-06-01_2025-06-30,6855b8ec27d8bc24cf25797c,2025-06-23T23:05:00.000Z,PokeArena #4 Gardevoir Nightmare,77,True,True,77,74,0.961038961038961,PTCGL,PokeArena
2025-06-01_2025-06-30,6856c60b27d8bc24cf258235,2025-06-22T00:30:00.000Z,Redacted 2nd Chance #3 (50 Codes),79,True,True,79,77,0.9746835443037974,PTCGL,Redacted Gaming
2025-06-01_2025-06-30,6857de98c4596e8122360c88,2025-06-23T18:00:00.000Z,Pumpka Weekly,200,True,True,200,195,0.975,PTCGL,The Dice Town League
2025-06-01_2025-06-30,6858123027d8bc24cf259079,2025-06-29T09:00:00.000Z,Oceanic Tournament Series 2025 #20,52,True,True,52,48,0.9230769230769231,PTCGL,Collecting Leftovers
2025-06-01_2025-06-30,6858bc6127d8bc24cf259954,2025-06-25T01:00:00.000Z,WND Tuesday Beatdown #6,71,True,True,71,68,0.9577464788732394,PTCGL,WND Collectibles
2025-06-01_2025-06-30,68598b34c4596e81223617fb,2025-06-24T02:00:00.000Z,Card Temple Weekly Battles #19,93,True,True,93,89,0.956989247311828,PTCGL,Card Temple
2025-06-01_2025-06-30,6859bb53c4596e8122361a92,2025-06-30T22:05:00.000Z,Sunny's Weekly #211 House Party,99,True,True,99,93,0.9393939393939394,PTCGL,Sunny's Weekly
2025-06-01_2025-06-30,685a9598c4596e8122361f84,2025-06-24T19:15:00.000Z,ASRcristiano # 54 - Codes for Top 8 !,140,True,True,140,134,0.9571428571428572,PTCGL,ASRcristiano League
2025-06-01_2025-06-30,685ad0cec4596e812236204c,2025-06-29T01:35:00.000Z,Mudkip Champions 2-14,63,True,True,63,63,1.0,PTCGL,Mudkip's Den
2025-06-01_2025-06-30,685be19427d8bc24cf25aa3f,2025-06-25T16:05:00.000Z,Turtwig Den No Stakes Standard Tournament 9,60,True,True,60,58,0.9666666666666667,PTCGL,DabbingUkranian
2025-06-01_2025-06-30,685bff31c4596e812236263a,2025-06-25T19:00:00.000Z,ASRcristiano # 55 - Codes for Top 8,76,True,True,76,75,0.9868421052631579,PTCGL,ASRcristiano League
2025-06-01_2025-06-30,685c847ac4596e8122362af2,2025-06-27T19:00:00.000Z,ASRcristiano # 56 - Codes for Top 8,119,True,True,119,114,0.957983193277311,PTCGL,ASRcristiano League
2025-06-01_2025-06-30,685dd7dac4596e8122363393,2025-06-27T23:00:00.000Z,💥​Plantel Battle #13 💥​ 100 CODES ✔️​ TOP 8 ​,56,True,True,56,54,0.9642857142857143,PTCGL,Mighow
2025-06-01_2025-06-30,685de8e227d8bc24cf25b885,2025-06-30T23:00:00.000Z,💰The Smart Series #1 $100 prize pool (FREE),575,True,True,575,570,0.991304347826087,PTCGL,GameGridLive Tournaments
2025-06-01_2025-06-30,68601e5d27d8bc24cf25c91c,2025-06-29T00:30:00.000Z,Redacted 2nd Chance #4 (50 Codes),54,True,True,54,53,0.9814814814814815,PTCGL,Redacted Gaming
2025-06-01_2025-06-30,6861950327d8bc24cf25d889,2025-06-30T18:00:00.000Z,Pumpka Weekly,162,True,True,162,159,0.9814814814814815,PTCGL,The Dice Town League
2025-07-01_2025-07-31,67e0730440ab762997eab90c,2025-07-18T22:30:00.000Z,Peladão da Baixada #149 • Black Bolt & White Flare,72,False,False,,,,,
2025-07-01_2025-07-31,67e0747dfb3a86a4cffce1b2,2025-07-11T22:30:00.000Z,Peladão da Baixada #148 • Crossing The Ruins,66,True,True,66,64,0.9696969696969697,PTCGL,Battle Factory & Poképauper BR
2025-07-01_2025-07-31,681a4e1dd7ac342ba90501de,2025-07-29T17:30:00.000Z,Gray's PokéLeague - Black Bolt/White Flare Special,204,True,True,204,201,0.9852941176470589,PTCGL,Gray's PokéLeague
2025-07-01_2025-07-31,681a52dcd7ac342ba9050202,2025-07-01T17:30:00.000Z,Gray's PokéLeague - Champion's Road #23,226,True,True,226,223,0.9867256637168141,PTCGL,Gray's PokéLeague
2025-07-01_2025-07-31,681a5354d7ac342ba9050214,2025-07-08T17:30:00.000Z,Gray's PokéLeague - Champion's Road #24,120,True,True,120,115,0.9583333333333334,PTCGL,Gray's PokéLeague
2025-07-01_2025-07-31,682f8384538fc8c344fe5764,2025-07-13T23:30:00.000Z,Destined Ditto! #5 (100 Codes),204,True,False,,,,PTCGL,Blue Ditto
2025-07-01_2025-07-31,682f8460538fc8c344fe5766,2025-07-27T23:30:00.000Z,Destined Ditto! #6 (100 Codes),406,True,True,406,398,0.9802955665024631,PTCGL,Blue Ditto
2025-07-01_2025-07-31,683b3187c4596e8122351ae0,2025-07-19T15:00:00.000Z,"ToD: ""Regional"" Championships VI",309,False,False,,,,,
2025-07-01_2025-07-31,683e1dcbc4596e8122353876,2025-07-01T22:00:00.000Z,DMV Drakes - Pokemon TCG Live Tournament 7/1!,56,True,True,56,51,0.9107142857142857,PTCGL,DMV Drakes
2025-07-01_2025-07-31,68464ecb27d8bc24cf2514d0,2025-07-05T23:05:00.000Z,Redacted Rivals #5 (100 Codes),175,True,True,175,172,0.9828571428571429,PTCGL,Redacted Gaming
2025-07-01_2025-07-31,68464f69c4596e81223593ba,2025-07-12T22:30:00.000Z,REDACTED BIRTHDAY BASH! (RR #6) (400 Codes),158,True,True,158,153,0.9683544303797469,PTCGL,Redacted Gaming
2025-07-01_2025-07-31,6846500e27d8bc24cf2514d3,2025-07-19T23:05:00.000Z,Redacted x Blue Ditto Kickoff! ($200 USD + Codes!),316,False,False,,,,,
2025-07-01_2025-07-31,68465041c4596e81223593bc,2025-07-26T23:05:00.000Z,Redacted Rivals #8 (100 Codes),286,False,False,,,,,
2025-07-01_2025-07-31,68557468c4596e812235f1f2,2025-07-12T02:35:00.000Z,TOURNAMENT OF DOOM! THE PRE-SHOW!,354,True,True,354,347,0.980225988700565,PTCGL,Doom's Events and Catering
2025-07-01_2025-07-31,685574a2c4596e812235f1f3,2025-07-26T02:35:00.000Z,TOURNAMENT OF DOOM! THE POST-SHOW!,365,False,False,,,,,
2025-07-01_2025-07-31,68558239c4596e812235f29d,2025-07-02T03:35:00.000Z,CHALLENGE OF DOOM! THE LAST ONE! OF THE SEASON!,116,True,True,116,113,0.9741379310344828,PTCGL,Doom's Events and Catering
2025-07-01_2025-07-31,685a1321c4596e8122361e3e,2025-07-01T02:00:00.000Z,Card Temple Weekly Battles #20,107,True,True,107,105,0.9813084112149533,PTCGL,Card Temple
2025-07-01_2025-07-31,685c5c33c4596e81223629e6,2025-07-02T23:00:00.000Z,Late Night 241,316,True,True,316,312,0.9873417721518988,PTCGL,Late Night Events
2025-07-01_2025-07-31,685c6eea27d8bc24cf25aef8,2025-07-09T23:00:00.000Z,Late Night 242,353,True,True,353,345,0.9773371104815864,PTCGL,Late Night Events
2025-07-01_2025-07-31,685c6f2ec4596e8122362a7e,2025-07-16T23:00:00.000Z,Late Night 243,410,False,False,,,,,
2025-07-01_2025-07-31,685c6f7fc4596e8122362a80,2025-07-23T23:00:00.000Z,Late Night 244,498,False,False,,,,,
2025-07-01_2025-07-31,685c6fa9c4596e8122362a81,2025-07-30T23:10:00.000Z,Late Night 245,592,True,True,592,577,0.9746621621621622,PTCGL,Late Night Events
2025-07-01_2025-07-31,685cc31227d8bc24cf25b05d,2025-07-03T22:10:00.000Z,🐢Turtle Thursday 6🐢,81,True,True,81,79,0.9753086419753086,PTCGL,Turtle Squad 
2025-07-01_2025-07-31,685da60027d8bc24cf25b536,2025-07-02T16:00:00.000Z,Spheal Series Regional #2 Electric Boogaloo,109,True,True,109,105,0.963302752293578,PTCGL,Spheal Stone Cove
2025-07-01_2025-07-31,685eb286c4596e812236379a,2025-07-01T23:00:00.000Z,Draw Pass Champions Series #2,81,True,True,81,78,0.9629629629629629,PTCGL,GinJTCG
2025-07-01_2025-07-31,68602b5727d8bc24cf25cb1f,2025-07-03T16:10:00.000Z,🏆Moujii's Dojo🏆,202,True,True,202,198,0.9801980198019802,PTCGL,Moujii's Dojo
2025-07-01_2025-07-31,6861340027d8bc24cf25d4c9,2025-07-05T17:05:00.000Z,Jester's Weekly Casual #17,111,True,True,111,110,0.990990990990991,PTCGL,JesterTCG
2025-07-01_2025-07-31,68618200c4596e8122365505,2025-07-01T19:00:00.000Z,CARDHUB 6 round 100 Codes Prize Top 8,68,True,True,68,68,1.0,PTCGL,CARDHUB
2025-07-01_2025-07-31,6862fb8cc4596e8122365f7b,2025-07-07T22:05:00.000Z,Sunny's Weekly #212 Here to Stay!,128,True,True,128,127,0.9921875,PTCGL,Sunny's Weekly
2025-07-01_2025-07-31,6863415a27d8bc24cf25e888,2025-07-02T02:01:00.000Z,WND Tuesday Beatdown #7,56,True,True,56,55,0.9821428571428571,PTCGL,WND Collectibles
2025-07-01_2025-07-31,68637812c4596e8122366621,2025-07-02T19:00:00.000Z,ASRcristiano # 57 - Codes for Top 8,117,True,True,117,114,0.9743589743589743,PTCGL,ASRcristiano League
2025-07-01_2025-07-31,68637839c4596e8122366622,2025-07-03T19:00:00.000Z,ASRcristiano # 58 - Codes for Top 8,115,True,True,115,110,0.9565217391304348,PTCGL,ASRcristiano League
2025-07-01_2025-07-31,68641558c4596e81223667d1,2025-07-05T02:35:00.000Z,TOURNAMENT OF DOOM! Why not?,300,True,True,300,295,0.9833333333333333,PTCGL,Doom's Events and Catering
2025-07-01_2025-07-31,6864caf727d8bc24cf25f275,2025-07-08T16:00:00.000Z,The Lucky Draw Weekly #1,128,True,True,128,121,0.9453125,PTCGL,Insight Astronomy 
2025-07-01_2025-07-31,686557ac27d8bc24cf25f492,2025-07-09T00:00:00.000Z,BZGC Online🔥 - LVL. 19 ~ Road to Blink x2,76,True,True,76,74,0.9736842105263158,PTCGL,Ba Sing Se
2025-07-01_2025-07-31,6865a4bbc4596e812236745d,2025-07-04T00:20:00.000Z,Le Tournois Du DresseurPokeCharbie #68,60,True,False,,,,PTCGL,DresseurPokeCharbie
2025-07-01_2025-07-31,6865b3e0c4596e81223674fa,2025-07-10T23:00:00.000Z,🐍TLS TCG SERIES QUALIFIER 1/10 S3 - CASH + CODES,168,True,True,168,160,0.9523809523809523,PTCGL,Team Lethal Strike
2025-07-01_2025-07-31,6865b486c4596e8122367500,2025-07-17T23:00:00.000Z,🐍TLS TCG SERIES QUALIFIER 2/10 S3 - CASH + CODES,153,False,False,,,,,
2025-07-01_2025-07-31,6865b49c27d8bc24cf25f980,2025-07-24T23:00:00.000Z,🐍TLS TCG SERIES QUALIFIER 3/10 S3 - CASH + CODES,305,False,False,,,,,
2025-07-01_2025-07-31,6865b4b327d8bc24cf25f982,2025-07-31T23:00:00.000Z,🐍TLS TCG SERIES QUALIFIER 4/10 S3 - CASH + CODES,251,True,True,251,242,0.9641434262948207,PTCGL,Team Lethal Strike
2025-07-01_2025-07-31,6865b89827d8bc24cf25f9c6,2025-07-06T21:35:00.000Z,Mudkip Champions 2-15,241,True,True,241,233,0.966804979253112,PTCGL,Mudkip's Den
2025-07-01_2025-07-31,68675e20c4596e8122367fb4,2025-07-04T17:00:00.000Z,There was no July 4th event so I made one-,106,True,True,106,103,0.9716981132075472,PTCGL,Pauper PTCG
2025-07-01_2025-07-31,6867d5cd78c544eaa1dc3dee,2025-07-07T23:05:00.000Z,PokeArena #6 (100 Codes) (Closed Decklist),181,True,True,181,171,0.9447513812154696,PTCGL,PokeArena
2025-07-01_2025-07-31,686810e3f43abb4c700a429a,2025-07-10T16:10:00.000Z,🏆Moujii's Dojo🏆,174,True,True,174,172,0.9885057471264368,PTCGL,Moujii's Dojo
2025-07-01_2025-07-31,6868b5af78c544eaa1dc479f,2025-07-08T23:00:00.000Z,The Lucky Draw Weekly #2,128,True,True,128,120,0.9375,PTCGL,Insight Astronomy 
2025-07-01_2025-07-31,68694b5df43abb4c700a4d5b,2025-07-08T02:00:00.000Z,Card Temple Weekly Battles #21,127,True,True,127,121,0.952755905511811,PTCGL,Card Temple
2025-07-01_2025-07-31,68694bb8f43abb4c700a4d61,2025-07-15T02:16:00.000Z,Card Temple Weekly Battles #22,100,False,False,,,,,
2025-07-01_2025-07-31,686999a478c544eaa1dc5372,2025-07-06T00:30:00.000Z,Redacted 2nd Chance #5 (50 Codes),58,True,True,58,58,1.0,PTCGL,Redacted Gaming
2025-07-01_2025-07-31,6869da3df43abb4c700a5506,2025-07-08T23:15:00.000Z,Draw Pass Champions Series #3,72,True,True,72,68,0.9444444444444444,PTCGL,GinJTCG
2025-07-01_2025-07-31,686a914478c544eaa1dc5a10,2025-07-07T18:00:00.000Z,Pumpka Weekly,239,True,True,239,231,0.9665271966527197,PTCGL,The Dice Town League
2025-07-01_2025-07-31,686ad52df43abb4c700a5c07,2025-07-07T01:00:00.000Z,SMG Nightly Standard,96,True,True,96,93,0.96875,PTCGL,Snowy Mountain Guild
2025-07-01_2025-07-31,686ae5ee78c544eaa1dc5cc2,2025-07-08T19:00:00.000Z,ASRcristiano # 59 - Codes for Top 8,116,True,True,116,111,0.9568965517241379,PTCGL,ASRcristiano League
2025-07-01_2025-07-31,686ae60ff43abb4c700a5c93,2025-07-09T19:00:00.000Z,ASRcristiano # 60 - Codes for Top 8,156,True,True,156,151,0.967948717948718,PTCGL,ASRcristiano League
2025-07-01_2025-07-31,686ae66578c544eaa1dc5cc8,2025-07-10T19:00:00.000Z,ASRcristiano # 61 - Codes for Top 8,130,True,True,130,128,0.9846153846153847,PTCGL,ASRcristiano League
2025-07-01_2025-07-31,686c1397f43abb4c700a6524,2025-07-12T17:05:00.000Z,Jester's Weekly Casual #18 - 2x Prizing Special!,114,True,True,114,110,0.9649122807017544,PTCGL,JesterTCG
2025-07-01_2025-07-31,686c2edc78c544eaa1dc6617,2025-07-14T22:05:00.000Z,Sunny's Weekly #213 The Greatest Show on Earth!,72,True,True,72,66,0.9166666666666666,PTCGL,Sunny's Weekly
2025-07-01_2025-07-31,686d7e79f43abb4c700a7168,2025-07-09T16:00:00.000Z,Spheal Series Cup #4 unagi at work!,99,True,True,99,96,0.9696969696969697,PTCGL,Spheal Stone Cove
2025-07-01_2025-07-31,686da54078c544eaa1dc703a,2025-07-13T01:35:00.000Z,Mudkip Champions 2-16,85,True,False,,,,PTCGL,Mudkip's Den
2025-07-01_2025-07-31,686daf55f43abb4c700a73c6,2025-07-16T16:00:00.000Z,The Lucky Draw Weekly #3,117,False,False,,,,,
2025-07-01_2025-07-31,686e855078c544eaa1dc7400,2025-07-10T01:00:00.000Z,WND Midweek Mayhem,68,True,True,68,63,0.9264705882352942,PTCGL,WND Collectibles
2025-07-01_2025-07-31,686eaf4a78c544eaa1dc753c,2025-07-14T22:30:00.000Z,The Smart Series #2 $300 prize pool (FREE),740,True,False,,,,PTCGL,The Smart Series
2025-07-01_2025-07-31,686f409178c544eaa1dc7a91,2025-07-14T01:00:00.000Z,SMG Nightly Standard,59,True,True,59,58,0.9830508474576272,PTCGL,Snowy Mountain Guild
2025-07-01_2025-07-31,686fa5c4f43abb4c700a80c0,2025-07-15T23:15:00.000Z,Draw Pass Champions Series #4,51,False,False,,,,,
2025-07-01_2025-07-31,68703064f43abb4c700a870e,2025-07-11T03:45:00.000Z,MM6: Return of the Midnight Mickey,57,True,True,57,53,0.9298245614035088,PTCGL,Pauper PTCG
2025-07-01_2025-07-31,6870f362f43abb4c700a8b6f,2025-07-11T16:05:00.000Z,Turtwig Den No Stakes Standard Tournament 13,57,True,True,57,54,0.9473684210526315,PTCGL,DabbingUkranian
2025-07-01_2025-07-31,68713ead78c544eaa1dc8636,2025-07-17T16:10:00.000Z,🏆Moujii's Dojo🏆,134,False,False,,,,,
2025-07-01_2025-07-31,68729936f43abb4c700a9c8f,2025-07-13T00:30:00.000Z,Redacted 2nd Chance #6 (100 Codes),70,True,True,70,66,0.9428571428571428,PTCGL,Redacted Gaming
2025-07-01_2025-07-31,6873d2d078c544eaa1dc9dec,2025-07-14T18:00:00.000Z,Pumpka Weekly,176,True,True,176,170,0.9659090909090909,PTCGL,The Dice Town League
2025-07-01_2025-07-31,687431b578c544eaa1dca1bc,2025-07-20T21:35:00.000Z,Mudkip Champions 2-17,212,False,False,,,,,
2025-07-01_2025-07-31,6874b619f43abb4c700ab14e,2025-07-16T19:00:00.000Z,ASRcristiano # 63 - Codes for Top 8,133,False,False,,,,,
2025-07-01_2025-07-31,6874b624f43abb4c700ab14f,2025-07-17T19:00:00.000Z,ASRcristiano # 64 - B  & W legal !,106,False,False,,,,,
2025-07-01_2025-07-31,6874cfac78c544eaa1dca5d1,2025-07-15T23:00:00.000Z,The Lucky Draw Weekly #4,97,False,False,,,,,
2025-07-01_2025-07-31,6874e61178c544eaa1dca5ef,2025-07-14T16:05:00.000Z,Turtwig Den No Stakes Standard Tournament 14,59,True,True,59,55,0.9322033898305084,PTCGL,DabbingUkranian
2025-07-01_2025-07-31,68756ab078c544eaa1dcab11,2025-07-21T22:05:00.000Z,Sunny's Weekly #214 In Black & White!,63,False,False,,,,,
2025-07-01_2025-07-31,687710f278c544eaa1dcbb50,2025-07-29T22:00:00.000Z,DMV Drakes - Pokemon TCG Live Tournament 7/29!,56,True,True,56,53,0.9464285714285714,PTCGL,DMV Drakes
2025-07-01_2025-07-31,68772aa9f43abb4c700ac631,2025-07-21T22:35:00.000Z,The Smart Series #3 $1000 prize pool (FREE),1539,False,False,,,,,
2025-07-01_2025-07-31,6877a00a78c544eaa1dcbc90,2025-07-19T17:05:00.000Z,Jester's Weekly Casual #19 [B&W Legal!],58,False,False,,,,,
2025-07-01_2025-07-31,6878637178c544eaa1dcc5a6,2025-07-17T18:00:00.000Z,Black And White Legal Not-Midnight Mickey,51,False,False,,,,,
2025-07-01_2025-07-31,6879459bf43abb4c700ad398,2025-07-18T16:05:00.000Z,Turtwig Den No Stakes B&W LEGAL Tournament,81,False,False,,,,,
2025-07-01_2025-07-31,687a5db03e7086bfd3b995e8,2025-07-18T23:00:00.000Z,💥​Plantel Battle #14 💥​ 100 CODES ✔️​ TOP 8 ​,53,False,False,,,,,
2025-07-01_2025-07-31,687aa6f4164bc0b13840661e,2025-07-24T16:10:00.000Z,🏆Moujii's Dojo🏆,285,False,False,,,,,
2025-07-01_2025-07-31,687c5e8b3e7086bfd3b9ab4c,2025-07-22T11:00:00.000Z,Rising Poke Japan Cup #12,64,False,False,,,,,
2025-07-01_2025-07-31,687c5fbf3e7086bfd3b9ab4f,2025-07-23T11:00:00.000Z,Rising Poke Japan Cup #13,64,False,False,,,,,
2025-07-01_2025-07-31,687c8e503e7086bfd3b9ac05,2025-07-27T11:00:00.000Z,Cardstore.nl Pokémon Masters Tournament #12,73,True,True,73,70,0.958904109589041,PTCGL,Cardstore
2025-07-01_2025-07-31,687cf781164bc0b138407aee,2025-07-20T16:00:00.000Z,Team Gamers Guild CUP! #6,63,False,False,,,,,
2025-07-01_2025-07-31,687cf8b93e7086bfd3b9ae90,2025-07-27T08:30:00.000Z,OTS Weekly Open 27Jul25 - 64 codes,66,True,True,66,66,1.0,PTCGL,Collecting Leftovers
2025-07-01_2025-07-31,687d10ad164bc0b138407ca8,2025-07-22T02:00:00.000Z,Card Temple Weekly Battles #23,97,False,False,,,,,
2025-07-01_2025-07-31,687d1ea33e7086bfd3b9b002,2025-07-21T01:00:00.000Z,SMG Nightly Standard,115,False,False,,,,,
2025-07-01_2025-07-31,687d378c3e7086bfd3b9b106,2025-07-21T18:00:00.000Z,Pumpka Weekly,254,False,False,,,,,
2025-07-01_2025-07-31,687dceb8164bc0b1384084dd,2025-07-25T17:05:00.000Z,Jester's Monthly Challenge [July 2025],170,False,False,,,,,
2025-07-01_2025-07-31,687dde613e7086bfd3b9b6bd,2025-07-22T23:00:00.000Z,The Lucky Draw Weekly #5,162,False,False,,,,,
2025-07-01_2025-07-31,687ddf38164bc0b1384084f8,2025-07-23T16:00:00.000Z,The Lucky Draw Weekly #6,167,False,False,,,,,
2025-07-01_2025-07-31,687e9cf53e7086bfd3b9bca8,2025-07-28T22:05:00.000Z,Sunny's Weekly #215 Bananza!,256,True,True,256,249,0.97265625,PTCGL,Sunny's Weekly
2025-07-01_2025-07-31,687ec7ed164bc0b138408fc2,2025-07-22T19:15:00.000Z,ASRcristiano # 65 - B & W legal !,231,False,False,,,,,
2025-07-01_2025-07-31,687ec81f3e7086bfd3b9bfbc,2025-07-23T19:00:00.000Z,ASRcristiano # 66 - B & W legal !,154,False,False,,,,,
2025-07-01_2025-07-31,687ec868164bc0b138408fc9,2025-07-24T19:00:00.000Z,ASRcristiano # 67 - B & W legal !,158,False,False,,,,,
2025-07-01_2025-07-31,687ec8aa3e7086bfd3b9bfd6,2025-07-25T19:00:00.000Z,ASRcristiano # 68 - B & W legal !,147,False,False,,,,,
2025-07-01_2025-07-31,687efd09164bc0b138409add,2025-07-23T00:00:00.000Z,BZGC Online🔥 - LVL. 19 ~ After the Blink,74,False,False,,,,,
2025-07-01_2025-07-31,687f24e93e7086bfd3b9c5df,2025-07-24T02:00:00.000Z,Mid weeknd tournament by Dark Lux Palace,92,False,False,,,,,
2025-07-01_2025-07-31,68803c71164bc0b13840a304,2025-07-23T03:00:00.000Z,Midnight Mickey 14,54,False,False,,,,,
2025-07-01_2025-07-31,68810765164bc0b13840a5e3,2025-07-29T10:00:00.000Z,Rising Poke Japan Cup #14,65,True,True,65,64,0.9846153846153847,PTCGL,Rising Poke Japan
2025-07-01_2025-07-31,68816d00164bc0b13840ac58,2025-07-29T23:00:00.000Z,The Lucky Draw Weekly #8,147,True,True,147,143,0.9727891156462585,PTCGL,Insight Astronomy 
2025-07-01_2025-07-31,688270b03e7086bfd3b9df66,2025-07-27T01:35:00.000Z,Mudkip Champions 2-18,66,True,True,66,62,0.9393939393939394,PTCGL,Mudkip's Den
2025-07-01_2025-07-31,6882a6ab164bc0b13840b6af,2025-07-31T16:10:00.000Z,🏆Moujii's Dojo🏆 (Late Registration Available!),242,True,True,242,237,0.9793388429752066,PTCGL,Moujii's Dojo
2025-07-01_2025-07-31,68831777164bc0b13840bae0,2025-07-25T14:30:00.000Z,tournament #4 - everybody's welcome,91,False,False,,,,,
2025-07-01_2025-07-31,6884348e164bc0b13840c3e1,2025-07-27T22:00:00.000Z,Apollo's Weekly,76,True,True,76,74,0.9736842105263158,PTCGL,Apollo's Gym
2025-07-01_2025-07-31,688500c53e7086bfd3b9f4ab,2025-07-27T01:00:00.000Z,Redacted 2nd Chance #7 (50 Codes),100,False,False,,,,,
2025-07-01_2025-07-31,6885cebf164bc0b13840d836,2025-07-29T16:00:00.000Z,The Lucky Draw Weekly #7,145,True,True,145,141,0.9724137931034482,PTCGL,Insight Astronomy 
2025-07-01_2025-07-31,688650413e7086bfd3ba0515,2025-07-28T01:00:00.000Z,SMG Nightly Standard,68,True,True,68,64,0.9411764705882353,PTCGL,Snowy Mountain Guild
2025-07-01_2025-07-31,68867b963e7086bfd3ba07bc,2025-07-28T18:00:00.000Z,Pumpka Weekly,280,True,True,280,276,0.9857142857142858,PTCGL,The Dice Town League
2025-07-01_2025-07-31,68869469164bc0b13840e17a,2025-07-29T19:00:00.000Z,ASRcristiano # 69 - B & W legal !,141,True,True,141,136,0.9645390070921985,PTCGL,ASRcristiano League
2025-07-01_2025-07-31,68869497164bc0b13840e17b,2025-07-31T19:00:00.000Z,ASRcristiano # 70 - B & W legal !,182,True,True,182,180,0.989010989010989,PTCGL,ASRcristiano League
2025-07-01_2025-07-31,68875fec251cd5b162f01efc,2025-07-28T14:00:00.000Z,🟣 Gengar's Hideout Random Tournament🟣,51,True,False,,,,PTCGL,Gengar's hideout
2025-07-01_2025-07-31,688761e4bb2925f99de0272f,2025-07-29T01:00:00.000Z,The  First  Teacher  Skwovet's  PTCG  Game,88,True,True,88,87,0.9886363636363636,PTCGL,TaiwanPtcg
2025-07-01_2025-07-31,6887817d251cd5b162f01f90,2025-07-29T02:00:00.000Z,Card Temple Weekly Battles #24,99,True,True,99,97,0.9797979797979798,PTCGL,Card Temple
2025-07-01_2025-07-31,68883cc1dd3aa218838a4d94,2025-07-29T23:20:00.000Z,Draw Pass Champions Series #5,53,True,True,53,49,0.9245283018867925,PTCGL,GinJTCG
2025-07-01_2025-07-31,68890b42dd3aa218838a5100,2025-07-30T01:00:00.000Z,WND Tuesday Beatdown #9,73,True,True,73,72,0.9863013698630136,PTCGL,WND Collectibles
2025-07-01_2025-07-31,68892276dd3aa218838a524f,2025-07-30T18:00:00.000Z,Spheal Series Cup #6 I am Out of Name Ideas!!,186,True,True,186,183,0.9838709677419355,PTCGL,Spheal Stone Cove
2025-08-01_2025-08-31,67e07810fb3a86a4cffce1df,2025-08-23T22:30:00.000Z,Peladão da Baixada #150 • The Mewtwo Edition,134,True,True,134,132,0.9850746268656716,PTCGL,Battle Factory & Poképauper BR
2025-08-01_2025-08-31,681a5417524e86dc8e9f48b6,2025-08-05T17:30:00.000Z,Gray's PokéLeague - Champion's Road #25,277,True,True,277,272,0.9819494584837545,PTCGL,Gray's PokéLeague
2025-08-01_2025-08-31,681a54f0d7ac342ba905021a,2025-08-12T15:00:00.000Z,Gray's PokéLeague - Champion's Road #26,153,False,False,,,,,
2025-08-01_2025-08-31,682f84e6538fc8c344fe5768,2025-08-03T22:00:00.000Z,Destined Ditto! #7 (100 Codes),270,True,True,270,263,0.9740740740740741,PTCGL,Blue Ditto
2025-08-01_2025-08-31,6846506bc4596e81223593be,2025-08-02T21:00:00.000Z,Redacted Rivals #9 ($200 USD) FREE EVENT,421,True,True,421,413,0.9809976247030879,PTCGL,Redacted Gaming
2025-08-01_2025-08-31,684f3e9627d8bc24cf255126,2025-08-26T15:00:00.000Z,Gray's PokéLeague - Champion's Road #27,146,True,True,146,140,0.958904109589041,PTCGL,Gray's PokéLeague
2025-08-01_2025-08-31,685574f227d8bc24cf257507,2025-08-03T02:35:00.000Z,TOURNAMENT OF DOOM! THE LCQ!,469,True,True,469,459,0.9786780383795309,PTCGL,Doom's Events and Catering
2025-08-01_2025-08-31,6855754ec4596e812235f203,2025-08-09T15:00:00.000Z,"ToD: ""World"" Championships Day One",170,False,False,,,,,
2025-08-01_2025-08-31,685c6fda27d8bc24cf25af17,2025-08-06T23:00:00.000Z,Late Night 246,567,True,True,567,551,0.9717813051146384,PTCGL,Late Night Events
2025-08-01_2025-08-31,6865b4cfc4596e8122367502,2025-08-07T23:00:00.000Z,🐍TLS TCG SERIES QUALIFIER 5/10 S3 - CASH + CODES,236,True,False,,,,PTCGL,Team Lethal Strike
2025-08-01_2025-08-31,6865b4dec4596e8122367503,2025-08-14T23:00:00.000Z,🐍TLS TCG SERIES QUALIFIER 6/10 S3 - CASH + CODES,202,False,False,,,,,
2025-08-01_2025-08-31,6865b4edc4596e8122367504,2025-08-21T23:00:00.000Z,🐍TLS TCG SERIES QUALIFIER 7/10 S3 - CASH + CODES,243,False,False,,,,,
2025-08-01_2025-08-31,6865b51427d8bc24cf25f983,2025-08-28T23:00:00.000Z,🐍TLS TCG SERIES QUALIFIER 8/10 S3 - CASH + CODES,170,True,True,170,168,0.9882352941176471,PTCGL,Team Lethal Strike
2025-08-01_2025-08-31,687775dd78c544eaa1dcbc25,2025-08-09T01:00:00.000Z,Sleeper's Circuit Pre-Season #1 💤🏅,130,False,False,,,,,
2025-08-01_2025-08-31,68777eaff43abb4c700ac6e0,2025-08-17T01:00:00.000Z,Sleeper's Circuit Pre-Season #2 💤🏅,127,False,False,,,,,
2025-08-01_2025-08-31,6878a80778c544eaa1dcc627,2025-08-02T04:00:00.000Z,好奇杯x瞬间失忆联赛 wcs练习赛 Hao Qi cup xAmnesia Series bo3,77,True,True,77,75,0.974025974025974,PTCGL,HaoQi cup
2025-08-01_2025-08-31,68794c9778c544eaa1dccb0e,2025-08-01T16:05:00.000Z,Turtwig Den Revival Series Cup 1,75,True,True,75,73,0.9733333333333334,PTCGL,DabbingUkranian
2025-08-01_2025-08-31,687a31ec3e7086bfd3b99524,2025-08-08T16:05:00.000Z,Turtwig Den Revival Series Challenge 2,123,False,False,,,,,
2025-08-01_2025-08-31,687a32293e7086bfd3b99525,2025-08-15T16:05:00.000Z,Turtwig Den Revival Series Challenge 3,87,False,False,,,,,
2025-08-01_2025-08-31,687a32b6164bc0b138406335,2025-08-29T16:05:00.000Z,Turtwig Den Revival Series Challenge 5,79,True,True,79,77,0.9746835443037974,PTCGL,DabbingUkranian
2025-08-01_2025-08-31,68860c773e7086bfd3ba019e,2025-08-26T13:00:00.000Z,TGG Cup #7.... Finally!,88,True,True,88,86,0.9772727272727273,PTCGL,Team Gamers Guild
2025-08-01_2025-08-31,688634703e7086bfd3ba03ca,2025-08-03T08:30:00.000Z,OTS Weekly Open 03Aug25 - 40 codes,55,True,True,55,54,0.9818181818181818,PTCGL,Collecting Leftovers
2025-08-01_2025-08-31,688694f4164bc0b13840e17f,2025-08-01T19:00:00.000Z,ASRcristiano # 71 - B & W legal !,191,True,True,191,188,0.9842931937172775,PTCGL,ASRcristiano League
2025-08-01_2025-08-31,688704ba164bc0b13840e5f8,2025-08-02T17:05:00.000Z,Jester's Weekly Casual #20,127,True,True,127,124,0.9763779527559056,PTCGL,JesterTCG
2025-08-01_2025-08-31,688704f1164bc0b13840e5f9,2025-08-16T17:05:00.000Z,Jester's Challenge [Aug'25] 2x Prize/Asym Special!,121,False,False,,,,,
2025-08-01_2025-08-31,68870501164bc0b13840e5fa,2025-08-09T17:05:00.000Z,Jester's Weekly Casual #21,73,False,False,,,,,
2025-08-01_2025-08-31,6887050b164bc0b13840e5fc,2025-08-24T17:05:00.000Z,Jester's Weekly Casual #22,128,True,True,128,124,0.96875,PTCGL,JesterTCG
2025-08-01_2025-08-31,6887052a3e7086bfd3ba1117,2025-08-30T17:05:00.000Z,Jester's Quarter Cup! [Q3 2025],104,True,True,104,101,0.9711538461538461,PTCGL,JesterTCG
2025-08-01_2025-08-31,6887e7018c0cf80c508d07fd,2025-08-04T22:05:00.000Z,Sunny's Weekly #216 Sunny's Island,256,True,True,256,249,0.97265625,PTCGL,Sunny's Weekly
2025-08-01_2025-08-31,6888d50cdd3aa218838a4f64,2025-08-06T10:00:00.000Z,Rising Poke Japan Cup #15,70,True,True,70,67,0.9571428571428572,PTCGL,Rising Poke Japan
2025-08-01_2025-08-31,68890313dd3aa218838a50c2,2025-08-03T12:00:00.000Z,Tournoi amical LEAGUE canto N40°,58,True,True,58,56,0.9655172413793104,PTCGL,LEAGUE Canto
2025-08-01_2025-08-31,68896b068c0cf80c508d189e,2025-08-03T21:35:00.000Z,Mudkip Champions 2-19,116,True,True,116,110,0.9482758620689655,PTCGL,Mudkip's Den
2025-08-01_2025-08-31,68898516dd3aa218838a57f9,2025-08-26T22:00:00.000Z,DMV Drakes - Pokemon TCG Live Tournament 8/26!,64,True,True,64,60,0.9375,PTCGL,DMV Drakes
2025-08-01_2025-08-31,688c1d958c0cf80c508d3247,2025-08-24T22:00:00.000Z,Destined Ditto! #9 (200 Codes),182,True,True,182,176,0.967032967032967,PTCGL,Blue Ditto
2025-08-01_2025-08-31,688c677a71faa4f93bbc6eb0,2025-08-01T15:00:00.000Z,Pokémon Journey League #6 - 30 USD Prizes,84,True,True,84,83,0.9880952380952381,PTCGL,Gengar's Mansion
2025-08-01_2025-08-31,688d1b679e64f4a232d0ce9b,2025-08-07T16:10:00.000Z,🏆Moujii's Dojo🏆 (Late Registration Available!),243,True,True,243,232,0.9547325102880658,PTCGL,Moujii's Dojo
2025-08-01_2025-08-31,688e2b2071faa4f93bbc7dab,2025-08-02T23:00:00.000Z,Redacted 2nd Chance #8 (50 Codes),69,True,True,69,68,0.9855072463768116,PTCGL,Redacted Gaming
2025-08-01_2025-08-31,688ea6599e64f4a232d0e29f,2025-08-23T02:35:00.000Z,TOURNAMENT OF DOOM! SEASON Something?,275,True,True,275,270,0.9818181818181818,PTCGL,Doom's Events and Catering
2025-08-01_2025-08-31,688effc371faa4f93bbc8e72,2025-08-05T02:00:00.000Z,Card Temple Weekly Battles #25,221,True,True,221,214,0.9683257918552036,PTCGL,Card Temple
2025-08-01_2025-08-31,688f66e071faa4f93bbc9099,2025-08-10T08:30:00.000Z,OTS Weekly Open 10Aug25 - 40 codes,74,False,False,,,,,
2025-08-01_2025-08-31,688faa2371faa4f93bbc9385,2025-08-04T18:00:00.000Z,Pumpka Weekly,280,True,True,280,278,0.9928571428571429,PTCGL,The Dice Town League
2025-08-01_2025-08-31,688fe8429e64f4a232d0ef11,2025-08-04T01:00:00.000Z,SMG Nightly Standard,77,True,True,77,73,0.948051948051948,PTCGL,Snowy Mountain Guild
2025-08-01_2025-08-31,68905c469e64f4a232d0f2d8,2025-08-05T19:00:00.000Z,ASRcristiano # 72 - B & W legal !,158,True,True,158,154,0.9746835443037974,PTCGL,ASRcristiano League
2025-08-01_2025-08-31,68905c6a71faa4f93bbc9ba4,2025-08-06T19:00:00.000Z,ASRcristiano # 73 - B & W legal !,138,True,True,138,134,0.9710144927536232,PTCGL,ASRcristiano League
2025-08-01_2025-08-31,68905c889e64f4a232d0f2da,2025-08-07T19:00:00.000Z,ASRcristiano # 74 - B & W legal !,150,True,True,150,146,0.9733333333333334,PTCGL,ASRcristiano League
2025-08-01_2025-08-31,68905cae9e64f4a232d0f2db,2025-08-08T19:00:00.000Z,ASRcristiano # 75 - B & W legal !,192,False,False,,,,,
2025-08-01_2025-08-31,6890d99b9e64f4a232d0f4a2,2025-08-13T13:00:00.000Z,MOSCO Masters S3: Pokemon TCG Live Tournament #1,77,False,False,,,,,
2025-08-01_2025-08-31,6890dad29e64f4a232d0f4ad,2025-08-20T13:00:00.000Z,MOSCO Masters S3: Pokemon TCG Live Tournament #2,51,False,False,,,,,
2025-08-01_2025-08-31,6890e4d39e64f4a232d0f4f5,2025-08-11T16:10:00.000Z,🏆Moujii's Dojo🏆 (Late Registration Available!),296,False,False,,,,,
2025-08-01_2025-08-31,689129da71faa4f93bbca35a,2025-08-11T22:05:00.000Z,Sunny's Weekly #217 Pokémon Graffiti: Worlds 2025,218,False,False,,,,,
2025-08-01_2025-08-31,6891549471faa4f93bbca625,2025-08-09T22:05:00.000Z,Redacted Rivals #10 (100 Codes),141,False,False,,,,,
2025-08-01_2025-08-31,689154da71faa4f93bbca627,2025-08-09T23:30:00.000Z,Redacted 2nd Chance #9 (50 Codes),82,False,False,,,,,
2025-08-01_2025-08-31,689155159e64f4a232d0fce1,2025-08-30T22:05:00.000Z,Redacted Rivals #11 (100 Codes),156,True,True,156,151,0.967948717948718,PTCGL,Redacted Gaming
2025-08-01_2025-08-31,689155459e64f4a232d0fce3,2025-08-30T23:30:00.000Z,Redacted 2nd Chance #10 (50 Codes),103,True,True,103,99,0.9611650485436893,PTCGL,Redacted Gaming
2025-08-01_2025-08-31,6891bc009e64f4a232d0ff9a,2025-08-05T23:00:00.000Z,The Lucky Draw Weekly #9,151,True,True,151,150,0.9933774834437086,PTCGL,Insight Astronomy 
2025-08-01_2025-08-31,6891bc349e64f4a232d0ff9b,2025-08-06T16:00:00.000Z,The Lucky Draw Weekly #10,148,True,True,148,142,0.9594594594594594,PTCGL,Insight Astronomy 
2025-08-01_2025-08-31,6891c15a71faa4f93bbca8ad,2025-08-06T02:00:00.000Z,Let's Go World! #1 CASH & CODE & LUCKY DRAW,100,True,True,100,97,0.97,PTCGL,Gengar's Mansion
2025-08-01_2025-08-31,689272a971faa4f93bbcaf97,2025-08-09T14:45:00.000Z,The Smart Series #4 $800 prize pool (free),685,False,False,,,,,
2025-08-01_2025-08-31,6892b9e39e64f4a232d10c4d,2025-08-12T10:00:00.000Z,Rising Poke Japan Cup #16,71,False,False,,,,,
2025-08-01_2025-08-31,68939d059e64f4a232d11255,2025-08-10T23:05:00.000Z,PokeArena #10 World Practice Close List,181,False,False,,,,,
2025-08-01_2025-08-31,6893c6ce9e64f4a232d1143a,2025-08-11T01:00:00.000Z,SMG Nightly Standard,126,False,False,,,,,
2025-08-01_2025-08-31,689552289e64f4a232d12474,2025-08-10T01:35:00.000Z,Mudkip Champions 2-20,129,False,False,,,,,
2025-08-01_2025-08-31,689602e312254c15df82573f,2025-08-12T02:00:00.000Z,Card Temple Weekly Battles #26,161,False,False,,,,,
2025-08-01_2025-08-31,68961b9412254c15df825816,2025-08-14T16:10:00.000Z,🏆Moujii's Dojo🏆 (Late Registration Available!),234,False,False,,,,,
2025-08-01_2025-08-31,68979de912254c15df8268e8,2025-08-30T02:35:00.000Z,TOURNAMENT OF DOOM! Weird.....,287,True,True,287,282,0.9825783972125436,PTCGL,Doom's Events and Catering
2025-08-01_2025-08-31,689880b1196e12cfd56a48dd,2025-08-12T16:00:00.000Z,The Lucky Draw Weekly #11,91,False,False,,,,,
2025-08-01_2025-08-31,689880d9196e12cfd56a48df,2025-08-12T23:00:00.000Z,The Lucky Draw Weekly #12,173,False,False,,,,,
2025-08-01_2025-08-31,68989a0f196e12cfd56a4947,2025-08-17T08:30:00.000Z,OTS Weekly Open 17Aug25 - 40 codes,61,False,False,,,,,
2025-08-01_2025-08-31,68989bea3070784ce70bdf40,2025-08-11T18:00:00.000Z,Pumpka Weekly,173,False,False,,,,,
2025-08-01_2025-08-31,689a3e0c3070784ce70beec7,2025-08-18T22:05:00.000Z,Sunny's Weekly #218 Waiting at Fisherman's Wharf,256,False,False,,,,,
2025-08-01_2025-08-31,689a800a3070784ce70bf281,2025-08-12T19:30:00.000Z,Don Migueliano Tournaments #2,125,False,False,,,,,
2025-08-01_2025-08-31,689b1d193070784ce70bf5ca,2025-08-19T10:00:00.000Z,Rising Poke Japan Cup #17,57,False,False,,,,,
2025-08-01_2025-08-31,689bd844196e12cfd56a66f9,2025-08-13T18:30:00.000Z,Don Migueliano Tournaments #3,79,False,False,,,,,
2025-08-01_2025-08-31,689c4b66196e12cfd56a6884,2025-08-13T18:00:00.000Z,Spheal Series Cup #8 Munkidori Adrena brain!!!!!!,92,False,False,,,,,
2025-08-01_2025-08-31,689cff6f196e12cfd56a6d8c,2025-08-30T18:00:00.000Z,Rogue's Champions Tournament Series #1,55,True,True,55,52,0.9454545454545454,PTCGL,Chef Husky
2025-08-01_2025-08-31,689d01f43070784ce70c046d,2025-08-13T23:05:00.000Z,Poli's Pop Up Cause We Miss Late Night,89,False,False,,,,,
2025-08-01_2025-08-31,689dea87196e12cfd56a710e,2025-08-21T16:10:00.000Z,🏆Moujii's Dojo🏆 (Late Registration Available!),278,False,False,,,,,
2025-08-01_2025-08-31,68a0ea13196e12cfd56a85b4,2025-08-20T18:30:00.000Z,RoguesTay x Rebel Vault Weekly,51,False,False,,,,,
2025-08-01_2025-08-31,68a1a3753070784ce70c21d4,2025-08-24T08:30:00.000Z,OTS Weekly Open 24Aug25 - 40 codes,59,True,True,59,56,0.9491525423728814,PTCGL,Collecting Leftovers
2025-08-01_2025-08-31,68a3c6d43070784ce70c3117,2025-08-19T23:35:00.000Z,LastPrize Series USD$100 Cash Prize Pool,358,False,False,,,,,
2025-08-01_2025-08-31,68a3ded8196e12cfd56a9840,2025-08-25T22:05:00.000Z,Sunny's Weekly #219 Pinball Wizards,224,True,True,224,219,0.9776785714285714,PTCGL,Sunny's Weekly
2025-08-01_2025-08-31,68a486c33070784ce70c34b5,2025-08-20T16:00:00.000Z,Spheal Series Cup #9 Goomy35,60,False,False,,,,,
2025-08-01_2025-08-31,68a4ff703070784ce70c393b,2025-08-20T18:00:00.000Z,Pumpka Weekly does Wednesday post worlds!,195,False,False,,,,,
2025-08-01_2025-08-31,68a5d8ef3070784ce70c4088,2025-08-25T16:10:00.000Z,🏆Moujii's Dojo🏆 (Late Registration Available!),204,True,True,204,194,0.9509803921568627,PTCGL,Moujii's Dojo
2025-08-01_2025-08-31,68a631593070784ce70c461a,2025-08-21T01:01:00.000Z,WND Midweek Mayhem #3,92,False,False,,,,,
2025-08-01_2025-08-31,68a704a4196e12cfd56aad81,2025-08-22T16:00:00.000Z,The Lucky Draw Weekly #13,138,False,False,,,,,
2025-08-01_2025-08-31,68a704c8196e12cfd56aad83,2025-08-22T23:00:00.000Z,The Lucky Draw Weekly #14,124,False,False,,,,,
2025-08-01_2025-08-31,68a79ae23070784ce70c515f,2025-08-23T13:00:00.000Z,TGG Global Challenge #1,70,True,False,,,,PTCGL,Team Gamers Guild
2025-08-01_2025-08-31,68a7a4383070784ce70c519c,2025-08-26T23:30:00.000Z,LastPrize Series (200 Codes Prize Pool),80,True,True,80,78,0.975,PTCGL,PokeArena
2025-08-01_2025-08-31,68a80e4dda2bf11ab1d591dc,2025-08-25T00:35:00.000Z,IMPULSE Weekly Standard,115,True,True,115,111,0.9652173913043478,PTCGL,Impulse
2025-08-01_2025-08-31,68a87611827e9d163f82d1ac,2025-08-28T16:10:00.000Z,🏆Moujii's Dojo🏆 (Late Registration Available!),211,True,True,211,205,0.9715639810426541,PTCGL,Moujii's Dojo
2025-08-01_2025-08-31,68a8864dda2bf11ab1d5938f,2025-08-26T19:00:00.000Z,ASRcristiano # 76 - Testing for Frankfurt !,141,True,True,141,136,0.9645390070921985,PTCGL,ASRcristiano League
2025-08-01_2025-08-31,68aa33c3da2bf11ab1d5a53e,2025-08-25T13:00:00.000Z,Team Gamers Guild League #19,91,True,True,91,87,0.9560439560439561,PTCGL,Team Gamers Guild
2025-08-01_2025-08-31,68aa3e64da2bf11ab1d5a5eb,2025-08-23T23:30:00.000Z,REDACTED POP UP 200 CODES!,86,True,True,86,82,0.9534883720930233,PTCGL,Redacted Gaming
2025-08-01_2025-08-31,68ab015a827e9d163f82e9e5,2025-08-31T08:30:00.000Z,OTS Weekly Open 31Aug25 - 40 codes,69,True,True,69,67,0.9710144927536232,PTCGL,Collecting Leftovers
2025-08-01_2025-08-31,68ab12c1da2bf11ab1d5ac3d,2025-08-25T18:00:00.000Z,Pumpka Weekly,149,True,True,149,144,0.9664429530201343,PTCGL,The Dice Town League
2025-08-01_2025-08-31,68ac585cda2bf11ab1d5b757,2025-08-28T19:00:00.000Z,ASRcristiano # 78 - Testing for Frankfurt !,145,True,True,145,142,0.9793103448275862,PTCGL,ASRcristiano League
2025-08-01_2025-08-31,68aca206827e9d163f82f7db,2025-08-26T02:00:00.000Z,Card Temple Weekly Battles #27,152,True,True,152,146,0.9605263157894737,PTCGL,Card Temple
2025-08-01_2025-08-31,68aceb6dda2bf11ab1d5bf4f,2025-08-26T23:00:00.000Z,The Lucky Draw Weekly #16,94,True,True,94,88,0.9361702127659575,PTCGL,Insight Astronomy 
2025-08-01_2025-08-31,68ae1902827e9d163f83066e,2025-08-27T12:00:00.000Z,Team Gamers Guild League #20,58,True,True,58,58,1.0,PTCGL,Team Gamers Guild
2025-08-01_2025-08-31,68af688dda2bf11ab1d5d293,2025-08-28T00:00:00.000Z,Midnight Mickey 23 - Beep boo boo bop,89,True,True,89,85,0.9550561797752809,PTCGL,Pauper PTCG
2025-08-01_2025-08-31,68b04a1b827e9d163f831616,2025-08-30T14:00:00.000Z,"TGG ""Worlds"" DAY 1 ETB!",69,True,True,69,69,1.0,PTCGL,Team Gamers Guild
2025-08-01_2025-08-31,68b08636827e9d163f831776,2025-08-29T23:00:00.000Z,💥​Plantel Battle #15 💥​ 100 CODES ✔️​ TOP 8 ​,100,True,True,100,97,0.97,PTCGL,Mighow
2025-08-01_2025-08-31,68b0f4feda2bf11ab1d5e0ac,2025-08-29T19:00:00.000Z,ASRcristiano # 79 - Testing for Frankfurt !,112,True,True,112,108,0.9642857142857143,PTCGL,ASRcristiano League
2025-09-01_2025-09-30,6782e1e57960ec710eff0f2f,2025-09-21T00:05:00.000Z,Logik Saturday Popup - closed lists,54,True,True,54,52,0.9629629629629629,PTCGL,LogikTCG
2025-09-01_2025-09-30,67e1fe9e40ab762997eacc7d,2025-09-12T22:30:00.000Z,Peladão da Baixada #152 • A Freezing Tale,54,False,False,,,,,
2025-09-01_2025-09-30,684f402327d8bc24cf25512d,2025-09-02T17:30:00.000Z,Gray's PokéLeague - Champion's Road #28,101,True,True,101,96,0.9504950495049505,PTCGL,Gray's PokéLeague
2025-09-01_2025-09-30,6865b52c27d8bc24cf25f984,2025-09-04T23:00:00.000Z,🐍TLS TCG SERIES QUALIFIER 9/10 S3 - CASH + CODES,187,True,False,,,,PTCGL,Team Lethal Strike
2025-09-01_2025-09-30,6865b540c4596e8122367506,2025-09-11T23:00:00.000Z,🐍TLS TCG SERIES QUALIFIER 10/10 S3 - CASH + CODES,183,False,False,,,,,
2025-09-01_2025-09-30,687a32db164bc0b138406336,2025-09-05T16:05:00.000Z,Turtwig Den Revival Series Cup 2,99,False,False,,,,,
2025-09-01_2025-09-30,687a3373164bc0b138406339,2025-09-12T16:05:00.000Z,Turtwig Den Revival Series Challenge 6,62,False,False,,,,,
2025-09-01_2025-09-30,687a3382164bc0b13840633a,2025-09-16T16:05:00.000Z,Turtwig Den Revival Series Challenge 7,81,False,False,,,,,
2025-09-01_2025-09-30,687a33963e7086bfd3b9952b,2025-09-26T16:05:00.000Z,Turtwig Den Revival Series Challenge 8,94,True,False,,,,PTCGL,DabbingUkranian
2025-09-01_2025-09-30,6887051b3e7086bfd3ba1116,2025-09-06T17:05:00.000Z,Jester's Weekly Casual #23 - Frankfurt Inbound!,128,False,False,,,,,
2025-09-01_2025-09-30,688c1e11dd3aa218838a737f,2025-09-07T22:00:00.000Z,Destined Ditto! #10 (100 Codes),208,False,False,,,,,
2025-09-01_2025-09-30,688c1e418c0cf80c508d3251,2025-09-14T22:00:00.000Z,Destined Ditto! #11 (100 Codes),156,False,False,,,,,
2025-09-01_2025-09-30,688dd9579e64f4a232d0d458,2025-09-05T22:30:00.000Z,Peladão da Baixada #151 • The Mew Edition,52,False,False,,,,,
2025-09-01_2025-09-30,6890ed9a71faa4f93bbc9e24,2025-09-03T13:00:00.000Z,MOSCO Masters S3: Pokemon TCG Live Tournament #3,61,True,True,61,59,0.9672131147540983,PTCGL,MOSCO
2025-09-01_2025-09-30,6890ede49e64f4a232d0f561,2025-09-10T13:00:00.000Z,MOSCO Masters S3: Pokemon TCG Live Tournament #4,54,False,False,,,,,
2025-09-01_2025-09-30,689155929e64f4a232d0fce4,2025-09-06T22:05:00.000Z,Redacted Rivals #12 (100 Codes),140,False,False,,,,,
2025-09-01_2025-09-30,689155c49e64f4a232d0fce8,2025-09-06T23:30:00.000Z,Redacted 2nd Chance #11 (50 Codes),112,False,False,,,,,
2025-09-01_2025-09-30,6891562871faa4f93bbca62e,2025-09-13T22:05:00.000Z,Redacted Rivals #13 (200 Codes),140,False,False,,,,,
2025-09-01_2025-09-30,6891565f9e64f4a232d0fcec,2025-09-13T23:30:00.000Z,Redacted 2nd Chance #12 (100 Codes),71,False,False,,,,,
2025-09-01_2025-09-30,68979c162c940503cce90771,2025-09-27T15:00:00.000Z,"ToD: ""Regional"" Championships VII",324,True,True,324,316,0.9753086419753086,PTCGL,Doom's Events and Catering
2025-09-01_2025-09-30,68979e73196e12cfd56a43c2,2025-09-06T02:35:00.000Z,TOURNAMENT OF DOOM! Best Takeout Edition,261,False,False,,,,,
2025-09-01_2025-09-30,68979eb82c940503cce90791,2025-09-13T02:35:00.000Z,TOURNAMENT OF DOOM! Best Shiny Edition,257,False,False,,,,,
2025-09-01_2025-09-30,68979f022c940503cce90793,2025-09-20T02:05:00.000Z,TOURNAMENT OF DOOM! Best Starter Edition,255,True,True,255,251,0.984313725490196,PTCGL,Doom's Events and Catering
2025-09-01_2025-09-30,68a5509c196e12cfd56aa18e,2025-09-10T03:35:00.000Z,CHALLENGE OF DOOM! BETTER LATE THAN NEVER!,127,False,False,,,,,
2025-09-01_2025-09-30,68a55321196e12cfd56aa191,2025-09-24T03:35:00.000Z,"CHALLENGE OF DOOM! PRACTICE, PRACTICE, PRACTICE",64,True,True,64,64,1.0,PTCGL,Doom's Events and Catering
2025-09-01_2025-09-30,68aabecb827e9d163f82e88b,2025-09-03T18:30:00.000Z,Rogues tay x rebel vault weekly 100 code prize pot,128,True,True,128,123,0.9609375,PTCGL,East Anglian Rogues
2025-09-01_2025-09-30,68ac1cbc827e9d163f82f3c4,2025-09-07T11:00:00.000Z,Cardstore.nl Pokémon Masters Tournament #16,87,False,False,,,,,
2025-09-01_2025-09-30,68acb59bda2bf11ab1d5bc34,2025-09-01T22:05:00.000Z,Sunny's Weekly #220 Kaiju Rumble!,235,True,True,235,228,0.9702127659574468,PTCGL,Sunny's Weekly
2025-09-01_2025-09-30,68ad439fda2bf11ab1d5c2d4,2025-09-01T00:35:00.000Z,⭐IMPULSE Weekly Standard # 2,216,True,True,216,207,0.9583333333333334,PTCGL,Impulse
2025-09-01_2025-09-30,68ad70eeda2bf11ab1d5c314,2025-09-04T16:10:00.000Z,🏆Moujii's Dojo🏆 (Late Registration Available!),197,True,True,197,193,0.9796954314720813,PTCGL,Moujii's Dojo
2025-09-01_2025-09-30,68af2db7da2bf11ab1d5cf94,2025-09-06T19:00:00.000Z,Poof #7 - WIN CODES!!!,52,False,False,,,,,
2025-09-01_2025-09-30,68b18fd4da2bf11ab1d5e318,2025-09-02T16:00:00.000Z,The Lucky Draw Weekly #17,108,True,True,108,104,0.9629629629629629,PTCGL,Insight Astronomy 
2025-09-01_2025-09-30,68b19003827e9d163f831f82,2025-09-02T23:00:00.000Z,The Lucky Draw Weekly #18,140,True,True,140,132,0.9428571428571428,PTCGL,Insight Astronomy 
2025-09-01_2025-09-30,68b1ccbd827e9d163f8320f7,2025-09-08T16:10:00.000Z,🏆Moujii's Dojo🏆 (Late Registration Available!),198,False,False,,,,,
2025-09-01_2025-09-30,68b42b39827e9d163f833aa7,2025-09-13T17:05:00.000Z,Jester's Weekly Casual #24: Happy Birthday Jester!,84,False,False,,,,,
2025-09-01_2025-09-30,68b42b6ada2bf11ab1d5fed0,2025-09-20T17:05:00.000Z,Jester's Monthly Challenge [Sep'25]: No IDs Here!,118,True,True,118,116,0.9830508474576272,PTCGL,JesterTCG
2025-09-01_2025-09-30,68b42bd1827e9d163f833aa9,2025-09-27T17:05:00.000Z,Jester's Weekly Casual #25 - A Mega Event!,82,True,True,82,78,0.9512195121951219,PTCGL,JesterTCG
2025-09-01_2025-09-30,68b48018da2bf11ab1d6028e,2025-09-02T23:35:00.000Z,LastPrize Series #3 Titans Rivals (100 Codes),92,True,True,92,89,0.967391304347826,PTCGL,PokeArena
2025-09-01_2025-09-30,68b48109827e9d163f833f0e,2025-09-01T01:00:00.000Z,SMG Nightly Standard,92,True,True,92,86,0.9347826086956522,PTCGL,Snowy Mountain Guild
2025-09-01_2025-09-30,68b4c74d827e9d163f83420a,2025-09-01T18:00:00.000Z,PumpkaWeekly,247,True,True,247,240,0.97165991902834,PTCGL,The Dice Town League
2025-09-01_2025-09-30,68b50244827e9d163f8344e1,2025-09-03T23:35:00.000Z,⭐IMPULSE Mid Week Increased Prize Support!,179,True,True,179,177,0.9888268156424581,PTCGL,Impulse
2025-09-01_2025-09-30,68b5f654827e9d163f834aec,2025-09-02T19:00:00.000Z,ASRcristiano # 80 - Testing for Frankfurt !,133,True,True,133,128,0.9624060150375939,PTCGL,ASRcristiano League
2025-09-01_2025-09-30,68b5f692da2bf11ab1d60f66,2025-09-03T19:00:00.000Z,ASRcristiano # 81 - Testing for Frankfurt !,129,True,True,129,128,0.9922480620155039,PTCGL,ASRcristiano League
2025-09-01_2025-09-30,68b5f6b0da2bf11ab1d60f73,2025-09-04T19:00:00.000Z,ASRcristiano # 82 - Testing for Frankfurt !,148,True,True,148,144,0.972972972972973,PTCGL,ASRcristiano League
2025-09-01_2025-09-30,68b5faf8da2bf11ab1d60fe2,2025-09-08T22:05:00.000Z,Sunny's Weekly #221 Pokémon Film Noir,186,False,False,,,,,
2025-09-01_2025-09-30,68b61e16da2bf11ab1d61246,2025-09-02T02:00:00.000Z,Card Temple Weekly Battles #28,97,True,True,97,95,0.979381443298969,PTCGL,Card Temple
2025-09-01_2025-09-30,68b70c79827e9d163f835202,2025-09-09T10:00:00.000Z,Rising Poke Japan Cup #19,51,False,False,,,,,
2025-09-01_2025-09-30,68b85b09827e9d163f835d4b,2025-09-12T14:00:00.000Z,Haven SG Great Ball League Scrim #01,60,False,False,,,,,
2025-09-01_2025-09-30,68baf266827e9d163f8370f1,2025-09-09T23:35:00.000Z,LastPrize Series #4 (100 Codes),61,False,False,,,,,
2025-09-01_2025-09-30,68bb0966da2bf11ab1d63802,2025-09-11T16:10:00.000Z,🏆Moujii's Dojo🏆 (Late Registration Available!),190,False,False,,,,,
2025-09-01_2025-09-30,68bb8d98827e9d163f8376ec,2025-09-26T22:30:00.000Z,Peladão da Baixada #154 • MEGA Evolution is ON,66,True,True,66,65,0.9848484848484849,PTCGL,Battle Factory & Poképauper BR
2025-09-01_2025-09-30,68bcbe31827e9d163f8381e5,2025-09-07T04:00:00.000Z,Saturday Midnight Mickey!,79,False,False,,,,,
2025-09-01_2025-09-30,68bd7034827e9d163f8386d9,2025-09-14T08:30:00.000Z,OTS Weekly Open 14Sep25 - 40 codes,53,False,False,,,,,
2025-09-01_2025-09-30,68bda33bda2bf11ab1d64e82,2025-09-08T18:00:00.000Z,PumpkaWeekly,163,False,False,,,,,
2025-09-01_2025-09-30,68be01e2da2bf11ab1d65277,2025-09-08T01:00:00.000Z,SMG Nightly Standard,84,False,False,,,,,
2025-09-01_2025-09-30,68be285ada2bf11ab1d65452,2025-09-16T23:35:00.000Z,LastPrize Series #5 (100 Codes),81,True,True,81,80,0.9876543209876543,PTCGL,PokeArena
2025-09-01_2025-09-30,68bef561827e9d163f8393e5,2025-09-09T19:00:00.000Z,ASRcristiano # 83 - Testing for Frankfurt !,181,False,False,,,,,
2025-09-01_2025-09-30,68bef5beda2bf11ab1d6575a,2025-09-11T19:00:00.000Z,ASRcristiano # 85 - Testing for Frankfurt !,113,False,False,,,,,
2025-09-01_2025-09-30,68bf02cada2bf11ab1d65840,2025-09-09T01:45:00.000Z,Card Temple Weekly Battles #29 Road to Regional,120,False,False,,,,,
2025-09-01_2025-09-30,68bf321d827e9d163f83970a,2025-09-17T13:00:00.000Z,MOSCO Masters S3: Pokemon TCG Live Tournament #5,53,True,True,53,52,0.9811320754716981,PTCGL,MOSCO
2025-09-01_2025-09-30,68bf4036da2bf11ab1d65bc7,2025-09-15T22:05:00.000Z,Sunny's Weekly #222 Steel City Showdown!,209,False,False,,,,,
2025-09-01_2025-09-30,68bf62e5827e9d163f8399ad,2025-09-15T16:10:00.000Z,🏆Moujii's Dojo🏆 (Late Registration Available!),148,False,False,,,,,
2025-09-01_2025-09-30,68bfb0afda2bf11ab1d66022,2025-09-09T16:00:00.000Z,The Lucky Draw Weekly #19,135,False,False,,,,,
2025-09-01_2025-09-30,68bfb0e7827e9d163f839c4e,2025-09-09T23:00:00.000Z,The Lucky Draw Weekly #20,109,False,False,,,,,
2025-09-01_2025-09-30,68c09c54da2bf11ab1d66575,2025-09-13T18:00:00.000Z,underground tcg live regional 20usd,57,False,False,,,,,
2025-09-01_2025-09-30,68c1846a827e9d163f83a888,2025-09-21T21:35:00.000Z,Mudkip Champions x Bwupsociety Series 1-1,164,True,True,164,161,0.9817073170731707,PTCGL,Mudkip's Den
2025-09-01_2025-09-30,68c1b0b7827e9d163f83a968,2025-09-11T01:00:00.000Z,Midnight Mickey 28 - House of Mouse,81,False,False,,,,,
2025-09-01_2025-09-30,68c340a1da2bf11ab1d6799d,2025-09-18T16:10:00.000Z,🏆Moujii's Dojo🏆 (Late Registration Available!),178,True,True,178,176,0.9887640449438202,PTCGL,Moujii's Dojo
2025-09-01_2025-09-30,68c380a6827e9d163f83b9a4,2025-09-19T00:00:00.000Z,Le Tournois Du DresseurPokeCharbie #79,71,True,False,,,,PTCGL,DresseurPokeCharbie
2025-09-01_2025-09-30,68c39d22827e9d163f83ba37,2025-09-17T23:30:00.000Z,Snipe The Bench Tournament #1 - Pittsburgh Prep!,157,True,True,157,154,0.9808917197452229,PTCGL,Snipe The Bench
2025-09-01_2025-09-30,68c45af3827e9d163f83bd84,2025-09-28T22:00:00.000Z,Mega Ditto! #1 (200 Codes),213,True,True,213,204,0.9577464788732394,PTCGL,Blue Ditto
2025-09-01_2025-09-30,68c71b5d827e9d163f83d153,2025-09-15T01:00:00.000Z,SMG Nightly Standard,63,False,False,,,,,
2025-09-01_2025-09-30,68c7eed3da2bf11ab1d6995f,2025-09-17T18:30:00.000Z,Rogues Tay x Rebel Vault - 50 code - Battle out,76,True,True,76,76,1.0,PTCGL,RoguesTay
2025-09-01_2025-09-30,68c816a3da2bf11ab1d699c5,2025-09-16T18:00:00.000Z,The Lucky Draw Weekly #21,102,False,False,,,,,
2025-09-01_2025-09-30,68c816d8827e9d163f83d5c6,2025-09-16T23:00:00.000Z,The Lucky Draw Weekly #22,130,True,True,130,127,0.9769230769230769,PTCGL,Insight Astronomy 
2025-09-01_2025-09-30,68c81ad7827e9d163f83d5d7,2025-09-16T02:00:00.000Z,🏛💫 Card Temple Weekly Battles #30,118,False,False,,,,,
2025-09-01_2025-09-30,68c86c27da2bf11ab1d69e61,2025-09-22T16:10:00.000Z,🏆Moujii's Dojo🏆 (Late Registration Available!),160,True,True,160,156,0.975,PTCGL,Moujii's Dojo
2025-09-01_2025-09-30,68c87510da2bf11ab1d69ef0,2025-09-22T22:05:00.000Z,Sunny's Weekly #223 New Beginnings!,177,True,True,177,175,0.9887005649717514,PTCGL,Sunny's Weekly
2025-09-01_2025-09-30,68c9f89f827e9d163f83e7bf,2025-09-18T19:00:00.000Z,ASRcristiano # 88 - Road to Gdansk !,113,True,True,113,111,0.9823008849557522,PTCGL,ASRcristiano League
2025-09-01_2025-09-30,68c9f8bfda2bf11ab1d6a8f6,2025-09-19T19:00:00.000Z,ASRcristiano # 89 - Road to Gdansk !,156,True,True,156,154,0.9871794871794872,PTCGL,ASRcristiano League
2025-09-01_2025-09-30,68ca0465827e9d163f83e86d,2025-09-23T23:35:00.000Z,LastPrize Series #6 (100 Codes),67,True,True,67,66,0.9850746268656716,PTCGL,LastPrizeTCG
2025-09-01_2025-09-30,68ca050eda2bf11ab1d6a97d,2025-09-30T23:35:00.000Z,LastPrize Series #7 (100 Codes),226,True,True,226,220,0.9734513274336283,PTCGL,LastPrizeTCG
2025-09-01_2025-09-30,68ccbb91da2bf11ab1d6bc7d,2025-09-26T00:00:00.000Z,Le Tournois Du DresseurPokeCharbie #80,57,True,False,,,,PTCGL,DresseurPokeCharbie
2025-09-01_2025-09-30,68cd8246f661e4a158ddd65e,2025-09-25T16:10:00.000Z,🏆Moujii's Dojo🏆 (Late Registration Available!),110,True,True,110,106,0.9636363636363636,PTCGL,Moujii's Dojo
2025-09-01_2025-09-30,68cd9761f661e4a158ddd728,2025-09-23T02:00:00.000Z,🏛💫 Card Temple Weekly Battles #31,113,True,True,113,110,0.9734513274336283,PTCGL,Card Temple
2025-09-01_2025-09-30,68d01eacf661e4a158ddecfe,2025-09-22T18:00:00.000Z,Pumpkaweekly,145,True,True,145,142,0.9793103448275862,PTCGL,The Dice Town League
2025-09-01_2025-09-30,68d0cce4f661e4a158ddf39a,2025-09-27T00:00:00.000Z,BZGC Online🔥 - LVL. 28 ~ Zooming Draw,82,True,True,82,77,0.9390243902439024,PTCGL,BattleZone GC Online
2025-09-01_2025-09-30,68d1b4567a2c388893cab18b,2025-09-29T22:05:00.000Z,Sunny's Weekly #224 Mega Evolved!,245,True,True,245,240,0.9795918367346939,PTCGL,Sunny's Weekly
2025-09-01_2025-09-30,68d22dcef661e4a158ddfc14,2025-09-23T23:00:00.000Z,The Lucky Draw Weekly #23,83,True,True,83,83,1.0,PTCGL,Insight Astronomy 
2025-09-01_2025-09-30,68d22e0cf661e4a158ddfc15,2025-09-24T16:00:00.000Z,The Lucky Draw Weekly #24,103,True,True,103,102,0.9902912621359223,PTCGL,Insight Astronomy 
2025-09-01_2025-09-30,68d27fef7a2c388893cab5eb,2025-09-24T19:00:00.000Z,ASRcristiano # 90 - Road to Gdansk !,96,True,True,96,96,1.0,PTCGL,ASRcristiano League
2025-09-01_2025-09-30,68d28018f661e4a158ddfca6,2025-09-25T19:00:00.000Z,ASRcristiano # 91 - Road to Gdansk !,132,True,False,,,,PTCGL,ASRcristiano League
2025-09-01_2025-09-30,68d28037f661e4a158ddfca8,2025-09-26T19:00:00.000Z,ASRcristiano # 92 - Road to Gdansk !,150,True,False,,,,PTCGL,ASRcristiano League
2025-09-01_2025-09-30,68d310ea7a2c388893cab97a,2025-09-29T16:10:00.000Z,🏆Moujii's Dojo🏆 (Late Registration Available!),223,True,True,223,217,0.9730941704035875,PTCGL,Moujii's Dojo
2025-09-01_2025-09-30,68d4663f7a2c388893cac2af,2025-09-26T04:00:00.000Z,Midnight Mickey 31 - Mega Mickey!,85,True,False,,,,PTCGL,Tension PTCG
2025-09-01_2025-09-30,68d46e8c7a2c388893cac2f9,2025-09-27T22:05:00.000Z,MEGA Redacted #1 (100 Codes),127,True,True,127,122,0.9606299212598425,PTCGL,Redacted Gaming
2025-09-01_2025-09-30,68d470077a2c388893cac2fe,2025-09-27T23:30:00.000Z,MEGA Redacted 2nd Chance #1 (50 Codes),99,True,True,99,95,0.9595959595959596,PTCGL,Redacted Gaming
2025-09-01_2025-09-30,68d4989df661e4a158de09a1,2025-09-28T21:35:00.000Z,Mudkip Champions Special Series 1-2,75,True,True,75,71,0.9466666666666667,PTCGL,Mudkip's Den
2025-09-01_2025-09-30,68d96c537a2c388893cae8d6,2025-09-29T18:00:00.000Z,Pumpkaweekly,157,True,True,157,153,0.9745222929936306,PTCGL,The Dice Town League
2025-09-01_2025-09-30,68d9a4ec7a2c388893caec92,2025-09-29T03:00:00.000Z,Midnight Mickey 32 - Abyssal Flames,75,True,True,75,73,0.9733333333333334,PTCGL,Tension PTCG
2025-09-01_2025-09-30,68dabe317a2c388893caf46b,2025-09-30T02:10:00.000Z,🏛💫 Card Temple Weekly Battles #32,104,True,True,104,100,0.9615384615384616,PTCGL,Card Temple
2025-10-01_2025-10-31,684f4076c4596e812235cf9b,2025-10-21T15:00:00.000Z,Gray's PokéLeague - Champion's Road #29,145,True,True,145,143,0.9862068965517241,PTCGL,Gray's PokéLeague
2025-10-01_2025-10-31,6859829d27d8bc24cf259bfe,2025-10-07T15:00:00.000Z,Gray's PokéLeague - Mega Evolution Special,149,False,False,,,,,
2025-10-01_2025-10-31,687a33bb3e7086bfd3b9952c,2025-10-03T16:05:00.000Z,Turtwig Den Revival Series Regional 1,76,True,True,76,74,0.9736842105263158,PTCGL,DabbingUkranian
2025-10-01_2025-10-31,68bad414da2bf11ab1d6370b,2025-10-17T16:05:00.000Z,Turtwig Den Revival Series Challenge 10,88,True,True,88,88,1.0,PTCGL,DabbingUkranian
2025-10-01_2025-10-31,68bad4db827e9d163f837064,2025-10-24T16:05:00.000Z,Turtwig Den Revival Series Challenge 11,55,True,True,55,55,1.0,PTCGL,DabbingUkranian
2025-10-01_2025-10-31,68bad4f5827e9d163f837065,2025-10-31T16:05:00.000Z,Turtwig Den Revival Series Challenge 12,63,False,False,,,,,
2025-10-01_2025-10-31,68bffc6eda2bf11ab1d660e5,2025-10-03T22:00:00.000Z,The Lucky Draw Quarterly Qualifier,64,True,False,,,,PTCGL,Insight Astronomy 
2025-10-01_2025-10-31,68caf571827e9d163f83ec66,2025-10-01T13:00:00.000Z,MOSCO Masters S3: Pokemon TCG Live Tournament #7,52,True,True,52,51,0.9807692307692307,PTCGL,MOSCO
2025-10-01_2025-10-31,68cce1c8827e9d163f83fb28,2025-10-21T16:05:00.000Z,Inverse Meta Tournament (200 PTCGL code pool),72,True,True,72,70,0.9722222222222222,PTCGL,DabbingUkranian
2025-10-01_2025-10-31,68cf02c1f661e4a158dde622,2025-10-04T02:35:00.000Z,TOURNAMENT OF DOOM! PIZZA FAN CLUB!,355,False,False,,,,,
2025-10-01_2025-10-31,68cf0541f661e4a158dde640,2025-10-11T02:35:00.000Z,TOURNAMENT OF DOOM! MOOD IS DOOM BACKWARDS,237,False,False,,,,,
2025-10-01_2025-10-31,68cf05a8f661e4a158dde641,2025-10-18T02:35:00.000Z,TOURNAMENT OF DOOM! WHERE IS MY CAR KEYS!?!?,256,True,True,256,252,0.984375,PTCGL,Doom's Events and Catering
2025-10-01_2025-10-31,68cf05e2f661e4a158dde643,2025-10-25T03:15:00.000Z,TOURNAMENT OF DOOM! BIRD OR MONKEY?,258,True,True,258,253,0.9806201550387597,PTCGL,Doom's Events and Catering
2025-10-01_2025-10-31,68cf089a7a2c388893caa0b7,2025-10-08T03:35:00.000Z,CHALLENGE OF DOOM! BRING BACK FAIRY ENERGY!,64,False,False,,,,,
2025-10-01_2025-10-31,68cf08f07a2c388893caa0b8,2025-10-22T03:35:00.000Z,CHALLENGE OF DOOM! COSTCO?,64,True,True,64,62,0.96875,PTCGL,Doom's Events and Catering
2025-10-01_2025-10-31,68d17586f661e4a158ddf596,2025-10-02T22:00:00.000Z,Snipe The Bench MEGA Tournament! (Banned Cards),50,True,False,,,,PTCGL,Snipe The Bench
2025-10-01_2025-10-31,68d47399f661e4a158de08a0,2025-10-04T22:05:00.000Z,MEGA Redacted #2 (100 Codes),58,False,False,,,,,
2025-10-01_2025-10-31,68d473a77a2c388893cac31d,2025-10-11T22:05:00.000Z,MEGA Redacted #3 (100 Codes),164,False,False,,,,,
2025-10-01_2025-10-31,68d473af7a2c388893cac31f,2025-10-18T22:05:00.000Z,MEGA Redacted #4 (100 Codes),184,True,True,184,180,0.9782608695652174,PTCGL,Redacted Gaming
2025-10-01_2025-10-31,68d473bcf661e4a158de08a1,2025-10-25T22:05:00.000Z,MEGA Redacted #5 (100 Codes),114,True,True,114,110,0.9649122807017544,PTCGL,Redacted Gaming
2025-10-01_2025-10-31,68d47649f661e4a158de08b6,2025-10-04T23:30:00.000Z,MEGA Redacted 2nd Chance #2 (50 Codes),82,False,False,,,,,
2025-10-01_2025-10-31,68d4765af661e4a158de08b8,2025-10-11T23:30:00.000Z,MEGA Redacted 2nd Chance #3 (50 Codes),72,False,False,,,,,
2025-10-01_2025-10-31,68d47665f661e4a158de08b9,2025-10-18T23:30:00.000Z,MEGA Redacted 2nd Chance #4 (50 Codes),91,True,True,91,89,0.978021978021978,PTCGL,Redacted Gaming
2025-10-01_2025-10-31,68d47671f661e4a158de08ba,2025-10-25T23:30:00.000Z,MEGA Redacted 2nd Chance #5 (50 Codes),63,True,True,63,62,0.9841269841269841,PTCGL,Redacted Gaming
2025-10-01_2025-10-31,68d49b837a2c388893cac47e,2025-10-05T22:00:00.000Z,Mega Ditto! #2 (100 Codes),240,False,False,,,,,
2025-10-01_2025-10-31,68d49bc7f661e4a158de09bb,2025-10-13T23:00:00.000Z,Mega Ditto! #3 (100 Codes),106,False,False,,,,,
2025-10-01_2025-10-31,68d49be3f661e4a158de09bc,2025-10-19T22:00:00.000Z,Mega Ditto! #4 (100 Codes),217,True,True,217,213,0.9815668202764977,PTCGL,Blue Ditto
2025-10-01_2025-10-31,68d49c067a2c388893cac47f,2025-10-26T22:00:00.000Z,Mega Ditto! #5 (100 Codes),192,True,True,192,187,0.9739583333333334,PTCGL,Blue Ditto
2025-10-01_2025-10-31,68d6d2157a2c388893cad157,2025-10-02T16:10:00.000Z,🏆Moujii's Dojo🏆 (Late Registration Available!),234,True,True,234,226,0.9658119658119658,PTCGL,Moujii's Dojo
2025-10-01_2025-10-31,68d95b12f661e4a158de2f36,2025-10-05T17:05:00.000Z,Jester's Weekly Casual #26 - Happy Spooky Month!,178,False,False,,,,,
2025-10-01_2025-10-31,68d9a2a0f661e4a158de32e1,2025-10-04T22:00:00.000Z,Poli's Poolhouse x TBG $150 CASH PRIZE MICKEY,353,False,False,,,,,
2025-10-01_2025-10-31,68daca257a2c388893caf54f,2025-10-03T14:00:00.000Z,Haven SG Great Ball League Scrim #02,90,True,True,90,88,0.9777777777777777,PTCGL,Haven SG
2025-10-01_2025-10-31,68daf0c9f661e4a158de3cd7,2025-10-06T22:05:00.000Z,Sunny's Weekly #225 Jungle Expedition!,237,False,False,,,,,
2025-10-01_2025-10-31,68daf8237a2c388893caf7cd,2025-10-10T16:00:00.000Z,Polskie Nocne Granie #7 Nowy Sezon,62,False,False,,,,,
2025-10-01_2025-10-31,68db1f2d7a2c388893cafa1e,2025-10-04T17:00:00.000Z,Ursiiday's PTCG Weekly • 400 USD Prize,758,False,False,,,,,
2025-10-01_2025-10-31,68db49ecf661e4a158de4088,2025-10-07T23:35:00.000Z,LastPrize Series #8 (100 Codes),69,False,False,,,,,
2025-10-01_2025-10-31,68dbd97e7a2c388893cafd27,2025-10-01T18:30:00.000Z,Rogues Tay x Rebel Vault - 50 code - Battle out,75,True,True,75,71,0.9466666666666667,PTCGL,RoguesTay
2025-10-01_2025-10-31,68dc0644f661e4a158de434d,2025-10-06T16:10:00.000Z,🏆Moujii's Dojo🏆 (Late Registration Available!),103,False,False,,,,,
2025-10-01_2025-10-31,68dd04c67a2c388893cb04bb,2025-10-01T19:00:00.000Z,ASRcristiano # 92 - MegaEvolution Legal!,87,True,True,87,85,0.9770114942528736,PTCGL,ASRcristiano League
2025-10-01_2025-10-31,68dd04fd7a2c388893cb04bc,2025-10-02T19:00:00.000Z,ASRcristiano # 93 - MegaEvolution Legal!,158,True,True,158,154,0.9746835443037974,PTCGL,ASRcristiano League
2025-10-01_2025-10-31,68dd0518f661e4a158de487c,2025-10-03T19:00:00.000Z,ASRcristiano # 94 - MegaEvolution Legal!,194,True,True,194,190,0.979381443298969,PTCGL,ASRcristiano League
2025-10-01_2025-10-31,68dd27407a2c388893cb0561,2025-10-01T22:00:00.000Z,AOB's MEGA Mickey! $250 CASH,467,True,True,467,463,0.9914346895074947,PTCGL,Alloutblitzle Events
2025-10-01_2025-10-31,68dd661f7a2c388893cb0783,2025-10-05T12:00:00.000Z,Tournoi amical LEAGUE canto N44°,59,False,False,,,,,
2025-10-01_2025-10-31,68dedcdff661e4a158de5bf0,2025-10-02T22:05:00.000Z,Darksiders TCG Live Midweek Mickey - 40 Codes!,65,True,True,65,60,0.9230769230769231,PTCGL,Darksiders TCG
2025-10-01_2025-10-31,68df21d27a2c388893cb175f,2025-10-14T23:35:00.000Z,LastPrize Series #9 (100 Codes),79,False,False,,,,,
2025-10-01_2025-10-31,68e144d5f661e4a158de6eee,2025-10-09T16:10:00.000Z,🏆Moujii's Dojo🏆 (Late Registration Available!),235,False,False,,,,,
2025-10-01_2025-10-31,68e18f877a2c388893cb31f5,2025-10-18T17:00:00.000Z,Ursiiday's PTCG Weekly #1 • 400 USD Prize,592,True,True,592,588,0.9932432432432432,PTCGL,Ursiiday
2025-10-01_2025-10-31,68e1a58cf661e4a158de7b57,2025-10-10T23:00:00.000Z,💥​Plantel Battle #16 💥​ 100 CODES ✔️​ TOP 8 ​,87,False,False,,,,,
2025-10-01_2025-10-31,68e1afe7f661e4a158de7c4e,2025-10-06T01:00:00.000Z,SMG Nightly Standard,129,False,False,,,,,
2025-10-01_2025-10-31,68e2d4467a2c388893cb3cfc,2025-10-06T18:00:00.000Z,Pumpkaweekly,274,False,False,,,,,
2025-10-01_2025-10-31,68e2f4e3f661e4a158de8ae0,2025-10-06T13:00:00.000Z,CARDHUB CHALLENGE Road to Lille,60,False,False,,,,,
2025-10-01_2025-10-31,68e3c1717a2c388893cb4419,2025-10-07T23:00:00.000Z,The Lucky Draw Weekly #25,183,False,False,,,,,
2025-10-01_2025-10-31,68e3c1adf661e4a158de8e43,2025-10-08T16:00:00.000Z,The Lucky Draw Weekly #26,122,False,False,,,,,
2025-10-01_2025-10-31,68e3cb94f661e4a158de8e8e,2025-10-12T17:00:00.000Z,Jester's Weekly Casual #27 - How You Doin'?,200,False,False,,,,,
2025-10-01_2025-10-31,68e3fe617a2c388893cb45f3,2025-10-08T22:10:00.000Z,AOB's MEGA Mickey #2 $300 CASH,454,False,False,,,,,
2025-10-01_2025-10-31,68e41c18f661e4a158de92d0,2025-10-13T22:05:00.000Z,Sunny's Weekly #226 Time Travelers!,167,False,False,,,,,
2025-10-01_2025-10-31,68e4485d7a2c388893cb4968,2025-10-13T16:10:00.000Z,🏆Moujii's Dojo🏆 (Late Registration Available!),239,False,False,,,,,
2025-10-01_2025-10-31,68e4660df661e4a158de9743,2025-10-10T19:00:00.000Z,ASRcristiano # 98 - MegaEvolution Legal!,193,False,False,,,,,
2025-10-01_2025-10-31,68e466297a2c388893cb4a98,2025-10-08T19:00:00.000Z,ASRcristiano # 96 - MegaEvolution Legal!,168,False,False,,,,,
2025-10-01_2025-10-31,68e4664e7a2c388893cb4a99,2025-10-09T19:00:00.000Z,ASRcristiano # 97 - MegaEvolution Legal!,161,False,False,,,,,
2025-10-01_2025-10-31,68e480407a2c388893cb4be5,2025-10-15T16:00:00.000Z,The Lucky Draw Weekly #27,176,False,False,,,,,
2025-10-01_2025-10-31,68e48089f661e4a158de982c,2025-10-14T23:00:00.000Z,The Lucky Draw Weekly #28,154,False,False,,,,,
2025-10-01_2025-10-31,68e480c67a2c388893cb4be6,2025-10-21T23:00:00.000Z,The Lucky Draw Weekly #29,155,True,True,155,151,0.9741935483870968,PTCGL,Insight Astronomy 
2025-10-01_2025-10-31,68e481107a2c388893cb4bf6,2025-10-22T16:00:00.000Z,The Lucky Draw Weekly #30,188,True,True,188,187,0.9946808510638298,PTCGL,Insight Astronomy 
2025-10-01_2025-10-31,68e48170f661e4a158de9833,2025-10-29T16:00:00.000Z,The Lucky Draw Weekly #32,127,True,True,127,125,0.984251968503937,PTCGL,Insight Astronomy 
2025-10-01_2025-10-31,68e4819f7a2c388893cb4bf8,2025-10-28T23:00:00.000Z,The Lucky Draw Weekly #31,138,True,True,138,134,0.9710144927536232,PTCGL,Insight Astronomy 
2025-10-01_2025-10-31,68e52fd0f661e4a158de9aed,2025-10-28T16:00:00.000Z,Gray's PokéLeague - Champion's Road #30,158,True,True,158,154,0.9746835443037974,PTCGL,Gray's PokéLeague
2025-10-01_2025-10-31,68e57855f661e4a158de9ced,2025-10-22T19:30:00.000Z,Bustard Tournament PREMIO BUSTINE DI LEGA,51,True,True,51,50,0.9803921568627451,PTCGL,JPretix
2025-10-01_2025-10-31,68e610887a2c388893cb555a,2025-10-08T13:00:00.000Z,CARDHUB CHALLENGE Road To Lille,52,False,False,,,,,
2025-10-01_2025-10-31,68e7ceea311e8c27717c39d9,2025-10-17T17:00:00.000Z,🇵🇱 Polish Playground Weekly #1🇵🇱,61,True,True,61,57,0.9344262295081968,PTCGL,syi0
2025-10-01_2025-10-31,68e8043b19d864a4aea4fe80,2025-10-16T16:10:00.000Z,🏆Moujii's Dojo🏆 (Late Registration Available!),188,False,False,,,,,
2025-10-01_2025-10-31,68e8b23037fd405fb6a7e319,2025-10-10T13:00:00.000Z,CARDHUB CHALLENGE Road To Lille,60,False,False,,,,,
2025-10-01_2025-10-31,68e94c9f37fd405fb6a7e5d7,2025-10-11T15:30:00.000Z,Rapid Strike Saturday League challenge #1,78,False,False,,,,,
2025-10-01_2025-10-31,68ebfd7737fd405fb6a7fd77,2025-10-13T18:00:00.000Z,Pumpkaweekly,174,False,False,,,,,
2025-10-01_2025-10-31,68ecab19e1791069afd1cb19,2025-10-13T13:00:00.000Z,CARDHUB CHALLENGE Road To Lille,54,False,False,,,,,
2025-10-01_2025-10-31,68ed643be1791069afd1d0c5,2025-10-20T22:05:00.000Z,Sunny's Weekly #227 Tord Reklev Appreciation Week!,250,True,True,250,242,0.968,PTCGL,Sunny's Weekly
2025-10-01_2025-10-31,68ed711be1791069afd1d16b,2025-10-15T22:05:00.000Z,AOB's MEGA Mickey #3 $150 CASH,370,False,False,,,,,
2025-10-01_2025-10-31,68ee62d824b8f37ae93c0a70,2025-10-20T16:10:00.000Z,🏆Moujii's Dojo🏆 (Late Registration Available!),241,True,True,241,237,0.983402489626556,PTCGL,Moujii's Dojo
2025-10-01_2025-10-31,68ee79f824b8f37ae93c0ae9,2025-10-15T19:00:00.000Z,ASRcristiano # 99 - MegaEvolution Legal!,129,False,False,,,,,
2025-10-01_2025-10-31,68ee7a1424b8f37ae93c0aeb,2025-10-16T19:00:00.000Z,ASRcristiano # 100 - MegaEvolution Legal!,131,True,True,131,131,1.0,PTCGL,ASRcristiano League
2025-10-01_2025-10-31,68ee7a33dd7011c665c38456,2025-10-17T19:00:00.000Z,ASRcristiano # 101 - MegaEvolution Legal!,172,True,True,172,171,0.9941860465116279,PTCGL,ASRcristiano League
2025-10-01_2025-10-31,68ee8e8724b8f37ae93c0b93,2025-10-16T22:00:00.000Z,Snipe The Bench AND Chef Husky's $50 Prize Pool,111,True,False,,,,PTCGL,Snipe The Bench
2025-10-01_2025-10-31,68eef417dd7011c665c38961,2025-10-17T23:10:00.000Z,#25 Torneo Vortex Squad,50,True,True,50,50,1.0,PTCGL,Vortex Squad
2025-10-01_2025-10-31,68ef37a3dd7011c665c38aab,2025-10-19T17:00:00.000Z,Jester's Weekly Casual #28 - Legends: Z-A Hype!,224,True,True,224,221,0.9866071428571429,PTCGL,JesterTCG
2025-10-01_2025-10-31,68efae8c24b8f37ae93c11fe,2025-10-29T13:00:00.000Z,MOSCO Masters S3: Pokemon TCG Live Tournament #10,52,True,True,52,51,0.9807692307692307,PTCGL,MOSCO
2025-10-01_2025-10-31,68efdb67dd7011c665c38e98,2025-10-19T12:00:00.000Z,Tournoi amical LEAGUE canto N45°,69,True,True,69,67,0.9710144927536232,PTCGL,LEAGUE Canto
2025-10-01_2025-10-31,68f05fc3dd7011c665c395b9,2025-10-21T23:35:00.000Z,LastPrize Series #10 No Top Cut (100 Codes),52,True,True,52,51,0.9807692307692307,PTCGL,LastPrizeTCG
2025-10-01_2025-10-31,68f2a07e24b8f37ae93c2843,2025-10-23T16:10:00.000Z,🏆Moujii's Dojo🏆 (Late Registration Available!),221,True,True,221,216,0.9773755656108597,PTCGL,Moujii's Dojo
2025-10-01_2025-10-31,68f3ca9edd7011c665c3ae57,2025-10-28T02:00:00.000Z,🏛💫 Card Temple Weekly Battles #35,144,True,True,144,138,0.9583333333333334,PTCGL,Card Temple
2025-10-01_2025-10-31,68f3f21cdd7011c665c3b3d8,2025-10-25T17:00:00.000Z,Ursiiday's PTCG HALLOWEEN SPECIAL • 400 USD Prize,408,True,True,408,401,0.9828431372549019,PTCGL,Ursiiday
2025-10-01_2025-10-31,68f549e6dd7011c665c3bf86,2025-10-20T18:00:00.000Z,Pumpkaweekly,201,True,True,201,197,0.9800995024875622,PTCGL,The Dice Town League
2025-10-01_2025-10-31,68f56a0b24b8f37ae93c4423,2025-10-22T18:30:00.000Z,Rogues tay x rebel vault 50 code prize pot,67,True,True,67,65,0.9701492537313433,PTCGL,RoguesTay
2025-10-01_2025-10-31,68f5729224b8f37ae93c4497,2025-10-20T02:00:00.000Z,Midnight Mickey Sunday yippeee,50,True,True,50,48,0.96,PTCGL,Tension PTCG
2025-10-01_2025-10-31,68f6533a24b8f37ae93c48c2,2025-10-26T18:00:00.000Z,Jester's Monthly Challenge [Oct'25],186,True,True,186,181,0.9731182795698925,PTCGL,JesterTCG
2025-10-01_2025-10-31,68f682f424b8f37ae93c4c30,2025-10-21T01:30:00.000Z,Midnight Mickey 35 - IT'S FREAKING MONDAY WOOO,86,True,True,86,83,0.9651162790697675,PTCGL,Tension PTCG
2025-10-01_2025-10-31,68f6a64ddd7011c665c3c958,2025-10-27T22:05:00.000Z,Sunny's Weekly #228 Cafe Sunny!,177,True,True,177,172,0.9717514124293786,PTCGL,Sunny's Weekly
2025-10-01_2025-10-31,68f6ce3edd7011c665c3cb94,2025-10-27T16:10:00.000Z,🏆Moujii's Dojo🏆 (Late Registration Available!),202,True,True,203,200,0.9852216748768473,PTCGL,Moujii's Dojo
2025-10-01_2025-10-31,68f6e6c2dd7011c665c3cc5b,2025-10-21T19:00:00.000Z,Lagoon crew tcg live tourney 10$usd,116,True,True,116,114,0.9827586206896551,PTCGL,Lagoon Crew
2025-10-01_2025-10-31,68f7bb01dd7011c665c3d093,2025-10-22T22:00:00.000Z,AOB's MEGA Mickey #4 $50 CASH,288,True,True,288,284,0.9861111111111112,PTCGL,Alloutblitzle Events
2025-10-01_2025-10-31,68f7d1b024b8f37ae93c5560,2025-10-23T23:30:00.000Z,TCGL #4 - UmbreonLeague,78,True,True,78,78,1.0,PTCGL,Umbreon League
2025-10-01_2025-10-31,68f8f89c24b8f37ae93c5ca5,2025-10-23T00:00:00.000Z,BZGC Online🔥 - LVL. 29 ~ Take,67,True,True,67,65,0.9701492537313433,PTCGL,BattleZone GC Online
2025-10-01_2025-10-31,68f9adf024b8f37ae93c6360,2025-10-24T02:00:00.000Z,Midnight Mickey 36 - ZA Week is over!,58,True,False,,,,PTCGL,Tension PTCG
2025-10-01_2025-10-31,68fa2dd824b8f37ae93c6425,2025-10-23T19:00:00.000Z,ASRcristiano # 102 - MegaEvolution Legal!,93,True,True,93,90,0.967741935483871,PTCGL,ASRcristiano League
2025-10-01_2025-10-31,68fa2dfa24b8f37ae93c6426,2025-10-24T19:00:00.000Z,ASRcristiano # 103 - MegaEvolution Legal!,139,True,True,139,135,0.9712230215827338,PTCGL,ASRcristiano League
2025-10-01_2025-10-31,68fa7bac24b8f37ae93c66c3,2025-10-30T16:10:00.000Z,🏆Moujii's Dojo🏆 (Late Registration Available!),171,False,False,,,,,
2025-10-01_2025-10-31,68fae888dd7011c665c3e9a1,2025-10-28T19:30:00.000Z,Darksiders Tune Up Tourny! Standard Legal Only,115,True,True,115,112,0.9739130434782609,PTCGL,Darksiders TCG
2025-10-01_2025-10-31,68fb4bc3dd7011c665c3ea7d,2025-10-27T19:00:00.000Z,Pumpkaweekly - NO Gengar or Diancie,176,True,True,176,171,0.9715909090909091,PTCGL,The Dice Town League
2025-10-01_2025-10-31,68fd0a7124b8f37ae93c790d,2025-10-28T23:35:00.000Z,LastPrize Series #11 No Top Cut (100 Codes),66,False,False,,,,,
2025-10-01_2025-10-31,68fe41be24b8f37ae93c81b1,2025-10-26T23:30:00.000Z,TCGL #5 - UmbreonLeague,60,True,True,60,59,0.9833333333333333,PTCGL,Umbreon League
2025-10-01_2025-10-31,69010a9c24b8f37ae93c9609,2025-10-30T23:30:00.000Z,TCGL #6 - UmbreonLeague,55,False,False,,,,,
2025-10-01_2025-10-31,69010e47dd7011c665c4141c,2025-10-30T22:30:00.000Z,$50 Prize Pool by Snipe the Bench AND Chef Husky,100,False,False,,,,,
2025-10-01_2025-10-31,6901e90f24b8f37ae93c9b3f,2025-10-29T20:00:00.000Z,ASRcristiano # 103 - Ready to Gdansk!,150,False,False,,,,,
2025-10-01_2025-10-31,6901e92cdd7011c665c41a5a,2025-10-30T20:00:00.000Z,ASRcristiano # 104 - Ready to Gdansk!,111,False,False,,,,,
2025-10-01_2025-10-31,690404d9dd7011c665c42a8a,2025-10-31T19:00:00.000Z,MID DAY MICKEY HALLOWEEN SPECIAL BOOO!,63,False,False,,,,,
2025-11-01_2025-11-30,68bad533827e9d163f837066,2025-11-07T17:05:00.000Z,Turtwig Den Revival Series Cup 3,65,False,False,,,,,
2025-11-01_2025-11-30,68c9a502da2bf11ab1d6a528,2025-11-17T16:00:00.000Z,Gray's PokéLeague - Phantasmal Flames Special,94,True,True,94,91,0.9680851063829787,PTCGL,Gray's PokéLeague
2025-11-01_2025-11-30,68cb839c827e9d163f83f39e,2025-11-14T22:30:00.000Z,Peladão da Baixada #159 • Phantasmal Flames is ON,50,True,True,50,48,0.96,PTCGL,Battle Factory & Poképauper BR
2025-11-01_2025-11-30,68cf077df661e4a158dde687,2025-11-01T02:35:00.000Z,TOURNAMENT OF DOOM! SPOOOOOKY!,190,False,False,,,,,
2025-11-01_2025-11-30,68cf09847a2c388893caa0bc,2025-11-08T03:35:00.000Z,TOURNAMENT OF DOOM! VEGAS BABY!,314,False,False,,,,,
2025-11-01_2025-11-30,68cf0a2b7a2c388893caa0c0,2025-11-05T04:35:00.000Z,CHALLENGE OF DOOM! SLOTS OR BLACKJACK?,64,False,False,,,,,
2025-11-01_2025-11-30,68dff1177a2c388893cb1a77,2025-11-14T17:05:00.000Z,Turtwig Den Revival Series Challenge 13,56,True,False,,,,PTCGL,DabbingUkranian
2025-11-01_2025-11-30,68dff21c7a2c388893cb1a95,2025-11-21T17:05:00.000Z,Turtwig Den Revival Series Challenge 14,59,True,True,59,56,0.9491525423728814,PTCGL,DabbingUkranian
2025-11-01_2025-11-30,68dff2447a2c388893cb1a98,2025-11-28T17:05:00.000Z,Turtwig Den Revival Series Challenge 15,90,True,True,90,87,0.9666666666666667,PTCGL,DabbingUkranian
2025-11-01_2025-11-30,68e5306f7a2c388893cb4e2e,2025-11-04T16:00:00.000Z,Gray's PokéLeague - Champion's Road #31,109,False,False,,,,,
2025-11-01_2025-11-30,68f6531add7011c665c3c440,2025-11-02T18:00:00.000Z,Jester's Weekly Casual #29,162,False,False,,,,,
2025-11-01_2025-11-30,68fbf1b1dd7011c665c3eed2,2025-11-01T20:05:00.000Z,underground & darksiders live regional 50$usd,199,False,False,,,,,
2025-11-01_2025-11-30,68fe499524b8f37ae93c823a,2025-11-22T03:35:00.000Z,TOURNAMENT OF DOOM! LOST ALL MY MONEY IN VEGAS!,253,True,True,253,247,0.9762845849802372,PTCGL,Doom's Events and Catering
2025-11-01_2025-11-30,68fe4bcc24b8f37ae93c8245,2025-11-29T03:35:00.000Z,TOURNAMENT OF DOOM! ICE BIRD!,320,True,True,320,309,0.965625,PTCGL,Doom's Events and Catering
2025-11-01_2025-11-30,68fe4d3fdd7011c665c4001d,2025-11-26T04:35:00.000Z,CHALLENGE OF DOOM! STARES INTO THE HORIZON!,128,True,True,128,123,0.9609375,PTCGL,Doom's Events and Catering
2025-11-01_2025-11-30,68ff950b24b8f37ae93c8a6c,2025-11-03T17:10:00.000Z,🏆Moujii's Dojo🏆 (Late Registration Available!),169,False,False,,,,,
2025-11-01_2025-11-30,68ff9db324b8f37ae93c8b19,2025-11-27T17:00:00.000Z,Pokemon TCG TOPDECK FUN LEAGUE Online #13,107,True,True,107,104,0.9719626168224299,PTCGL,Pokemon TCG Fun League
2025-11-01_2025-11-30,68ffc9cd24b8f37ae93c8d90,2025-11-03T23:05:00.000Z,Sunny's Weekly #229 Gold Mine Adventures,160,False,False,,,,,
2025-11-01_2025-11-30,690290eadd7011c665c41ffe,2025-11-05T20:00:00.000Z,BUSTARD TOURNAMENT,133,False,False,,,,,
2025-11-01_2025-11-30,69036a60dd7011c665c42283,2025-11-01T22:05:00.000Z,MEGA Redacted #6 (150 Codes),59,False,False,,,,,
2025-11-01_2025-11-30,69036aa024b8f37ae93ca372,2025-11-08T23:05:00.000Z,MEGA Redacted #7 (100 Codes),132,False,False,,,,,
2025-11-01_2025-11-30,69036adadd7011c665c42284,2025-11-15T23:05:00.000Z,MEGA Redacted #8 (100 Codes),162,True,True,162,156,0.9629629629629629,PTCGL,Redacted Gaming
2025-11-01_2025-11-30,69036bb924b8f37ae93ca375,2025-11-22T23:05:00.000Z,MEGA Redacted #9 (100 Codes),120,True,True,120,116,0.9666666666666667,PTCGL,Redacted Gaming
2025-11-01_2025-11-30,69036be924b8f37ae93ca377,2025-11-29T23:05:00.000Z,MEGA Redacted #10 (100 Codes),217,True,True,217,209,0.9631336405529954,PTCGL,Redacted Gaming
2025-11-01_2025-11-30,69036c1add7011c665c42289,2025-11-01T23:30:00.000Z,MEGA Redacted 2nd Chance #6 (50 Codes),75,False,False,,,,,
2025-11-01_2025-11-30,69036c52dd7011c665c4228b,2025-11-09T00:30:00.000Z,MEGA Redacted 2nd Chance #7 (50 Codes),110,False,False,,,,,
2025-11-01_2025-11-30,69036c9124b8f37ae93ca37a,2025-11-16T00:30:00.000Z,MEGA Redacted 2nd Chance #8 (50 Codes),72,True,True,72,69,0.9583333333333334,PTCGL,Redacted Gaming
2025-11-01_2025-11-30,69036ccc24b8f37ae93ca37c,2025-11-23T00:30:00.000Z,MEGA Redacted 2nd Chance #9 (50 Codes),82,True,True,82,80,0.975609756097561,PTCGL,Redacted Gaming
2025-11-01_2025-11-30,69036ee324b8f37ae93ca385,2025-11-30T00:30:00.000Z,MEGA Redacted 2nd Chance #10 (50 Codes),92,True,True,92,91,0.9891304347826086,PTCGL,Redacted Gaming
2025-11-01_2025-11-30,69048692fde2eb785721a2bf,2025-11-06T17:10:00.000Z,🏆Moujii's Dojo🏆 (Late Registration Available!),175,False,False,,,,,
2025-11-01_2025-11-30,69055a7dc154114e5abac1ab,2025-11-02T23:00:00.000Z,Mega Ditto! #6 (100 Codes),181,False,False,,,,,
2025-11-01_2025-11-30,69055ab4fde2eb785721a802,2025-11-16T23:00:00.000Z,Mega Ditto! #7 (100 Codes),145,True,True,145,140,0.9655172413793104,PTCGL,Blue Ditto
2025-11-01_2025-11-30,6908b3cbfde2eb785721cbc8,2025-11-04T02:00:00.000Z,🏛💫 Card Temple Weekly Battles #36,69,False,False,,,,,
2025-11-01_2025-11-30,69091640fde2eb785721d127,2025-11-10T23:05:00.000Z,Sunny's Weekly #230 Knights of Pokémon,103,False,False,,,,,
2025-11-01_2025-11-30,690934fdfde2eb785721d3e4,2025-11-05T00:00:00.000Z,The Lucky Draw Weekly #33,134,False,False,,,,,
2025-11-01_2025-11-30,6909ad87fde2eb785721d75b,2025-11-08T18:00:00.000Z,🇵🇱 Polish Playground Weekly #4 🇵🇱,69,False,False,,,,,
2025-11-01_2025-11-30,6909d3c6c154114e5abae94a,2025-11-10T17:10:00.000Z,🏆Moujii's Dojo🏆 (Late Registration Available!),183,False,False,,,,,
2025-11-01_2025-11-30,690a6dddc154114e5abaecdc,2025-11-07T00:30:00.000Z,TCGL #8 - UmbreonLeague,97,False,False,,,,,
2025-11-01_2025-11-30,690cb66dfde2eb785721ee2e,2025-11-06T20:00:00.000Z,ASRcristiano # 105 - Test for Stuttgart,90,False,False,,,,,
2025-11-01_2025-11-30,690cca40fde2eb785721ee74,2025-11-13T17:10:00.000Z,🏆Moujii's Dojo🏆 (Late Registration Available!),134,True,True,134,131,0.9776119402985075,PTCGL,Moujii's Dojo
2025-11-01_2025-11-30,690d2289c154114e5abb0480,2025-11-09T16:00:00.000Z,Cypher Circuit Series 1,73,False,False,,,,,
2025-11-01_2025-11-30,690d8ec1b11d3f5498bb7a79,2025-11-08T20:05:00.000Z,Darksiders Last Chance Vegas WarmUp 100$ +50 Codes,264,False,False,,,,,
2025-11-01_2025-11-30,690d9c7852eafbbc81168a61,2025-11-09T18:00:00.000Z,Jester's Weekly Casual #30,218,False,False,,,,,
2025-11-01_2025-11-30,690def78b11d3f5498bb7b55,2025-11-07T20:00:00.000Z,ASRcristiano # 106 - Test for Stuttgart,107,False,False,,,,,
2025-11-01_2025-11-30,690fba1a52eafbbc8116a3cc,2025-11-11T00:15:00.000Z,The Smart Series #5 Charity Event $750 prize pool,775,False,False,,,,,
2025-11-01_2025-11-30,6910cc07b11d3f5498bb9e52,2025-11-10T00:30:00.000Z,TCGL #9 - UmbreonLeague,132,False,False,,,,,
2025-11-01_2025-11-30,6910eae8b11d3f5498bba119,2025-11-10T03:00:00.000Z,MIDNIGHT MICKEY POP UP WOOHOO!!!,68,False,False,,,,,
2025-11-01_2025-11-30,6910fe97b11d3f5498bba32b,2025-11-10T19:00:00.000Z,Pumpkaweekly,121,False,False,,,,,
2025-11-01_2025-11-30,691122f2b11d3f5498bba526,2025-11-12T00:00:00.000Z,The Lucky Draw Weekly #35,176,False,False,,,,,
2025-11-01_2025-11-30,69112339b11d3f5498bba532,2025-11-12T17:00:00.000Z,The Lucky Draw Weekly #36,102,False,False,,,,,
2025-11-01_2025-11-30,6911e8dd52eafbbc8116baa0,2025-11-12T20:00:00.000Z,ASRcristiano # 107 - Test for Stuttgart,126,False,False,,,,,
2025-11-01_2025-11-30,6911e8feb11d3f5498bba912,2025-11-13T20:00:00.000Z,ASRcristiano # 108 - Test for Stuttgart,102,True,True,102,98,0.9607843137254902,PTCGL,ASRcristiano League
2025-11-01_2025-11-30,6911e91bb11d3f5498bba914,2025-11-14T20:00:00.000Z,ASRcristiano # 109 - Phantasmal Flames Legal!,159,True,True,159,156,0.9811320754716981,PTCGL,ASRcristiano League
2025-11-01_2025-11-30,6911f3f5b11d3f5498bba948,2025-11-11T02:00:00.000Z,🏛💫 Card Temple Weekly Battles #37,62,False,False,,,,,
2025-11-01_2025-11-30,69124b0db11d3f5498bbaece,2025-11-17T23:05:00.000Z,Sunny's Weekly #231 Capoeira Club,184,True,True,184,178,0.967391304347826,PTCGL,Sunny's Weekly
2025-11-01_2025-11-30,691254ad52eafbbc8116c1cc,2025-11-12T23:00:00.000Z,AOB's MEGA Mickey #5 $50 CASH,276,False,False,,,,,
2025-11-01_2025-11-30,6912ddfdb11d3f5498bbbb21,2025-11-14T03:00:00.000Z,PHANTASMAL TOURNAMENT FIRST ONE!!!,53,True,False,,,,PTCGL,Tension PTCG
2025-11-01_2025-11-30,69137588b11d3f5498bbbd4d,2025-11-17T17:10:00.000Z,🏆Moujii's Dojo🏆 (Late Registration Available!),133,True,True,133,130,0.9774436090225563,PTCGL,Moujii's Dojo
2025-11-01_2025-11-30,6914f279b11d3f5498bbcca1,2025-11-26T20:00:00.000Z,BUSTARD TOURNAMENT #3,133,True,True,133,128,0.9624060150375939,PTCGL,JPretix
2025-11-01_2025-11-30,6915e4aa52eafbbc8116e4da,2025-11-20T17:10:00.000Z,🏆Moujii's Dojo🏆 (Late Registration Available!),152,True,True,152,149,0.9802631578947368,PTCGL,Moujii's Dojo
2025-11-01_2025-11-30,69163d54b11d3f5498bbd8f3,2025-11-14T00:30:00.000Z,TCGL #11 - UmbreonLeague,51,True,True,51,49,0.9607843137254902,PTCGL,Umbreon League
2025-11-01_2025-11-30,6916e0d2b11d3f5498bbdfb8,2025-11-16T18:00:00.000Z,Jester's Weekly Casual #31 - Phantasmal Flames 👍,173,True,True,173,165,0.953757225433526,PTCGL,JesterTCG
2025-11-01_2025-11-30,69172e5fb11d3f5498bbe079,2025-11-15T00:00:00.000Z,BZGC Online🔥 - LVL. 30 ~ Road to Laic,53,True,True,53,51,0.9622641509433962,PTCGL,BattleZone GC Online
2025-11-01_2025-11-30,69179ac0b11d3f5498bbe696,2025-11-15T03:35:00.000Z,TOURNAMENT OF NOT DOOM ?,86,True,True,86,82,0.9534883720930233,PTCGL,Tension PTCG
2025-11-01_2025-11-30,69179e8b52eafbbc8116f63e,2025-11-19T00:35:00.000Z,LastPrize Series #14 No Top Cut (100 Codes),161,True,True,161,157,0.9751552795031055,PTCGL,LastPrizeTCG
2025-11-01_2025-11-30,691a6a8eb11d3f5498bc097f,2025-11-17T19:00:00.000Z,Pumpkaweekly,105,True,True,105,102,0.9714285714285714,PTCGL,The Dice Town League
2025-11-01_2025-11-30,691b86e052eafbbc81171f56,2025-11-24T23:05:00.000Z,Sunny's Weekly #232 Touching Grass,256,True,True,256,249,0.97265625,PTCGL,Sunny's Weekly
2025-11-01_2025-11-30,691c8d12b11d3f5498bc19e2,2025-11-20T20:00:00.000Z,ASRcristiano # 110 - Phantasmal Flames Legal!,128,True,True,128,124,0.96875,PTCGL,ASRcristiano League
2025-11-01_2025-11-30,691cd12db11d3f5498bc1bd3,2025-11-21T23:00:00.000Z,BlazikenTCG online series: #1,73,True,True,73,70,0.958904109589041,PTCGL,BlazikenTCG
2025-11-01_2025-11-30,691dddd752eafbbc811731b7,2025-11-20T23:30:00.000Z,Snipe The Bench AND Chef Husky's $50 Prize Pool,118,True,False,,,,PTCGL,Snipe The Bench
2025-11-01_2025-11-30,691e4bc6b11d3f5498bc2731,2025-11-20T01:40:00.000Z,Midnight Mickey POP UP!,88,True,True,88,84,0.9545454545454546,PTCGL,Tension PTCG
2025-11-01_2025-11-30,691e787e52eafbbc8117375b,2025-11-23T21:05:00.000Z,Darksiders Weekender #1 Tourny  - 50 Codes,143,True,True,143,138,0.965034965034965,PTCGL,Darksiders TCG
2025-11-01_2025-11-30,692001e4b11d3f5498bc3954,2025-11-22T18:00:00.000Z,Jester's Monthly Challenge (Nov 25),119,True,True,119,111,0.9327731092436975,PTCGL,JesterTCG
2025-11-01_2025-11-30,6923043852eafbbc81176550,2025-11-23T23:05:00.000Z,MEGA Redacted Open Cup,134,True,True,134,127,0.9477611940298507,PTCGL,Redacted Gaming
2025-11-01_2025-11-30,6923348b52eafbbc81176700,2025-11-24T19:00:00.000Z,Pumpkaweekly,244,True,True,244,235,0.9631147540983607,PTCGL,The Dice Town League
2025-11-01_2025-11-30,69235427b11d3f5498bc5d28,2025-11-28T18:30:00.000Z,🇵🇱 Polish Playground Weekly #7 🇵🇱,59,True,True,59,57,0.9661016949152542,PTCGL,syi0
2025-11-01_2025-11-30,6923a81f52eafbbc81176e61,2025-11-27T00:35:00.000Z,LAST PRIZE SERIES #15 - $225 USD - TOP 8 PF LEGAL,522,True,True,522,515,0.9865900383141762,PTCGL,LastPrizeTCG
2025-11-01_2025-11-30,692419bc52eafbbc811770a8,2025-11-30T18:00:00.000Z,Jester's Weekly Casual #32 - Stuttgart AfterParty!,174,True,True,174,168,0.9655172413793104,PTCGL,JesterTCG
2025-11-01_2025-11-30,69247f8ab11d3f5498bc67c1,2025-11-25T02:00:00.000Z,🏛💫 Card Temple Weekly Battles #38,100,True,True,100,98,0.98,PTCGL,Card Temple
2025-11-01_2025-11-30,69257f6252eafbbc81177f9d,2025-11-25T21:00:00.000Z,BBL - Rapid Rounds #3,98,True,True,98,97,0.9897959183673469,PTCGL,The Berlin Battle League TCG
2025-11-01_2025-11-30,6925a172b11d3f5498bc7261,2025-11-26T00:00:00.000Z,The Lucky Draw Weekly #37,117,True,True,117,115,0.9829059829059829,PTCGL,Insight Astronomy 
2025-11-01_2025-11-30,6925a1abb11d3f5498bc7262,2025-11-26T17:00:00.000Z,The Lucky Draw Weekly #38,140,True,True,140,135,0.9642857142857143,PTCGL,Insight Astronomy 
2025-11-01_2025-11-30,692646a352eafbbc81178748,2025-11-26T00:30:00.000Z,Bak & Bak PokeLeague #30 - Backup Comp,94,True,True,94,93,0.9893617021276596,PTCGL,Bak & Bak PokeLab
2025-11-01_2025-11-30,6928aa3152eafbbc81179d71,2025-11-28T00:05:00.000Z,Redacted Thanksgiving Special! (200 Codes),134,True,True,134,131,0.9776119402985075,PTCGL,Redacted Gaming
2025-12-01_2025-12-31,68ceed687a2c388893ca9fb8,2025-12-13T22:30:00.000Z,Peladão da Baixada #161 • Phantom Blaze,76,False,False,,,,,
2025-12-01_2025-12-31,68e481f6f661e4a158de9838,2025-12-30T23:00:00.000Z,The Lucky Draw Qualifier Q2,278,True,True,278,274,0.9856115107913669,PTCGL,Insight Astronomy 
2025-12-01_2025-12-31,68fe4c1724b8f37ae93c8246,2025-12-06T03:35:00.000Z,TOURNAMENT OF DOOM! CASH MONEY! ($200),602,False,False,,,,,
2025-12-01_2025-12-31,68fe4c60dd7011c665c40013,2025-12-13T03:35:00.000Z,TOURNAMENT OF DOOM! THUNDERBIRD!,378,False,False,,,,,
2025-12-01_2025-12-31,68fe4caedd7011c665c40018,2025-12-20T03:35:00.000Z,TOURNAMENT OF DOOM! SANTA!,340,True,True,340,330,0.9705882352941176,PTCGL,Doom's Events and Catering
2025-12-01_2025-12-31,68fe4cf3dd7011c665c4001a,2025-12-27T03:35:00.000Z,TOURNAMENT OF DOOM! RESOLVES TO DO SOMETHING!,275,True,True,275,266,0.9672727272727273,PTCGL,Doom's Events and Catering
2025-12-01_2025-12-31,68fe4e32dd7011c665c40024,2025-12-24T04:35:00.000Z,CHALLENGE OF DOOM! LUCKY DUCK!,64,True,True,64,63,0.984375,PTCGL,Doom's Events and Catering
2025-12-01_2025-12-31,69091d18fde2eb785721d21b,2025-12-12T17:05:00.000Z,Turtwig Den Revival Series Challenge 16,76,False,False,,,,,
2025-12-01_2025-12-31,69091d46c154114e5abae380,2025-12-19T17:05:00.000Z,Turtwig Den Revival Series Challenge 17,57,True,True,57,53,0.9298245614035088,PTCGL,DabbingUkranian
2025-12-01_2025-12-31,69091d5ec154114e5abae381,2025-12-26T17:05:00.000Z,Turtwig Den Revival Series Challenge 18,86,True,True,86,83,0.9651162790697675,PTCGL,DabbingUkranian
2025-12-01_2025-12-31,691cf82252eafbbc81172bac,2025-12-01T16:00:00.000Z,Gray's PokéLeague - Champion's Road #32,87,True,True,87,85,0.9770114942528736,PTCGL,Gray's PokéLeague
2025-12-01_2025-12-31,691debb3b11d3f5498bc23c2,2025-12-06T17:00:00.000Z,Polskie Nocne Granie #9 Ostatnie w tym roku,65,False,False,,,,,
2025-12-01_2025-12-31,6923537452eafbbc811769a4,2025-12-20T20:00:00.000Z,🎄 Leahly’s PTCG Tournament - Seasonal Edition 🎄,64,True,True,64,61,0.953125,PTCGL,Leahly's PTCG
2025-12-01_2025-12-31,6924cba2b11d3f5498bc6b7d,2025-12-01T23:05:00.000Z,Sunny's Weekly #233 Roller Derby,177,True,False,,,,PTCGL,Sunny's Weekly
2025-12-01_2025-12-31,6925e9b7b11d3f5498bc759f,2025-12-07T23:00:00.000Z,Mega Ditto! #8 (100 Codes),154,False,False,,,,,
2025-12-01_2025-12-31,6925e9eb52eafbbc81178289,2025-12-14T23:00:00.000Z,Mega Ditto! #9 (100 Codes),240,False,False,,,,,
2025-12-01_2025-12-31,6925ea47b11d3f5498bc75a7,2025-12-21T23:00:00.000Z,Mega Ditto! #10 (500 Codes),200,True,True,200,194,0.97,PTCGL,Blue Ditto
2025-12-01_2025-12-31,6925ea79b11d3f5498bc75a9,2025-12-28T22:59:00.000Z,Mega Ditto! #11 (100 Codes),275,True,True,275,268,0.9745454545454545,PTCGL,Blue Ditto
2025-12-01_2025-12-31,6929ec6d1b3b036ef6db521a,2025-12-01T17:10:00.000Z,🏆Moujii's Dojo🏆 (Late Registration Available!),115,True,True,115,107,0.9304347826086956,PTCGL,Moujii's Dojo
2025-12-01_2025-12-31,6929ed001b3b036ef6db5250,2025-12-04T17:10:00.000Z,🏆Moujii's Dojo🏆 (Late Registration Available!),172,False,False,,,,,
2025-12-01_2025-12-31,692a58981b3b036ef6db5720,2025-12-03T00:35:00.000Z,LastPrize Series #16 No Top Cut (100 Codes),88,False,False,,,,,
2025-12-01_2025-12-31,692b9706e12a3ec47627db28,2025-12-11T23:30:00.000Z,Pokémon Masters Online Tournament #1 - $25,102,False,False,,,,,
2025-12-01_2025-12-31,692d4766e12a3ec47627eb74,2025-12-01T19:00:00.000Z,Pumpkaweekly,141,True,True,141,136,0.9645390070921985,PTCGL,The Dice Town League
2025-12-01_2025-12-31,692db5cbe12a3ec47627ec86,2025-12-02T17:00:00.000Z,The Lucky Draw Weekly #39,114,False,False,,,,,
2025-12-01_2025-12-31,692db60ae12a3ec47627ec88,2025-12-03T00:00:00.000Z,The Lucky Draw Weekly #40,136,False,False,,,,,
2025-12-01_2025-12-31,692dd065e12a3ec47627eda7,2025-12-02T02:00:00.000Z,🏛💫 Card Temple Weekly Battles #39,107,False,False,,,,,
2025-12-01_2025-12-31,692e00091b3b036ef6db77a0,2025-12-08T23:05:00.000Z,Sunny's Weekly #234 Pyroars Incineroars & Bewears!,172,False,False,,,,,
2025-12-01_2025-12-31,692ebd54e12a3ec47627f524,2025-12-02T20:00:00.000Z,ASRcristiano # 111 - Road to EUIC!,138,False,False,,,,,
2025-12-01_2025-12-31,692ebd811b3b036ef6db7d57,2025-12-03T20:00:00.000Z,ASRcristiano # 112 - Road to EUIC!,160,False,False,,,,,
2025-12-01_2025-12-31,692ebda31b3b036ef6db7d58,2025-12-04T20:00:00.000Z,ASRcristiano # 113 - Road to EUIC!,143,False,False,,,,,
2025-12-01_2025-12-31,692ebdcee12a3ec47627f525,2025-12-05T20:00:00.000Z,ASRcristiano # 114 - Road to EUIC!,100,False,False,,,,,
2025-12-01_2025-12-31,692ec85d1b3b036ef6db7d79,2025-12-08T17:10:00.000Z,🏆Moujii's Dojo🏆 (Late Registration Available!),188,False,False,,,,,
2025-12-01_2025-12-31,692efefbe12a3ec47627f60e,2025-12-21T23:10:00.000Z,🏆Moujii's Dojo🏆 Late Night Special!🏆,58,True,True,58,57,0.9827586206896551,PTCGL,Moujii's Dojo
2025-12-01_2025-12-31,692f0c3b1b3b036ef6db7eb2,2025-12-07T18:00:00.000Z,Jester's Monthly Challenge (Dec 25),180,False,False,,,,,
2025-12-01_2025-12-31,693039ed1b3b036ef6db89a9,2025-12-07T15:00:00.000Z,Despedida del año League Challenge Domingo 07/12,58,False,False,,,,,
2025-12-01_2025-12-31,69304a6b1b3b036ef6db8a0c,2025-12-04T23:30:00.000Z,$50 Prize Pool by Snipe the Bench AND Chef Husky,102,False,False,,,,,
2025-12-01_2025-12-31,6930c5e0e12a3ec47628049f,2025-12-06T23:05:00.000Z,MEGA Redacted #11 (100 Codes),157,False,False,,,,,
2025-12-01_2025-12-31,6930c6431b3b036ef6db8f3e,2025-12-20T23:05:00.000Z,MEGA Redacted #12 (100 Codes),140,True,True,140,131,0.9357142857142857,PTCGL,Redacted Gaming
2025-12-01_2025-12-31,6930c66be12a3ec4762804a0,2025-12-27T23:10:00.000Z,MEGA Redacted LUCKY #13 (200 Codes),204,True,True,204,198,0.9705882352941176,PTCGL,Redacted Gaming
2025-12-01_2025-12-31,6930c8021b3b036ef6db8f45,2025-12-07T00:30:00.000Z,MEGA Redacted 2nd Chance #11 (50 Codes),90,False,False,,,,,
2025-12-01_2025-12-31,6930c8371b3b036ef6db8f46,2025-12-21T00:30:00.000Z,MEGA Redacted 2nd Chance #12 (50 Codes),80,True,True,80,77,0.9625,PTCGL,Redacted Gaming
2025-12-01_2025-12-31,6930c8661b3b036ef6db8f47,2025-12-28T00:30:00.000Z,MEGA Redacted 2nd Chance LUCKY #13 (100 Codes),121,True,True,121,119,0.9834710743801653,PTCGL,Redacted Gaming
2025-12-01_2025-12-31,6931abef1b3b036ef6db9250,2025-12-05T17:00:00.000Z,🦇Nachtwache Tournament #1 100 Codes Prizing🦇,115,False,False,,,,,
2025-12-01_2025-12-31,6931e3f61b3b036ef6db9551,2025-12-10T00:35:00.000Z,LastPrize Series #17 No Top Cut (100 Codes),89,False,False,,,,,
2025-12-01_2025-12-31,6931ed7be12a3ec476280d13,2025-12-09T16:00:00.000Z,Gray's PokéLeague - Champion's Road #33,94,False,False,,,,,
2025-12-01_2025-12-31,6932f30c1b3b036ef6db9c12,2025-12-10T20:00:00.000Z,BUSTARD TOURNAMENT #4,74,False,False,,,,,
2025-12-01_2025-12-31,693311da1b3b036ef6db9d71,2025-12-11T17:10:00.000Z,🏆Moujii's Dojo🏆 (Late Registration Available!),165,False,False,,,,,
2025-12-01_2025-12-31,6933bbabe12a3ec476281d7a,2025-12-09T17:00:00.000Z,The Lucky Draw Weekly #41,88,False,False,,,,,
2025-12-01_2025-12-31,6933bbf41b3b036ef6dba6b7,2025-12-10T00:00:00.000Z,The Lucky Draw Weekly #42,119,False,False,,,,,
2025-12-01_2025-12-31,69345a921b3b036ef6dbadad,2025-12-17T00:35:00.000Z,LastPrize Series #18 No Top Cut (100 Codes),68,True,True,68,65,0.9558823529411765,PTCGL,LastPrizeTCG
2025-12-01_2025-12-31,6935acdb1b3b036ef6dbc098,2025-12-08T19:00:00.000Z,Pumpkaweekly,157,False,False,,,,,
2025-12-01_2025-12-31,693616081b3b036ef6dbc7c6,2025-12-11T18:00:00.000Z,🦇Nachtwache Tournament #2 100 Codes Prizing🦇,54,False,False,,,,,
2025-12-01_2025-12-31,6936ec2e1b3b036ef6dbca68,2025-12-09T02:00:00.000Z,🏛💫 Card Temple Weekly Battles #40,104,False,False,,,,,
2025-12-01_2025-12-31,6936ec411b3b036ef6dbca69,2025-12-16T02:00:00.000Z,🏛💫 Card Temple Weekly Battles #41,98,True,True,98,94,0.9591836734693877,PTCGL,Card Temple
2025-12-01_2025-12-31,69371dcee12a3ec476283b05,2025-12-14T18:00:00.000Z,Jester's Quarter Cup! [Q4 2025],180,False,False,,,,,
2025-12-01_2025-12-31,6937409d1b3b036ef6dbcec5,2025-12-15T23:05:00.000Z,Sunny's Weekly #235 Magic Carpet Ride!,195,True,True,195,191,0.9794871794871794,PTCGL,Sunny's Weekly
2025-12-01_2025-12-31,69380a5ae12a3ec47628419a,2025-12-15T17:10:00.000Z,🏆Moujii's Dojo🏆 (Late Registration Available!),172,True,True,172,166,0.9651162790697675,PTCGL,Moujii's Dojo
2025-12-01_2025-12-31,69383fdb1b3b036ef6dbd4fa,2025-12-09T20:00:00.000Z,CARDHUB CHALLENGE,62,False,False,,,,,
2025-12-01_2025-12-31,69384083e12a3ec476284272,2025-12-10T23:00:00.000Z,AOB's MEGA Mickey #6 $50 CASH,307,False,False,,,,,
2025-12-01_2025-12-31,69389c2ce12a3ec476284686,2025-12-10T04:00:00.000Z,Midnight Mickey 42 - Hitchhiker's Guide to Mickey,59,False,False,,,,,
2025-12-01_2025-12-31,693978ade12a3ec476284ad2,2025-12-11T20:00:00.000Z,ASRcristiano # 115 - Road to EUIC!,103,False,False,,,,,
2025-12-01_2025-12-31,693978d5e12a3ec476284ad4,2025-12-12T20:00:00.000Z,ASRcristiano # 116 - Road to EUIC!,111,False,False,,,,,
2025-12-01_2025-12-31,693a01dae12a3ec476284f6e,2025-12-14T14:00:00.000Z,Cypher Circuit Series 3,109,False,False,,,,,
2025-12-01_2025-12-31,693b70771b3b036ef6dbee09,2025-12-16T22:00:00.000Z,🦇Nachtwache Tournament #3 100 Codes Prizing🦇,86,True,True,86,83,0.9651162790697675,PTCGL,Nachtwache Tournament
2025-12-01_2025-12-31,693b71b9e12a3ec4762859f2,2025-12-17T18:00:00.000Z,🦇Nachtwache Tournament #4 100 Codes Prizing🦇,150,True,True,150,148,0.9866666666666667,PTCGL,Nachtwache Tournament
2025-12-01_2025-12-31,693bb1f8e12a3ec476285b29,2025-12-26T19:35:00.000Z,Darksiders Boxing Day Bonanza! $200 USD+ 50 Codes,544,True,True,544,536,0.9852941176470589,PTCGL,Darksiders TCG
2025-12-01_2025-12-31,693c24401b3b036ef6dbf028,2025-12-16T00:00:00.000Z,SKY KINGDOM SERIES DECEMBER #2 200 CODES FOR TOP 4,126,True,True,126,124,0.9841269841269841,PTCGL,Sky Kingdom TCG
2025-12-01_2025-12-31,693c37ef1b3b036ef6dbf0f3,2025-12-18T17:10:00.000Z,🏆Moujii's Dojo🏆 (Late Registration Available!),139,True,True,139,134,0.9640287769784173,PTCGL,Moujii's Dojo
2025-12-01_2025-12-31,693c3884e12a3ec476285d25,2025-12-13T17:10:00.000Z,🏆Moujii's Dojo🏆 (Late Registration Available!),125,False,False,,,,,
2025-12-01_2025-12-31,693cabf2e12a3ec47628615e,2025-12-19T01:00:00.000Z,Le Tournois Du DresseurPokeCharbie #91,57,True,False,,,,PTCGL,DresseurPokeCharbie
2025-12-01_2025-12-31,693df1761b3b036ef6dc0044,2025-12-14T03:05:00.000Z,underground tcg live pop up,68,False,False,,,,,
2025-12-01_2025-12-31,693efd0c1b3b036ef6dc06fe,2025-12-15T19:00:00.000Z,Pumpkaweekly,161,True,True,161,159,0.9875776397515528,PTCGL,The Dice Town League
2025-12-01_2025-12-31,693ff260e12a3ec476287c1a,2025-12-21T13:00:00.000Z,Tournoi amical LEAGUE canto N48°,59,True,True,59,59,1.0,PTCGL,LEAGUE Canto
2025-12-01_2025-12-31,69402fc1e12a3ec476287e6c,2025-12-17T23:00:00.000Z,AOB's MEGA Mickey #7 ETB for 1st + CASH,381,True,True,381,371,0.973753280839895,PTCGL,Alloutblitzle Events
2025-12-01_2025-12-31,69403c571b3b036ef6dc10cb,2025-12-17T00:00:00.000Z,The Lucky Draw Weekly #44,110,True,True,110,105,0.9545454545454546,PTCGL,Insight Astronomy 
2025-12-01_2025-12-31,69407c121b3b036ef6dc15cc,2025-12-22T23:05:00.000Z,Sunny's Weekly #236 Another Very Sunny Christmas,196,True,True,196,189,0.9642857142857143,PTCGL,Sunny's Weekly
2025-12-01_2025-12-31,6942894b1b3b036ef6dc23f4,2025-12-17T20:00:00.000Z,ASRcristiano # 117 - Road to EUIC!,94,True,True,94,89,0.9468085106382979,PTCGL,ASRcristiano League
2025-12-01_2025-12-31,69428970e12a3ec476289217,2025-12-18T20:00:00.000Z,ASRcristiano # 118 - Road to EUIC!,105,True,True,105,102,0.9714285714285714,PTCGL,ASRcristiano League
2025-12-01_2025-12-31,694289941b3b036ef6dc23f5,2025-12-19T20:00:00.000Z,ASRcristiano # 119 - Road to EUIC!,154,True,True,154,147,0.9545454545454546,PTCGL,ASRcristiano League
2025-12-01_2025-12-31,69435da3e12a3ec476289ba5,2025-12-18T22:30:00.000Z,Snipe The Bench AND Chef Husky's $50 Prize Pool,106,True,False,,,,PTCGL,Snipe The Bench
2025-12-01_2025-12-31,69453ff34500833d87012326,2025-12-26T01:00:00.000Z,Le Tournois Du DresseurPokeCharbie #92,70,True,False,,,,PTCGL,DresseurPokeCharbie
2025-12-01_2025-12-31,694550d9ba66621ba08a3afa,2025-12-26T08:30:00.000Z,Oceania Open! Season 0 - Week 3,67,True,True,67,67,1.0,PTCGL,TripleBtcg
2025-12-01_2025-12-31,6946a55e4500833d870131f3,2025-12-24T23:00:00.000Z,ARROW XMAS REGIONAL - BO3 CASH TOURNAMENT $200,323,True,True,323,315,0.9752321981424149,PTCGL,Bak & Bak PokeLab
2025-12-01_2025-12-31,6946c7ccba66621ba08a4c2e,2025-12-23T23:35:00.000Z,LastPrize Series #19 No Top Cut (100 Codes),157,True,True,157,155,0.9872611464968153,PTCGL,LastPrizeTCG
2025-12-01_2025-12-31,6946f56c4500833d87013d61,2025-12-27T17:00:00.000Z,🦇Nachtwache Tournament #5 100 Codes Prizing🦇,152,True,True,152,148,0.9736842105263158,PTCGL,Nachtwache Tournament
2025-12-01_2025-12-31,6946f5a0ba66621ba08a4ed0,2025-12-28T18:00:00.000Z,🦇Nachtwache Tournament #6 100 Codes Prizing🦇,203,True,True,203,195,0.9605911330049262,PTCGL,Nachtwache Tournament
2025-12-01_2025-12-31,69488101ba66621ba08a6713,2025-12-22T19:00:00.000Z,Pumpkaweekly,221,True,True,221,214,0.9683257918552036,PTCGL,The Dice Town League
2025-12-01_2025-12-31,694964684500833d8701589d,2025-12-22T18:10:00.000Z,🏆Moujii's Dojo🏆 (Late Registration Available!),131,True,True,131,128,0.9770992366412213,PTCGL,Moujii's Dojo
2025-12-01_2025-12-31,6949a998ba66621ba08a71c0,2025-12-29T23:05:00.000Z,Sunny's Weekly #237 2025: One Last Ride,254,True,True,254,248,0.9763779527559056,PTCGL,Sunny's Weekly
2025-12-01_2025-12-31,694daa974500833d87018034,2025-12-26T00:00:00.000Z,CHRISTMAS SPECIAL! TOP 8 CUT WILL GET COAL!,50,True,True,50,48,0.96,PTCGL,Tension PTCG
2025-12-01_2025-12-31,694ee0db4500833d87018dbb,2025-12-29T17:10:00.000Z,🏆Moujii's Dojo🏆 (Late Registration Available!),261,True,True,261,256,0.9808429118773946,PTCGL,Moujii's Dojo
2025-12-01_2025-12-31,695177d4ba66621ba08ac1eb,2025-12-29T19:00:00.000Z,Final Pumpkaweekly of 2025!,185,True,True,185,181,0.9783783783783784,PTCGL,The Dice Town League
2025-12-01_2025-12-31,6951be164500833d8701b6e3,2025-12-29T01:15:00.000Z,MIDNIGHT MICKEY I HATE MONDAYS,54,True,True,54,54,1.0,PTCGL,Tension PTCG
2025-12-01_2025-12-31,695212464500833d8701bbd3,2025-12-30T02:00:00.000Z,Monday afternoon tournament #2,105,True,True,105,101,0.9619047619047619,PTCGL,WND Collectibles
2025-12-01_2025-12-31,6952feb34500833d8701c795,2025-12-30T23:35:00.000Z,LastPrize Series Best of 2025 No Top Cut,73,True,True,73,73,1.0,PTCGL,LastPrizeTCG
2025-12-01_2025-12-31,6955746d4500833d8701e270,2025-12-31T22:00:00.000Z,HAPPY NEW YEARS!!!,64,True,True,64,60,0.9375,PTCGL,Tension PTCG
2026-01-01_2026-01-31,68fe4e9fdd7011c665c4002c,2026-01-03T03:35:00.000Z,TOURNAMENT OF DOOM! REALIZES Its....... old....,460,False,False,,,,,
2026-01-01_2026-01-31,69091d83c154114e5abae383,2026-01-02T17:05:00.000Z,Turtwig Den Revival Series Regional 2,144,False,False,,,,,
2026-01-01_2026-01-31,6925eabcb11d3f5498bc75ad,2026-01-04T23:00:00.000Z,Mega Ditto! #12 (100 Codes),298,False,False,,,,,
2026-01-01_2026-01-31,6925eaec52eafbbc811782ef,2026-01-11T23:00:00.000Z,Mega Ditto! #13 (100 Codes),236,False,False,,,,,
2026-01-01_2026-01-31,6925eb39b11d3f5498bc75b1,2026-01-18T23:00:00.000Z,Mega Ditto! #14 (100 Codes),216,True,True,216,204,0.9444444444444444,PTCGL,Blue Ditto
2026-01-01_2026-01-31,6930c6bd1b3b036ef6db8f40,2026-01-03T23:05:00.000Z,MEGA Redacted #14 (100 Codes),360,False,False,,,,,
2026-01-01_2026-01-31,6930c743e12a3ec4762804a1,2026-01-10T23:05:00.000Z,MEGA Redacted #15 (100 Codes),170,False,False,,,,,
2026-01-01_2026-01-31,6930c783e12a3ec4762804bc,2026-01-17T23:05:00.000Z,MEGA Redacted #16 FINALE (100 Codes),135,True,True,135,131,0.9703703703703703,PTCGL,Redacted Gaming
2026-01-01_2026-01-31,6930c897e12a3ec4762804bd,2026-01-04T00:30:00.000Z,MEGA Redacted 2nd Chance #14 (50 Codes),80,False,False,,,,,
2026-01-01_2026-01-31,6930c8c41b3b036ef6db8f49,2026-01-11T00:30:00.000Z,MEGA Redacted 2nd Chance #15 (50 Codes),112,False,False,,,,,
2026-01-01_2026-01-31,6930c8f01b3b036ef6db8f4d,2026-01-18T00:30:00.000Z,MEGA Redacted 2nd Chance #16 FINALE (50 Codes),66,True,True,66,63,0.9545454545454546,PTCGL,Redacted Gaming
2026-01-01_2026-01-31,6930c991e12a3ec4762804c3,2026-01-24T23:05:00.000Z,REDACTED DITTO LP INVITATIONAL,63,True,True,63,61,0.9682539682539683,PTCGL,Redacted Gaming
2026-01-01_2026-01-31,69374382e12a3ec476283dce,2026-01-06T16:00:00.000Z,Gray's PokéLeague - Champion's Road #34,118,False,False,,,,,
2026-01-01_2026-01-31,693743c61b3b036ef6dbceda,2026-01-13T16:00:00.000Z,Gray's PokéLeague - Champion's Road #35,112,False,False,,,,,
2026-01-01_2026-01-31,693744b5e12a3ec476283dd4,2026-01-20T16:00:00.000Z,Gray's PokéLeague - Champion's Road #36,96,True,True,96,93,0.96875,PTCGL,Gray's PokéLeague
2026-01-01_2026-01-31,6939cc1a1b3b036ef6dbe017,2026-01-09T17:05:00.000Z,Turtwig Den Revival Series Challenge 19,82,False,False,,,,,
2026-01-01_2026-01-31,6939cc751b3b036ef6dbe047,2026-01-23T17:05:00.000Z,Turtwig Den Revival Series Challenge 21,84,True,True,84,82,0.9761904761904762,PTCGL,DabbingUkranian
2026-01-01_2026-01-31,6939cc94e12a3ec476284d3b,2026-01-30T17:05:00.000Z,Turtwig Den Revival Series Challenge 22,113,True,False,,,,PTCGL,DabbingUkranian
2026-01-01_2026-01-31,69445bcb1b3b036ef6dc3867,2026-01-10T19:00:00.000Z,($300+ Prize pool) January Bounty Hunters Cookoff,200,False,False,,,,,
2026-01-01_2026-01-31,694ee1334500833d87018dc0,2026-01-01T17:10:00.000Z,🏆Moujii's Dojo🏆 (Late Registration Available!),387,True,True,387,377,0.9741602067183462,PTCGL,Moujii's Dojo
2026-01-01_2026-01-31,694f257c4500833d870194b2,2026-01-02T08:30:00.000Z,Oceania Open! Season 1 - Week 1,67,False,False,,,,,
2026-01-01_2026-01-31,694f282b4500833d8701953f,2026-01-09T08:30:00.000Z,Oceania Open! Season 1 - Week 2,51,False,False,,,,,
2026-01-01_2026-01-31,694f284a4500833d87019541,2026-01-16T08:30:00.000Z,Oceania Open! Season 1 - Week 3,54,True,True,54,54,1.0,PTCGL,TripleBtcg
2026-01-01_2026-01-31,694f286b4500833d87019543,2026-01-23T08:30:00.000Z,Oceania Open! Season 1 - Week 4,50,True,True,50,50,1.0,PTCGL,TripleBtcg
2026-01-01_2026-01-31,6952a36a4500833d8701be2b,2026-01-04T18:00:00.000Z,Jester's Weekly #33 - A Whole New Year!,125,False,False,,,,,
2026-01-01_2026-01-31,6952c13e4500833d8701c06b,2026-01-10T03:35:00.000Z,TOURNAMENT OF DOOM! Best Robot?,366,False,False,,,,,
2026-01-01_2026-01-31,6952c17fba66621ba08ad288,2026-01-17T03:35:00.000Z,TOURNAMENT OF DOOM! Favorite Color?,253,True,True,253,246,0.9723320158102767,PTCGL,Doom's Events and Catering
2026-01-01_2026-01-31,6952c1b94500833d8701c077,2026-01-24T03:35:00.000Z,TOURNAMENT OF DOOM! KITTY NAMES!,350,True,True,350,343,0.98,PTCGL,Doom's Events and Catering
2026-01-01_2026-01-31,6952e9cc4500833d8701c556,2026-01-05T23:05:00.000Z,Sunny's Weekly #238 The Lost Episodes,227,False,False,,,,,
2026-01-01_2026-01-31,6953f6e94500833d8701d04e,2026-01-04T17:10:00.000Z,🏆Moujii's Dojo🏆 (Late Registration Available!),210,False,False,,,,,
2026-01-01_2026-01-31,6953f7744500833d8701d058,2026-01-05T17:10:00.000Z,🏆Moujii's Dojo🏆 (Late Registration Available!),214,False,False,,,,,
2026-01-01_2026-01-31,69543c0bba66621ba08ae529,2026-01-02T00:00:00.000Z,Thursday Throwdown (100 codes with top 8),228,True,False,,,,PTCGL,WND Collectibles
2026-01-01_2026-01-31,6954f886ba66621ba08aef2d,2026-01-04T01:00:00.000Z,Rare Candy Club Debut Tournament!,79,False,False,,,,,
2026-01-01_2026-01-31,69558d63ba66621ba08af4cf,2026-01-01T20:10:00.000Z,Darksiders New Years Toronto Tune Up! - 50 Codes,180,True,True,180,175,0.9722222222222222,PTCGL,Darksiders TCG
2026-01-01_2026-01-31,695799854500833d8701fd83,2026-01-08T17:10:00.000Z,🏆Moujii's Dojo🏆 (Late Registration Available!),214,False,False,,,,,
2026-01-01_2026-01-31,695927afba66621ba08b211f,2026-01-09T01:00:00.000Z,Le Tournois Du DresseurPokeCharbie #94,61,False,False,,,,,
2026-01-01_2026-01-31,695a160d4500833d87022a73,2026-01-11T12:00:00.000Z,Cardstore.nl Pokémon Masters Tournament #20,68,False,False,,,,,
2026-01-01_2026-01-31,695af5a24500833d87023a08,2026-01-12T01:00:00.000Z,Rare Candy Club Showdown #2,80,False,False,,,,,
2026-01-01_2026-01-31,695b128dba66621ba08b438b,2026-01-05T19:00:00.000Z,Pumpkaweekly!,175,False,False,,,,,
2026-01-01_2026-01-31,695c20534500833d870245d4,2026-01-12T23:05:00.000Z,Sunny's Weekly #239 North of the Border!,197,False,False,,,,,
2026-01-01_2026-01-31,695c4e0bba66621ba08b50f4,2026-01-06T17:00:00.000Z,The Lucky Draw Weekly #45,107,False,False,,,,,
2026-01-01_2026-01-31,695c4e45ba66621ba08b50f6,2026-01-07T00:00:00.000Z,The Lucky Draw Weekly #46,174,False,False,,,,,
2026-01-01_2026-01-31,695d3d93ba66621ba08b5924,2026-01-12T17:10:00.000Z,🏆Moujii's Dojo🏆 (Late Registration Available!),208,False,False,,,,,
2026-01-01_2026-01-31,695d82264500833d8702565d,2026-01-07T20:00:00.000Z,ASRcristiano # 120 - Road to EUIC!,165,False,False,,,,,
2026-01-01_2026-01-31,695d823cba66621ba08b5e59,2026-01-08T20:00:00.000Z,ASRcristiano # 121 - Road to EUIC!,132,False,False,,,,,
2026-01-01_2026-01-31,695d8250ba66621ba08b5e5a,2026-01-09T20:00:00.000Z,ASRcristiano # 122 - Road to EUIC!,151,False,False,,,,,
2026-01-01_2026-01-31,695ee9134500833d8702664c,2026-01-08T23:00:00.000Z,$50 Prize Pool by Snipe the Bench AND Chef Husky,127,False,False,,,,,
2026-01-01_2026-01-31,695fe47a4500833d87026d28,2026-01-15T17:10:00.000Z,🏆Moujii's Dojo🏆 (Late Registration Available!),235,False,False,,,,,
2026-01-01_2026-01-31,69605ed6ba66621ba08b7b83,2026-01-16T01:00:00.000Z,Le Tournois Du DresseurPokeCharbie #95,68,True,False,,,,PTCGL,DresseurPokeCharbie
2026-01-01_2026-01-31,6960ae3a4500833d87027992,2026-01-11T18:00:00.000Z,Jester's Weekly #34 - Are You Ready For Regionals?,226,False,False,,,,,
2026-01-01_2026-01-31,69616dcd4500833d87027f64,2026-01-16T18:00:00.000Z,🇵🇱 Polish Playground Weekly #11 🇵🇱,57,True,True,57,55,0.9649122807017544,PTCGL,syi0
2026-01-01_2026-01-31,6962443c4500833d870287ca,2026-01-10T15:45:00.000Z,CaterpieTCG's small Saturday tourney (32 codes!),74,False,False,,,,,
2026-01-01_2026-01-31,6962bda3ba66621ba08b937b,2026-01-14T00:00:00.000Z,LAST PRIZE SERIES - INTERNATIONAL QUALIFIER 2026,93,False,False,,,,,
2026-01-01_2026-01-31,6962c6c0ba66621ba08b93e4,2026-01-21T00:00:00.000Z,LAST PRIZE SERIES – LAST CHANCE QUALIFIER!,81,True,True,81,77,0.9506172839506173,PTCGL,LastPrizeTCG
2026-01-01_2026-01-31,6963d1e54500833d870297a5,2026-01-13T17:00:00.000Z,The Lucky Draw Weekly #47,111,False,False,,,,,
2026-01-01_2026-01-31,6963d21f4500833d870297aa,2026-01-14T00:00:00.000Z,The Lucky Draw Weekly #48,112,False,False,,,,,
2026-01-01_2026-01-31,6963f28e4500833d87029a60,2026-01-12T19:00:00.000Z,Pumpkaweekly,154,False,False,,,,,
2026-01-01_2026-01-31,6965bb5bba66621ba08bb0bd,2026-01-19T23:05:00.000Z,Sunny's Weekly #240 The Matrix,218,True,True,218,210,0.963302752293578,PTCGL,Sunny's Weekly
2026-01-01_2026-01-31,6966799aba66621ba08bb380,2026-01-19T17:10:00.000Z,🏆Moujii's Dojo🏆 (Late Registration Available!),282,True,True,282,271,0.9609929078014184,PTCGL,Moujii's Dojo
2026-01-01_2026-01-31,69670664ba66621ba08bbbd2,2026-01-14T20:00:00.000Z,ASRcristiano # 123 - Road to EUIC!,153,False,False,,,,,
2026-01-01_2026-01-31,696706a54500833d8702b7bd,2026-01-15T20:00:00.000Z,ASRcristiano # 124 - Road to EUIC!,160,False,False,,,,,
2026-01-01_2026-01-31,696706caba66621ba08bbbd5,2026-01-16T20:00:00.000Z,ASRcristiano # 125 - Road to EUIC!,167,True,True,167,161,0.9640718562874252,PTCGL,ASRcristiano League
2026-01-01_2026-01-31,6967b536ba66621ba08bbdd4,2026-01-18T18:00:00.000Z,Jester's January Challenge - 2026!,155,True,True,155,150,0.967741935483871,PTCGL,JesterTCG
2026-01-01_2026-01-31,6967d82b4500833d8702bb52,2026-01-31T03:35:00.000Z,TOURNAMENT OF DOOM! BEST WATER STARTER!,304,True,True,304,297,0.9769736842105263,PTCGL,Doom's Events and Catering
2026-01-01_2026-01-31,6969647c4500833d8702c6cf,2026-01-17T17:00:00.000Z,🦇Nachtwache Tournament #7 100 Codes Prizing🦇,91,True,True,91,89,0.978021978021978,PTCGL,Nachtwache Tournament
2026-01-01_2026-01-31,6969acc64500833d8702ca86,2026-01-23T01:00:00.000Z,Le Tournois Du DresseurPokeCharbie #96,58,True,False,,,,PTCGL,DresseurPokeCharbie
2026-01-01_2026-01-31,696a6c15b1294bfab71ff116,2026-01-22T17:10:00.000Z,🏆Moujii's Dojo🏆 (Late Registration Available!),207,True,True,207,204,0.9855072463768116,PTCGL,Moujii's Dojo
2026-01-01_2026-01-31,696b41e09c739a2ff7bf1dcc,2026-01-26T01:00:00.000Z,Rare Candy Club Tournament #4,289,True,True,289,277,0.9584775086505191,PTCGL,Rare Candy Club
2026-01-01_2026-01-31,696d3f02b1294bfab7200f06,2026-01-19T19:00:00.000Z,Pumpkaweekly,183,True,True,183,179,0.9781420765027322,PTCGL,The Dice Town League
2026-01-01_2026-01-31,696e0673b1294bfab7201486,2026-01-24T11:00:00.000Z,好奇杯一月月赛国际（＄7 for top2）,51,True,True,51,50,0.9803921568627451,PTCGL,HaoQi cup
2026-01-01_2026-01-31,696e57f1b1294bfab72015a0,2026-01-21T17:00:00.000Z,The Lucky Draw Weekly #49,206,True,True,206,203,0.9854368932038835,PTCGL,Insight Astronomy 
2026-01-01_2026-01-31,696e5fac9c739a2ff7bf36b0,2026-01-21T00:00:00.000Z,The Lucky Draw Weekly #50,107,True,True,107,106,0.9906542056074766,PTCGL,Insight Astronomy 
2026-01-01_2026-01-31,696eadd99c739a2ff7bf3bd9,2026-01-26T23:05:00.000Z,Sunny's Weekly #241 Snakes & Ladders!,233,True,True,233,230,0.9871244635193133,PTCGL,Sunny's Weekly
2026-01-01_2026-01-31,696fbbc49c739a2ff7bf4247,2026-01-26T17:10:00.000Z,🏆Moujii's Dojo🏆 (Late Registration Available!),291,True,True,291,277,0.9518900343642611,PTCGL,Moujii's Dojo
2026-01-01_2026-01-31,696fcb2b9c739a2ff7bf42f0,2026-01-24T00:00:00.000Z,BZGC Online🔥 ~ Road to PR SPE,54,True,True,54,51,0.9444444444444444,PTCGL,BattleZone GC Online
2026-01-01_2026-01-31,696fd6acb1294bfab7202204,2026-01-25T13:00:00.000Z,Tournoi amical LEAGUE canto N50°,72,True,True,72,70,0.9722222222222222,PTCGL,LEAGUE Canto
2026-01-01_2026-01-31,69701b209c739a2ff7bf4720,2026-01-21T20:00:00.000Z,ASRcristiano # 126 - Road to EUIC!,147,True,True,147,146,0.9931972789115646,PTCGL,ASRcristiano League
2026-01-01_2026-01-31,69701b499c739a2ff7bf4721,2026-01-22T20:00:00.000Z,ASRcristiano # 127 - Road to EUIC!,164,True,True,164,161,0.9817073170731707,PTCGL,ASRcristiano League
2026-01-01_2026-01-31,69701b69b1294bfab7202585,2026-01-23T20:00:00.000Z,ASRcristiano # 128 - Road to EUIC!,158,True,True,158,154,0.9746835443037974,PTCGL,ASRcristiano League
2026-01-01_2026-01-31,6973a072b1294bfab7204123,2026-01-29T17:10:00.000Z,🏆Moujii's Dojo🏆 (Late Registration Available!),172,True,True,172,166,0.9651162790697675,PTCGL,Moujii's Dojo
2026-01-01_2026-01-31,6975e8579c739a2ff7bf75cb,2026-01-25T10:15:00.000Z,offline cup tcglive goes live 1.0,53,True,False,,,,,Tcglive
2026-01-01_2026-01-31,6976b77d9c739a2ff7bf7eb0,2026-01-26T19:00:00.000Z,Pumpkaweekly,192,True,True,192,184,0.9583333333333334,PTCGL,The Dice Town League
2026-01-01_2026-01-31,69777d78b1294bfab7206570,2026-01-27T02:00:00.000Z,🏛💫 Card Temple Weekly Battles #42,73,True,True,73,72,0.9863013698630136,PTCGL,Card Temple
2026-01-01_2026-01-31,69778a86b1294bfab72065b4,2026-01-31T23:05:00.000Z,Redacted Heroes #1 (100 Codes),162,True,True,162,160,0.9876543209876543,PTCGL,Redacted Gaming
2026-01-01_2026-01-31,6978001e9c739a2ff7bf8b73,2026-01-28T00:15:00.000Z,LAST PRIZE SERIES S2 – NEW SEASON CLASH,197,True,True,197,184,0.934010152284264,PTCGL,LastPrizeTCG
2026-01-01_2026-01-31,6979c146b1294bfab72078ed,2026-01-28T20:00:00.000Z,ASRcristiano # 129 - Road to EUIC!,160,True,True,160,157,0.98125,PTCGL,ASRcristiano League
2026-01-01_2026-01-31,6979c167b1294bfab72078ee,2026-01-30T20:00:00.000Z,ASRcristiano # 130 - A.H. not legal!,147,True,True,147,145,0.9863945578231292,PTCGL,ASRcristiano League
2026-01-01_2026-01-31,6979f2fc9c739a2ff7bf9857,2026-01-28T23:05:00.000Z,Arrow Santiago Regional BO3 #1 (ASC NOT LEGAL),84,True,True,84,80,0.9523809523809523,PTCGL,Bak & Bak PokeLab
2026-01-01_2026-01-31,697a5bf5b1294bfab7207d04,2026-01-29T18:00:00.000Z,ascended heroes tourney WIN A PLAYMAT,120,True,False,,,,PTCGL,Team Gamers Guild
2026-01-01_2026-01-31,697bb6a89c739a2ff7bfa914,2026-01-31T17:00:00.000Z,AOB Open #1 EUIC Format,284,True,False,,,,PTCGL,Alloutblitzle Events
2026-02-01_2026-02-28,691f414bb11d3f5498bc2e12,2026-02-03T16:00:00.000Z,Gray's PokéLeague - Ascended Heroes Special,105,False,False,,,,,
2026-02-01_2026-02-28,6937450b1b3b036ef6dbcee4,2026-02-10T16:00:00.000Z,Gray's PokéLeague - Champion's Road #37,102,False,False,,,,,
2026-02-01_2026-02-28,69384f09e12a3ec4762842f0,2026-02-23T16:00:00.000Z,Gray's PokéLeague - Champion's Road #38,89,True,True,89,84,0.9438202247191011,PTCGL,Gray's PokéLeague
2026-02-01_2026-02-28,6939ccb41b3b036ef6dbe048,2026-02-06T17:05:00.000Z,Turtwig Den Revival Series Cup 5,55,False,False,,,,,
2026-02-01_2026-02-28,6967d8ceba66621ba08bbeef,2026-02-03T04:35:00.000Z,CHALLENGE OF DOOM! TRYING OUT MONDAY!,117,False,False,,,,,
2026-02-01_2026-02-28,696e047c9c739a2ff7bf3577,2026-02-01T01:00:00.000Z,Rare Candy Club Tournament #5 ASC HEROES LEGAL,53,True,True,53,49,0.9245283018867925,PTCGL,Rare Candy Club
2026-02-01_2026-02-28,6972505db1294bfab720361d,2026-02-13T17:05:00.000Z,Turtwig Den Revival Series Challenge 23,55,False,False,,,,,
2026-02-01_2026-02-28,69778c319c739a2ff7bf82a6,2026-02-07T23:05:00.000Z,Redacted Heroes #2 (100 Codes),141,False,False,,,,,
2026-02-01_2026-02-28,69778c61b1294bfab72065ba,2026-02-14T23:05:00.000Z,Redacted Heroes #3 (100 Codes),128,False,False,,,,,
2026-02-01_2026-02-28,69778e0a9c739a2ff7bf82b9,2026-02-21T23:05:00.000Z,Redacted Heroes #4 (100 Codes),150,True,True,150,139,0.9266666666666666,PTCGL,Redacted Gaming
2026-02-01_2026-02-28,69778edfb1294bfab72065cf,2026-02-28T23:05:00.000Z,Redacted Heroes #5 (100 Codes),129,True,True,129,123,0.9534883720930233,PTCGL,Redacted Gaming
2026-02-01_2026-02-28,6977a47c9c739a2ff7bf840f,2026-02-01T00:30:00.000Z,Redacted Flames #1 (50 Codes),97,True,False,,,,PTCGL,Redacted Gaming
2026-02-01_2026-02-28,6977a680b1294bfab72066a0,2026-02-08T00:30:00.000Z,Redacted Flames #2 (50 Codes),59,False,False,,,,,
2026-02-01_2026-02-28,6977a6bb9c739a2ff7bf8428,2026-02-15T00:30:00.000Z,Redacted Flames #3 (50 Codes),60,False,False,,,,,
2026-02-01_2026-02-28,6977a6e3b1294bfab72066a2,2026-02-22T00:30:00.000Z,Redacted Flames #4 (50 Codes),71,True,False,,,,PTCGL,Redacted Gaming
2026-02-01_2026-02-28,6977d8b4b1294bfab7206a3f,2026-02-02T23:05:00.000Z,Sunny's Weekly #242 Sky High Battles! (ASC Legal),100,False,False,,,,,
2026-02-01_2026-02-28,6978dcf29c739a2ff7bf900f,2026-02-01T17:10:00.000Z,🏆Moujii's Dojo🏆 (Late Registration Available!),224,True,True,224,216,0.9642857142857143,PTCGL,Moujii's Dojo
2026-02-01_2026-02-28,697936ff9c739a2ff7bf9376,2026-02-07T03:35:00.000Z,TOURNAMENT OF DOOM! COIN BONUS!,252,False,False,,,,,
2026-02-01_2026-02-28,69793753b1294bfab72074e5,2026-02-14T03:35:00.000Z,TOURNAMENT OF DOOM! PSYCHIC EMBRACE!,228,False,False,,,,,
2026-02-01_2026-02-28,6979378a9c739a2ff7bf937a,2026-02-21T03:35:00.000Z,TOURNAMENT OF DOOM! SEATTLE BOUND!,229,True,True,229,225,0.982532751091703,PTCGL,Doom's Events and Catering
2026-02-01_2026-02-28,697971349c739a2ff7bf96cf,2026-02-01T23:00:00.000Z,Ascended Heroes! #1 ($100 + 200 Codes!),351,True,True,351,343,0.9772079772079773,PTCGL,Blue Ditto
2026-02-01_2026-02-28,697979519c739a2ff7bf972d,2026-02-11T23:00:00.000Z,Ascended Heroes! #2 (100 Codes),133,False,False,,,,,
2026-02-01_2026-02-28,697979ecb1294bfab7207796,2026-02-15T23:00:00.000Z,Ascended Heroes! #3 (100 Codes),152,False,False,,,,,
2026-02-01_2026-02-28,69797a15b1294bfab7207797,2026-02-22T23:00:00.000Z,Ascended Heroes! #4 (100 Codes),168,True,True,168,163,0.9702380952380952,PTCGL,Blue Ditto
2026-02-01_2026-02-28,697b82fd9c739a2ff7bfa5f2,2026-02-02T16:45:00.000Z,EUIC Prep #1- EUIC Format,95,True,True,95,93,0.9789473684210527,PTCGL,Team Gamers Guild
2026-02-01_2026-02-28,697b9ec8b1294bfab7208742,2026-02-11T00:05:00.000Z,LAST PRIZE SERIES S2 – ASCENDED HEROES LEGAL,54,False,False,,,,,
2026-02-01_2026-02-28,697ba06f9c739a2ff7bfa71e,2026-02-18T00:05:00.000Z,LAST PRIZE SERIES S2 - 4 Ascended Heroes Legal,160,False,False,,,,,
2026-02-01_2026-02-28,697bab54b1294bfab7208881,2026-02-04T00:15:00.000Z,LAST PRIZE SERIES S2 – Ascended Heroes not Legal,97,False,False,,,,,
2026-02-01_2026-02-28,697ccf689c739a2ff7bfb273,2026-02-05T17:10:00.000Z,🏆Moujii's Dojo🏆 (Late Registration Available!),169,False,False,,,,,
2026-02-01_2026-02-28,697d3f52b1294bfab7209ebb,2026-02-06T21:00:00.000Z,Vault Weekly Runs #2 🏆 500 CODES | ASC LEGAL,56,False,False,,,,,
2026-02-01_2026-02-28,697d796e9c739a2ff7bfbe4f,2026-02-02T23:00:00.000Z,AOB Open #2 EUIC Format,217,True,False,,,,PTCGL,Alloutblitzle Events
2026-02-01_2026-02-28,697e87789c739a2ff7bfd28b,2026-02-08T18:05:00.000Z,AOB Open #3 EUIC Format,153,False,False,,,,,
2026-02-01_2026-02-28,697e88459c739a2ff7bfd2ed,2026-02-09T23:00:00.000Z,AOB Open #4 EUIC Format,132,False,False,,,,,
2026-02-01_2026-02-28,697ed4de9c739a2ff7bfd782,2026-02-08T01:00:00.000Z,Rare Candy Club Showdown #6 ASC HEROES LEGAL,54,False,False,,,,,
2026-02-01_2026-02-28,697f6c81bd2fb4559555855e,2026-02-06T17:30:00.000Z,🦇Nachtwache Tournament #8 EUIC Testing Phase🦇,96,False,False,,,,,
2026-02-01_2026-02-28,697f70a4287864eaf0dc2507,2026-02-08T17:30:00.000Z,🦇Nachtwache Tournament #9 EUIC Testing Phase🦇,69,False,False,,,,,
2026-02-01_2026-02-28,697f7230287864eaf0dc2515,2026-02-02T17:10:00.000Z,🏆Moujii's Dojo🏆 (Late Registration Available!),134,True,True,134,129,0.9626865671641791,PTCGL,Moujii's Dojo
2026-02-01_2026-02-28,697f7f47bd2fb45595558679,2026-02-02T19:00:00.000Z,Pumpkaweekly,167,True,True,167,164,0.9820359281437125,PTCGL,The Dice Town League
2026-02-01_2026-02-28,697f852d287864eaf0dc2786,2026-02-04T17:10:00.000Z,🏆Moujii's Dojo🏆EUIC Prep!🏆,215,False,False,,,,,
2026-02-01_2026-02-28,6980d936287864eaf0dc3a09,2026-02-03T02:05:00.000Z,🏛💫 Card Temple Weekly Battles #43,58,True,True,58,58,1.0,PTCGL,Card Temple
2026-02-01_2026-02-28,698116acbd2fb4559555a10c,2026-02-09T23:05:00.000Z,Sunny's Weekly #243 Buckingham Palace! (ASC Legal),77,False,False,,,,,
2026-02-01_2026-02-28,69813332bd2fb4559555a3d2,2026-02-04T00:00:00.000Z,The Lucky Draw Weekly #51,113,False,False,,,,,
2026-02-01_2026-02-28,6982421e287864eaf0dc530b,2026-02-07T00:00:00.000Z,BZGC Online🔥 ~ Road to PR SPE,58,False,False,,,,,
2026-02-01_2026-02-28,69825436287864eaf0dc548c,2026-02-04T20:00:00.000Z,ASRcristiano # 131 - A.H. not legal!,126,False,False,,,,,
2026-02-01_2026-02-28,6982544f287864eaf0dc548d,2026-02-05T20:00:00.000Z,"ASRcristiano # 132 - ASC not legal, ASC Banned.",132,False,False,,,,,
2026-02-01_2026-02-28,6982546d287864eaf0dc548f,2026-02-06T20:00:00.000Z,ASRcristiano # 133 - ASC Not Legal - ASC Banned!,119,False,False,,,,,
2026-02-01_2026-02-28,6982856b287864eaf0dc5b14,2026-02-04T23:00:00.000Z,Arrow Santiago Regional BO3 #5 (ASC NOT LEGAL),95,False,False,,,,,
2026-02-01_2026-02-28,69834dc1287864eaf0dc64da,2026-02-09T17:10:00.000Z,🏆Moujii's Dojo🏆 (Late Registration Available!),135,False,False,,,,,
2026-02-01_2026-02-28,69836ec6bd2fb4559555c6cc,2026-02-05T22:30:00.000Z,Snipe The Bench and Chef Husky’s $50 Prize Pool,56,False,False,,,,,
2026-02-01_2026-02-28,698390b2bd2fb4559555ca9f,2026-02-12T17:10:00.000Z,🏆Moujii's Dojo🏆EUIC Prep!🏆,136,False,False,,,,,
2026-02-01_2026-02-28,69863ce56235e3ab106bbbd6,2026-02-09T19:30:00.000Z,ASRcristiano- ASC Banned! B03 EUIC simulation,118,False,False,,,,,
2026-02-01_2026-02-28,69867e576235e3ab106bc241,2026-02-13T21:00:00.000Z,Vault Weekly Runs #3 🏆 250 CODES | ASC LEGAL,53,False,False,,,,,
2026-02-01_2026-02-28,6987c2476235e3ab106bd8d2,2026-02-16T01:00:00.000Z,Rare Candy Club Showdown #7 ASC HEROES LEGAL,113,False,False,,,,,
2026-02-01_2026-02-28,6988b526988cfc979bd0b18a,2026-02-09T19:00:00.000Z,Pumpkaweekly,73,False,False,,,,,
2026-02-01_2026-02-28,6988ee456235e3ab106be77e,2026-02-09T00:00:00.000Z,Sunday Funday Ascended Heroes! 100 codes!,95,False,False,,,,,
2026-02-01_2026-02-28,6989ec12988cfc979bd0bc8e,2026-02-10T02:00:00.000Z,🏛💫 Card Temple Weekly Battles #44,86,False,False,,,,,
2026-02-01_2026-02-28,698a5efc988cfc979bd0c63c,2026-02-16T23:05:00.000Z,Sunny's Weekly #244 Double 0 Sunny! (ASC Legal),213,False,False,,,,,
2026-02-01_2026-02-28,698a97c0988cfc979bd0c945,2026-02-11T00:00:00.000Z,The Lucky Draw Weekly #52,104,False,False,,,,,
2026-02-01_2026-02-28,698be6066235e3ab106c0b65,2026-02-19T17:10:00.000Z,🏆Moujii's Dojo🏆 (Late Registration Available!),172,True,True,172,169,0.9825581395348837,PTCGL,Moujii's Dojo
2026-02-01_2026-02-28,698e2f416235e3ab106c1974,2026-02-18T18:00:00.000Z,N's Castle Showdown | SEATTLE FORMAT (ASC BANNED❌),76,True,False,,,,PTCGL,N's Castle
2026-02-01_2026-02-28,69931e8f545d43631df04711,2026-02-22T13:00:00.000Z,Tournoi amical LEAGUE canto N51°,53,True,True,53,52,0.9811320754716981,PTCGL,LEAGUE Canto
2026-02-01_2026-02-28,699337db94f791f35b25f9e6,2026-02-17T02:00:00.000Z,🏛💫 Card Temple Weekly Battles #45,89,False,False,,,,,
2026-02-01_2026-02-28,6993827794f791f35b25ff62,2026-02-22T14:00:00.000Z,cypher circuit series 4,55,True,False,,,,,Pokedrunks 
2026-02-01_2026-02-28,6993869f545d43631df04b88,2026-02-23T23:05:00.000Z,Sunny's Weekly #245 The Space Needle! (ASC Legal),176,True,True,176,169,0.9602272727272727,PTCGL,Sunny's Weekly
2026-02-01_2026-02-28,6993b4a1545d43631df04d5d,2026-02-23T01:00:00.000Z,Rare Candy Club Showdown #8 ASC HEROES LEGAL,74,True,True,74,70,0.9459459459459459,PTCGL,Rare Candy Club
2026-02-01_2026-02-28,6994dca33ef65252b057165f,2026-02-18T20:00:00.000Z,ASRcristiano # 134 - Road to Seville !,118,True,True,118,116,0.9830508474576272,PTCGL,ASRcristiano League
2026-02-01_2026-02-28,6994dcd5c9dc8186f76070a4,2026-02-19T20:00:00.000Z,ASRcristiano # 135 - Road to Seville ! ASC Legal,100,True,True,100,98,0.98,PTCGL,ASRcristiano League
2026-02-01_2026-02-28,6994dd0dc9dc8186f76070a6,2026-02-20T20:00:00.000Z,ASRcristiano # 136 - Road to Seville !,125,True,True,125,120,0.96,PTCGL,ASRcristiano League
2026-02-01_2026-02-28,6995493ec9dc8186f760750a,2026-02-24T04:35:00.000Z,CHALLENGE OF DOOM! SEATTLE FORMAT!,104,True,False,,,,PTCGL,Doom's Events and Catering
2026-02-01_2026-02-28,6996a316c9dc8186f7607d35,2026-02-19T23:30:00.000Z,$50 Prize Pool by Snipe the Bench AND Chef Husky,89,True,False,,,,PTCGL,Chef Husky
2026-02-01_2026-02-28,6997c8f03ef65252b0572b7d,2026-02-22T18:30:00.000Z,Oscar’s Competitive Events | First tournament!,55,True,True,55,53,0.9636363636363636,PTCGL,Oscar’s Oceanic Hangout
2026-02-01_2026-02-28,6997ddbcc9dc8186f760875e,2026-02-20T15:45:00.000Z,The Dark League Live 50 CODES!!,97,True,True,97,93,0.9587628865979382,PTCGL,The Dark League
2026-02-01_2026-02-28,6998b0b2c9dc8186f7608c86,2026-02-23T17:10:00.000Z,🏆Moujii's Dojo🏆 (Late Registration Available!),144,True,True,144,138,0.9583333333333334,PTCGL,Moujii's Dojo
2026-02-01_2026-02-28,6998b1183ef65252b0572fee,2026-02-26T17:10:00.000Z,🏆Moujii's Dojo🏆 (Late Registration Available!),165,True,True,165,160,0.9696969696969697,PTCGL,Moujii's Dojo
2026-02-01_2026-02-28,69998896c9dc8186f760930f,2026-02-22T17:00:00.000Z,🦇Nachtwache Tournament #10 100 Codes Prizing🦇,162,True,True,162,156,0.9629629629629629,PTCGL,Nachtwache Tournament
2026-02-01_2026-02-28,6999e718c9dc8186f7609712,2026-02-25T00:15:00.000Z,LAST PRIZE SERIES S2 - Seattle ASC No Legal,154,True,True,154,147,0.9545454545454546,PTCGL,LastPrizeTCG
2026-02-01_2026-02-28,699b4a3a3ef65252b0574943,2026-02-23T19:00:00.000Z,Pumpkaweekly strikes back,128,True,True,128,125,0.9765625,PTCGL,The Dice Town League
2026-02-01_2026-02-28,699ca4f13ef65252b057536d,2026-02-24T02:00:00.000Z,🏛💫 Card Temple Weekly Battles #46,61,True,True,61,57,0.9344262295081968,PTCGL,Card Temple
2026-02-01_2026-02-28,699cc7e6c9dc8186f760b27e,2026-02-27T21:00:00.000Z,Vault Weekly Runs #5 🏆| 100 CODES | ASC LEGAL,85,True,True,85,84,0.9882352941176471,PTCGL,Vault of Games
2026-02-01_2026-02-28,699d116dc9dc8186f760b687,2026-02-26T23:00:00.000Z,💥​Plantel Battle #18  ASC💥​100 CODES ✔️​ TOP 8,107,True,True,107,107,1.0,PTCGL,Mighow
2026-02-01_2026-02-28,699d3b523ef65252b05758b0,2026-02-25T00:10:00.000Z,🏆 Torneo Online | JuanmaTCG x Sidedeck | 24 FEB,77,True,True,77,77,1.0,PTCGL,Juanma_TCG
2026-02-01_2026-02-28,699d5358c9dc8186f760b7ac,2026-02-28T17:00:00.000Z,Dark league live tourney money+codes,110,True,True,110,106,0.9636363636363636,PTCGL,The Dark League
2026-02-01_2026-02-28,699f61943ef65252b0576464,2026-02-26T01:00:00.000Z,T2TCG Wednesday Mickey! ASC LEGAL.,69,True,True,69,67,0.9710144927536232,PTCGL,Evan’s Events
2026-02-01_2026-02-28,699f90cfc9dc8186f760c374,2026-02-28T14:00:00.000Z,🏆 Torneo Inauguración Sidedeck Online,60,True,True,60,60,1.0,PTCGL,Juanma_TCG
2026-03-01_2026-03-31,691e3039b11d3f5498bc26a0,2026-03-28T15:00:00.000Z,CHAMPIONSHIPS OF DOOM! VIII,341,True,True,341,330,0.967741935483871,PTCGL,Doom's Events and Catering
2026-03-01_2026-03-31,69384f53e12a3ec4762842f2,2026-03-03T16:00:00.000Z,Gray's PokéLeague - Champion's Road #39,95,True,True,95,87,0.9157894736842105,PTCGL,Gray's PokéLeague
2026-03-01_2026-03-31,697250d5b1294bfab720361f,2026-03-06T17:05:00.000Z,Turtwig Den Revival Series Cup 6,87,True,True,87,82,0.9425287356321839,PTCGL,DabbingUkranian
2026-03-01_2026-03-31,69725169b1294bfab720362a,2026-03-17T16:05:00.000Z,Turtwig Den Revival Series Challenge 26,101,False,False,,,,,
2026-03-01_2026-03-31,6972519db1294bfab720362d,2026-03-20T16:05:00.000Z,Turtwig Den Revival Series Challenge 27,66,False,False,,,,,
2026-03-01_2026-03-31,697251c19c739a2ff7bf5578,2026-03-27T16:05:00.000Z,Turtwig Den Revival Series Challenge 28,79,True,False,,,,PTCGL,DabbingUkranian
2026-03-01_2026-03-31,697251ec9c739a2ff7bf5579,2026-03-31T16:05:00.000Z,Turtwig Den Revival Series Regional 3,155,True,True,155,149,0.9612903225806452,PTCGL,DabbingUkranian
2026-03-01_2026-03-31,69797a519c739a2ff7bf9737,2026-03-01T23:00:00.000Z,Ascended Heroes! #5 (100 Codes),103,True,True,103,98,0.9514563106796117,PTCGL,Blue Ditto
2026-03-01_2026-03-31,698fef6d545d43631df02a30,2026-03-06T08:30:00.000Z,Oceania Open! Season 1 - Week 10,50,True,True,50,46,0.92,PTCGL,TripleBtcg
2026-03-01_2026-03-31,698fef8d545d43631df02a31,2026-03-13T08:30:00.000Z,Oceania Open! Season 1 - Week 11,52,False,False,,,,,
2026-03-01_2026-03-31,69954a06c9dc8186f760750c,2026-03-07T03:35:00.000Z,TOURNAMENT OF DOOM! Had a nice break....,254,True,True,254,249,0.9803149606299213,PTCGL,Doom's Events and Catering
2026-03-01_2026-03-31,699c8b3f3ef65252b057522d,2026-03-02T23:05:00.000Z,Sunny's Weekly #246 Eight Who Do We Appreciate?,163,True,True,163,154,0.9447852760736196,PTCGL,Sunny's Weekly
2026-03-01_2026-03-31,699ca7553ef65252b05753a5,2026-03-01T22:30:00.000Z,Weekly Arena – #1 🏆 (Prizes for Top 8),98,True,False,,,,PTCGL,LojaTCG
2026-03-01_2026-03-31,699ddd67c9dc8186f760b8f0,2026-03-02T17:10:00.000Z,🏆Moujii's Dojo🏆 (Late Registration Available!),169,True,True,169,163,0.9644970414201184,PTCGL,Moujii's Dojo
2026-03-01_2026-03-31,699e13bcc9dc8186f760ba9a,2026-03-02T00:00:00.000Z,Intercards: Late Night Session #02,64,True,True,64,62,0.96875,PTCGL,Inter Cards
2026-03-01_2026-03-31,699e4119c9dc8186f760bc39,2026-03-02T01:00:00.000Z,Rare Candy Club Showdown #9 ASC HEROES LEGAL,55,True,True,55,53,0.9636363636363636,PTCGL,Rare Candy Club
2026-03-01_2026-03-31,699e79263ef65252b0575fde,2026-03-04T00:05:00.000Z,LAST PRIZE SERIES S2 – MEGA ASCENDED HEROES,150,True,True,150,147,0.98,PTCGL,LastPrizeTCG
2026-03-01_2026-03-31,69a32206d92ee137f4d1cc99,2026-03-05T17:10:00.000Z,🏆Moujii's Dojo🏆 (Late Registration Available!),157,True,True,157,155,0.9872611464968153,PTCGL,Moujii's Dojo
2026-03-01_2026-03-31,69a4778bd92ee137f4d1d73d,2026-03-03T02:00:00.000Z,🏛💫 Card Temple Weekly Battles #47,78,True,True,78,75,0.9615384615384616,PTCGL,Card Temple
2026-03-01_2026-03-31,69a49fd2d92ee137f4d1d9b8,2026-03-02T19:00:00.000Z,Pumpkaweekly,94,True,True,94,86,0.9148936170212766,PTCGL,The Dice Town League
2026-03-01_2026-03-31,69a5c92b265a204acd5856de,2026-03-04T20:00:00.000Z,ASRcristiano # 137 - Road to Seville !,153,True,True,153,147,0.9607843137254902,PTCGL,ASRcristiano League
2026-03-01_2026-03-31,69a5c946265a204acd585732,2026-03-05T20:00:00.000Z,ASRcristiano # 138 - Road to Seville !,97,True,True,97,94,0.9690721649484536,PTCGL,ASRcristiano League
2026-03-01_2026-03-31,69a5c962265a204acd585735,2026-03-06T20:00:00.000Z,ASRcristiano # 139 - Road to Seville !,109,True,True,109,106,0.9724770642201835,PTCGL,ASRcristiano League
2026-03-01_2026-03-31,69a5cbb9265a204acd585747,2026-03-05T23:00:00.000Z,💥​Plantel Battle #19 ASC💥​100 CODES ✔️​ TOP 8,72,True,True,72,71,0.9861111111111112,PTCGL,Mighow
2026-03-01_2026-03-31,69a5d1ab265a204acd585820,2026-03-09T00:00:00.000Z,Intercards: Late Night Session #03,52,False,False,,,,,
2026-03-01_2026-03-31,69a5e53e818e5fde7d817926,2026-03-21T02:35:00.000Z,TOURNAMENT OF DOOM! DOOM'S DAY!,253,False,False,,,,,
2026-03-01_2026-03-31,69a5e581818e5fde7d817928,2026-03-10T03:35:00.000Z,CHALLENGE OF DOOM! SLEEP or PLAY?,128,False,False,,,,,
2026-03-01_2026-03-31,69a5e5b8818e5fde7d81792b,2026-03-24T03:35:00.000Z,CHALLENGE OF DOOM! LAST OF THIS META!,97,True,True,97,91,0.9381443298969072,PTCGL,Doom's Events and Catering
2026-03-01_2026-03-31,69a5fa9a265a204acd585a17,2026-03-09T22:05:00.000Z,Sunny's Weekly #247 Two Tickets to Paradise!,156,False,False,,,,,
2026-03-01_2026-03-31,69a622d6818e5fde7d817cfe,2026-03-03T23:10:00.000Z,🏆 Torneo Gratuito Sidedeck Online 3 Marzo,79,True,True,79,77,0.9746835443037974,PTCGL,Juanma_TCG
2026-03-01_2026-03-31,69a691dc818e5fde7d817fd9,2026-03-06T01:00:00.000Z,Rare Candy Club Showdown #10 ASC HEROES LEGAL,73,True,True,73,71,0.9726027397260274,PTCGL,Rare Candy Club
2026-03-01_2026-03-31,69a715a2f39e6e70969fb0eb,2026-03-09T16:10:00.000Z,🏆Moujii's Dojo🏆 (Late Registration Available!),160,False,False,,,,,
2026-03-01_2026-03-31,69a76d7a6a05f00a8c4a38a4,2026-03-07T23:05:00.000Z,Redacted Heroes #6 (100 Codes),90,False,False,,,,,
2026-03-01_2026-03-31,69a76df86a05f00a8c4a38a9,2026-03-14T22:05:00.000Z,Redacted Heroes #7 PI DAY SPECIAL (314 Codes),157,False,False,,,,,
2026-03-01_2026-03-31,69a76e2c6a05f00a8c4a38ab,2026-03-21T22:05:00.000Z,Redacted Heroes #8 (100 Codes),89,False,False,,,,,
2026-03-01_2026-03-31,69a76e5f6a05f00a8c4a38ac,2026-03-28T22:05:00.000Z,Redacted Heroes #9 (200 Codes),124,True,True,124,120,0.967741935483871,PTCGL,Redacted Gaming
2026-03-01_2026-03-31,69a76f12f39e6e70969fb50d,2026-03-08T00:30:00.000Z,Redacted Heroes 2nd Chance #1 (50 Codes),50,False,False,,,,,
2026-03-01_2026-03-31,69a76fa5f39e6e70969fb510,2026-03-21T23:30:00.000Z,Redacted Heroes 2nd Chance #2 (50 Codes),61,False,False,,,,,
2026-03-01_2026-03-31,69a76fe2f39e6e70969fb518,2026-03-28T23:30:00.000Z,Redacted Heroes 2nd Chance #3 (100 Codes),50,True,False,,,,PTCGL,Redacted Gaming
2026-03-01_2026-03-31,69a8e536f39e6e70969fc178,2026-03-15T22:00:00.000Z,Ascended Heroes! #6 (100 Codes),125,False,False,,,,,
2026-03-01_2026-03-31,69a8e5a7f39e6e70969fc17c,2026-03-29T22:00:00.000Z,Ascended Nexus! #8 (100 Codes),162,True,True,162,158,0.9753086419753086,PTCGL,Turn Zero Nexus
2026-03-01_2026-03-31,69a8ee506a05f00a8c4a4736,2026-03-05T23:00:00.000Z,🏆 Torneo Clasificatorio Jueves 5 Marzo,50,True,True,50,49,0.98,PTCGL,Juanma_TCG
2026-03-01_2026-03-31,69a9577af39e6e70969fc371,2026-03-12T16:10:00.000Z,🏆Moujii's Dojo🏆 (Late Registration Available!),148,False,False,,,,,
2026-03-01_2026-03-31,69a9d6696a05f00a8c4a4d55,2026-03-08T16:00:00.000Z,Circuito TCG #1 | Z2 Gaming,53,False,False,,,,,
2026-03-01_2026-03-31,69a9eb746a05f00a8c4a4f5e,2026-03-10T22:05:00.000Z,Last Prize Season 2 Post PR SPE,137,False,False,,,,,
2026-03-01_2026-03-31,69a9f4f6f39e6e70969fc9b5,2026-03-07T21:30:00.000Z,Oscar’s Competitive Events | Second Tournament!,100,True,True,100,96,0.96,PTCGL,Oscar’s Oceanic Hangout
2026-03-01_2026-03-31,69ab0f306a05f00a8c4a593e,2026-03-11T20:15:00.000Z,BUSTARD #5 Prize Packs series 8 for Top8,54,False,False,,,,,
2026-03-01_2026-03-31,69acc5bc6a05f00a8c4a770f,2026-03-09T00:00:00.000Z,Rare Candy Club Showdown #12 (100 CODES),137,False,False,,,,,
2026-03-01_2026-03-31,69ad5da26a05f00a8c4a7a41,2026-03-11T20:15:00.000Z,ASRcristiano # 140 - Road to Seville !,159,False,False,,,,,
2026-03-01_2026-03-31,69ad5e43f39e6e70969ff145,2026-03-13T20:00:00.000Z,ASRcristiano # 142 - Road to Seville !,151,False,False,,,,,
2026-03-01_2026-03-31,69add9166a05f00a8c4a7f9f,2026-03-09T01:00:00.000Z,Sunday Funday T2TCG! 100 codes! ASC Format.,64,False,False,,,,,
2026-03-01_2026-03-31,69adef2cf39e6e70969ff6e6,2026-03-09T19:00:00.000Z,Pumpkaweekly,136,False,False,,,,,
2026-03-01_2026-03-31,69ae3c096a05f00a8c4a8376,2026-03-16T00:00:00.000Z,Rare Candy Club Showdown #13 (50 CODES),99,False,False,,,,,
2026-03-01_2026-03-31,69aeff24f39e6e70969fff1e,2026-03-10T02:05:00.000Z,🏛💫 Card Temple Weekly Battles #48,61,False,False,,,,,
2026-03-01_2026-03-31,69af359ef39e6e7096a002f1,2026-03-16T22:05:00.000Z,Sunny's Weekly #248 Pokopia!,158,False,False,,,,,
2026-03-01_2026-03-31,69b033f0f39e6e7096a00be6,2026-03-16T16:10:00.000Z,🏆Moujii's Dojo🏆 (Late Registration Available!),188,False,False,,,,,
2026-03-01_2026-03-31,69b099516a05f00a8c4a993f,2026-03-11T00:30:00.000Z,T2TCG TUESDAY! 100 codes! asc format,57,False,False,,,,,
2026-03-01_2026-03-31,69b2cb24f39e6e7096a01fd8,2026-03-14T17:00:00.000Z,🦇Nachtwache Tournament #11 100 Codes Prizing🦇,93,False,False,,,,,
2026-03-01_2026-03-31,69b440429f81767f3e801ac9,2026-03-15T00:30:00.000Z,Defenders Arena #7 🏆| 100 CODES!,59,False,False,,,,,
2026-03-01_2026-03-31,69b44d76ccdfe3b78e573780,2026-03-19T16:10:00.000Z,🏆Moujii's Dojo🏆 (Late Registration Available!),176,False,False,,,,,
2026-03-01_2026-03-31,69b56de49f81767f3e802166,2026-03-17T23:05:00.000Z,Last Prize Season 2,155,False,False,,,,,
2026-03-01_2026-03-31,69b609fbccdfe3b78e574700,2026-03-16T11:30:00.000Z,野狐x好奇杯ptcg日常赛（国际环境)-64CODES,56,False,False,,,,,
2026-03-01_2026-03-31,69b6f764ccdfe3b78e574c96,2026-03-15T21:00:00.000Z,SUNDAY FUNDAY T2TCG 100 CODES $5 USD,60,False,False,,,,,
2026-03-01_2026-03-31,69b716b89f81767f3e8030fd,2026-03-16T19:00:00.000Z,Pumpkaweekly,111,False,False,,,,,
2026-03-01_2026-03-31,69b7752fccdfe3b78e57526f,2026-03-19T23:00:00.000Z,💥​Plantel Battle #20 ASC💥​100 CODES ✔️​ TOP 8,57,False,False,,,,,
2026-03-01_2026-03-31,69b83974ccdfe3b78e575455,2026-03-17T01:30:00.000Z,🏛💫 Card Temple Weekly Battles #49,55,False,False,,,,,
2026-03-01_2026-03-31,69b89513ccdfe3b78e575981,2026-03-17T23:00:00.000Z,Torneo Gratuito 17 Marzo Sidedeck Online,71,False,False,,,,,
2026-03-01_2026-03-31,69b8b841ccdfe3b78e575a9a,2026-03-23T22:05:00.000Z,Sunny's Weekly #249 End of G Block,130,True,True,130,128,0.9846153846153847,PTCGL,Sunny's Weekly
2026-03-01_2026-03-31,69b97a769f81767f3e803f06,2026-03-23T16:10:00.000Z,🏆Moujii's Dojo🏆 (Late Registration Available!),145,True,True,145,141,0.9724137931034482,PTCGL,Moujii's Dojo
2026-03-01_2026-03-31,69b9f047ccdfe3b78e576158,2026-03-21T20:30:00.000Z,Oscar’s Competitive Events | Fourth Rendition,58,False,False,,,,,
2026-03-01_2026-03-31,69baaa31ccdfe3b78e5763e3,2026-03-18T20:00:00.000Z,ASRcristiano # 142 - Road to Seville !,138,False,False,,,,,
2026-03-01_2026-03-31,69baaa5eccdfe3b78e5763e4,2026-03-19T20:00:00.000Z,ASRcristiano # 143 - Road to Seville !,120,False,False,,,,,
2026-03-01_2026-03-31,69baf3fad478313a15a2e654,2026-03-22T22:00:00.000Z,Ascended Heroes! #7 (100 Codes),76,True,True,76,69,0.9078947368421053,PTCGL,Turn Zero Nexus
2026-03-01_2026-03-31,69bb039fd478313a15a2e71a,2026-03-19T01:00:00.000Z,Misplay Mafia Pop Up #1-Houston Regionals Practice,85,False,False,,,,,
2026-03-01_2026-03-31,69bc4c8836f5b5c303db9c1e,2026-03-20T20:00:00.000Z,Vault Weekly Runs #8 🏆| 100 CODES | JOIN :),108,False,False,,,,,
2026-03-01_2026-03-31,69bd8b99d478313a15a2f77d,2026-03-26T18:00:00.000Z,🏆Moujii's Dojo🏆 (Late Registration Available!),186,True,False,,,,PTCGL,Moujii's Dojo
2026-03-01_2026-03-31,69bea1bc36f5b5c303dbab28,2026-03-24T23:35:00.000Z,LAST PRIZE SERIES – Win a Pokepad Playset,226,True,True,226,220,0.9734513274336283,PTCGL,LastPrizeTCG
2026-03-01_2026-03-31,69befd9cd478313a15a303e5,2026-03-23T00:00:00.000Z,Rare Candy Club Showdown #15 (FINALE OF ROTATION),64,True,True,64,60,0.9375,PTCGL,Rare Candy Club
2026-03-01_2026-03-31,69bf453936f5b5c303dbb3d4,2026-03-22T21:30:00.000Z,🏆 Weekly Free Arena #2 | R$30 Each Top 3,94,True,False,,,,PTCGL,LojaTCG
2026-03-01_2026-03-31,69c09bc5d478313a15a31348,2026-03-23T19:00:00.000Z,Pumpkaweekly,104,True,True,104,100,0.9615384615384616,PTCGL,The Dice Town League
2026-03-01_2026-03-31,69c0de4ad478313a15a313ff,2026-03-26T23:00:00.000Z,Rare Candy Club Showdown #16 (PERFECT ORDER LEGAL),116,True,False,,,,PTCGL,Rare Candy Club
2026-03-01_2026-03-31,69c189fdd478313a15a31742,2026-03-30T22:05:00.000Z,Sunny's Weekly #250 Is Live Ready for Launch Yet?,179,True,True,179,173,0.9664804469273743,PTCGL,Sunny's Weekly
2026-03-01_2026-03-31,69c1a883d478313a15a318ca,2026-03-26T22:00:00.000Z,🏆 Weekly Arena #3 | Win Pass | Top 8 Codes,50,True,False,,,,PTCGL,LojaTCG
2026-03-01_2026-03-31,69c1aa3d36f5b5c303dbc553,2026-03-24T02:00:00.000Z,🏛💫 Card Temple Weekly Battles #50,51,True,True,51,48,0.9411764705882353,PTCGL,Card Temple
2026-03-01_2026-03-31,69c35c1bd478313a15a32370,2026-03-31T23:05:00.000Z,Last Prize Season 2 Perfect Order Edition,178,True,True,178,173,0.9719101123595506,PTCGL,LastPrizeTCG
2026-03-01_2026-03-31,69c3eeeb36f5b5c303dbd308,2026-03-25T20:00:00.000Z,ASRcristiano # 144 - Road to Seville !,125,True,True,125,124,0.992,PTCGL,ASRcristiano League
2026-03-01_2026-03-31,69c45755d478313a15a32a95,2026-03-29T15:00:00.000Z,🦇Nachtwache Post Rotation #12 100 Codes Prizing🦇,118,True,True,118,111,0.940677966101695,PTCGL,Nachtwache Tournament
2026-03-01_2026-03-31,69c58d52d478313a15a336c7,2026-03-29T00:30:00.000Z,Defenders Arena #9🏆|POST ROTATION | 100 CODES,75,True,True,75,73,0.9733333333333334,PTCGL,Vault of Games
2026-03-01_2026-03-31,69c67e3336f5b5c303dbea35,2026-03-27T20:00:00.000Z,ASRcristiano # 145 - POST ROTATION LEGAL,66,True,True,66,63,0.9545454545454546,PTCGL,ASRcristiano League
2026-03-01_2026-03-31,69c6aa89d478313a15a34044,2026-03-30T16:10:00.000Z,🏆Moujii's Dojo🏆 (Late Registration Available!),237,True,True,237,232,0.9789029535864979,PTCGL,Moujii's Dojo
2026-03-01_2026-03-31,69ca2d25d478313a15a37157,2026-03-30T18:00:00.000Z,Belg Replacement tour,82,True,True,82,76,0.926829268292683,PTCGL,Shmon
2026-03-01_2026-03-31,69ca954d36f5b5c303dc24a4,2026-03-31T02:00:00.000Z,🏛💫 Card Temple Weekly Battles #52,94,True,True,94,88,0.9361702127659575,PTCGL,Card Temple
2026-04-01_2026-04-30,697252639c739a2ff7bf557c,2026-04-17T16:05:00.000Z,Turtwig Den Revival Series Challenge 30,70,False,False,,,,,
2026-04-01_2026-04-30,697252b19c739a2ff7bf557f,2026-04-24T16:05:00.000Z,Turtwig Den Revival Series Challenge 31,92,True,True,92,89,0.967391304347826,PTCGL,DabbingUkranian
2026-04-01_2026-04-30,69b05926f39e6e7096a00d91,2026-04-05T00:00:00.000Z,RCC 500 MEMBERS | $50 USD PRIZE | NO ENTRY FEE,323,True,True,323,309,0.9566563467492261,PTCGL,Rare Candy Club
2026-04-01_2026-04-30,69c01982d478313a15a30b9d,2026-04-11T22:05:00.000Z,Redacted Heroes #10,276,False,False,,,,,
2026-04-01_2026-04-30,69c0199136f5b5c303dbb7ea,2026-04-18T22:05:00.000Z,Redacted Heroes #11,174,False,False,,,,,
2026-04-01_2026-04-30,69c0199836f5b5c303dbb7eb,2026-04-25T22:05:00.000Z,Redacted Heroes #12 (100 Codes),187,True,True,187,180,0.9625668449197861,PTCGL,Redacted Gaming
2026-04-01_2026-04-30,69c264c036f5b5c303dbca67,2026-04-02T16:10:00.000Z,🏆Moujii's Dojo🏆 (Late Registration Available!),252,True,True,252,243,0.9642857142857143,PTCGL,Moujii's Dojo
2026-04-01_2026-04-30,69c2d69636f5b5c303dbcbff,2026-04-01T17:00:00.000Z,N's Castle Showdown! Rotation is Here!!! 🔁,194,True,True,194,186,0.9587628865979382,PTCGL,N's Castle
2026-04-01_2026-04-30,69c4a32c36f5b5c303dbdb38,2026-04-05T22:00:00.000Z,Tokyo Nation Bi-Weekly #1,204,True,True,204,197,0.9656862745098039,PTCGL,Tokyo Nation Hobby Center
2026-04-01_2026-04-30,69c6872fd478313a15a33e92,2026-04-03T00:00:00.000Z,Le Tournois Du DresseurPokeCharbie #105,68,True,False,,,,PTCGL,DresseurPokeCharbie
2026-04-01_2026-04-30,69c77c1636f5b5c303dbf7cc,2026-04-03T08:30:00.000Z,Oceania Open!   |  Season 2 - Week 1,70,True,True,70,67,0.9571428571428572,PTCGL,TripleBtcg
2026-04-01_2026-04-30,69c77f4cd478313a15a34d8e,2026-04-10T09:30:00.000Z,Oceania Open! | Season 2 - Week 2,75,False,False,,,,,
2026-04-01_2026-04-30,69c77f6bd478313a15a34d90,2026-04-17T09:30:00.000Z,Oceania Open! | Season 2 - Week 3,67,False,False,,,,,
2026-04-01_2026-04-30,69c77f8236f5b5c303dbf7dd,2026-04-24T09:30:00.000Z,Oceania Open! | Season 2 - Week 4,61,True,True,61,58,0.9508196721311475,PTCGL,TripleBtcg
2026-04-01_2026-04-30,69c94e1c36f5b5c303dc141f,2026-04-19T22:00:00.000Z,Ascended Nexus! #9 (100 Codes),193,True,True,193,187,0.9689119170984456,PTCGL,Turn Zero Nexus
2026-04-01_2026-04-30,69c94f8bd478313a15a36404,2026-04-26T22:00:00.000Z,Ascended Nexus! #10 (100 Codes),163,True,True,163,156,0.9570552147239264,PTCGL,Turn Zero Nexus
2026-04-01_2026-04-30,69c9a7ef36f5b5c303dc1bee,2026-04-03T15:30:00.000Z,Pokemon TCG TOPDECK LEAGUE Online Reborn,104,True,True,104,101,0.9711538461538461,PTCGL,Pokemon TCG Fun League
2026-04-01_2026-04-30,69cab1db36f5b5c303dc26e5,2026-04-04T02:35:00.000Z,TOURNAMENT OF DOOM! IT'S A NEW DAY!,435,True,True,435,420,0.9655172413793104,PTCGL,Doom's Events and Catering
2026-04-01_2026-04-30,69cab5e036f5b5c303dc275b,2026-04-11T02:35:00.000Z,TOURNAMENT OF DOOM! BASIC ENERGY CARDS!,390,False,False,,,,,
2026-04-01_2026-04-30,69cab620d478313a15a375f7,2026-04-18T02:35:00.000Z,TOURNAMENT OF DOOM! BEST MEAL?,412,False,False,,,,,
2026-04-01_2026-04-30,69cab6bb36f5b5c303dc2765,2026-04-25T02:35:00.000Z,TOURNAMENT OF DOOM! BEST MEGA!,377,True,True,377,369,0.9787798408488063,PTCGL,Doom's Events and Catering
2026-04-01_2026-04-30,69cab79436f5b5c303dc2774,2026-04-14T03:35:00.000Z,CHALLENGE OF DOOM! I'm so tired.....,128,False,False,,,,,
2026-04-01_2026-04-30,69cac337d478313a15a37759,2026-04-03T21:00:00.000Z,Vault Weekly Runs #10🏆|POST ROTATION|$5 USD PRIZE,98,True,True,98,97,0.9897959183673469,PTCGL,Vault of Games
2026-04-01_2026-04-30,69cac80cd478313a15a377a1,2026-04-05T01:00:00.000Z,Defenders Arena #10🏆|POST ROTATION|$5 USD PRIZING,57,True,True,57,56,0.9824561403508771,PTCGL,Vault of Games
2026-04-01_2026-04-30,69cae57036f5b5c303dc2c49,2026-04-06T22:05:00.000Z,Sunny's Weekly #251 The Sunfather,256,True,True,256,249,0.97265625,PTCGL,Sunny's Weekly
2026-04-01_2026-04-30,69cc270b36f5b5c303dc3999,2026-04-01T19:00:00.000Z,ASRcristiano # 146 - POST ROTATION LEGAL,138,True,True,138,135,0.9782608695652174,PTCGL,ASRcristiano League
2026-04-01_2026-04-30,69cc272e36f5b5c303dc399a,2026-04-02T19:00:00.000Z,ASRcristiano # 147 - POST ROTATION LEGAL,139,True,True,139,136,0.9784172661870504,PTCGL,ASRcristiano League
2026-04-01_2026-04-30,69cc2759d478313a15a3858a,2026-04-03T19:00:00.000Z,ASRcristiano # 148 - POST ROTATION LEGAL,121,True,True,121,118,0.9752066115702479,PTCGL,ASRcristiano League
2026-04-01_2026-04-30,69cc316a36f5b5c303dc39e8,2026-04-03T18:00:00.000Z,⚡ Surge's TCG Vault Winner Takes All - TCG Live #1,52,True,True,52,49,0.9423076923076923,PTCGL,Surge's TCG Vault
2026-04-01_2026-04-30,69ce082cd478313a15a397de,2026-04-10T17:55:00.000Z,⚡ Surge's TCG Vault Winner Takes All - TCG Live #2,71,False,False,,,,,
2026-04-01_2026-04-30,69cf2028d478313a15a3a3f6,2026-04-10T00:00:00.000Z,Le Tournois Du DresseurPokeCharbie #106,87,False,False,,,,,
2026-04-01_2026-04-30,69cfcb280e548b5c2fbe18f6,2026-04-03T17:15:00.000Z,🦇Nachtwache Post Rotation #13 100 Codes Prizing🦇,75,True,True,75,73,0.9733333333333334,PTCGL,Nachtwache Tournament
2026-04-01_2026-04-30,69cffea2800d329be2e70f41,2026-04-09T16:10:00.000Z,🏆Moujii's Dojo🏆 (Late Registration Available!),205,False,False,,,,,
2026-04-01_2026-04-30,69d007970e548b5c2fbe1e64,2026-04-07T23:05:00.000Z,Post-Rotation Clash - Last Prize Series,240,True,True,240,236,0.9833333333333333,PTCGL,LastPrizeTCG
2026-04-01_2026-04-30,69d00dfe800d329be2e71035,2026-04-05T15:00:00.000Z,POST ROTATION Circuito TCG #2 | Z2 Gaming,126,True,True,126,119,0.9444444444444444,PTCGL,Z2 Gaming
2026-04-01_2026-04-30,69d0641e0e548b5c2fbe2588,2026-04-04T23:00:00.000Z,🏆 Weekly Arena #7 | Win Pass | Top 8 Codes,56,True,True,56,55,0.9821428571428571,PTCGL,LojaTCG
2026-04-01_2026-04-30,69d2a4fd0e548b5c2fbe3f3f,2026-04-06T18:00:00.000Z,Pumpkaweekly,266,True,True,266,259,0.9736842105263158,PTCGL,The Dice Town League
2026-04-01_2026-04-30,69d2ac7f0e548b5c2fbe3f6e,2026-04-05T23:35:00.000Z,Tcg Live Pop Up 5$ usd,120,True,True,120,116,0.9666666666666667,PTCGL,The Dark League
2026-04-01_2026-04-30,69d2e78a800d329be2e73457,2026-04-22T23:00:00.000Z,Tokyo Nation Monthly #2,179,True,True,179,175,0.9776536312849162,PTCGL,Tokyo Nation Hobby Center
2026-04-01_2026-04-30,69d350ed0e548b5c2fbe4633,2026-04-06T11:30:00.000Z,野狐x好奇杯ptcg日常赛（国际环境)-64CODES,50,True,True,50,47,0.94,PTCGL,HaoQi cup
2026-04-01_2026-04-30,69d3d12a0e548b5c2fbe48b8,2026-04-12T00:00:00.000Z,Rare Candy Club Showdown #17 (50 CODES),56,False,False,,,,,
2026-04-01_2026-04-30,69d3f86e800d329be2e73e67,2026-04-07T02:00:00.000Z,🏛💫 Card Temple Weekly Battles #53,102,True,True,102,98,0.9607843137254902,PTCGL,Card Temple
2026-04-01_2026-04-30,69d41c86800d329be2e7412a,2026-04-06T23:00:00.000Z,Dark League Tcg Live Pop Up 5$Usd,50,True,True,50,47,0.94,PTCGL,The Dark League
2026-04-01_2026-04-30,69d469a10e548b5c2fbe5318,2026-04-13T22:05:00.000Z,Sunny's Weekly #252 Mew World Order,225,False,False,,,,,
2026-04-01_2026-04-30,69d4d5660e548b5c2fbe56a8,2026-04-10T15:30:00.000Z,Pokemon TCG TOPDECK LEAGUE Online Reborn #2,68,False,False,,,,,
2026-04-01_2026-04-30,69d54bf70e548b5c2fbe5c80,2026-04-12T12:00:00.000Z,Tournoi amical LEAGUE canto N54°,63,False,False,,,,,
2026-04-01_2026-04-30,69d55eb50e548b5c2fbe5daf,2026-04-08T00:00:00.000Z,Torneo Gratuito Aniversario Sidedeck 7 Abril,79,True,True,79,76,0.9620253164556962,PTCGL,Juanma_TCG
2026-04-01_2026-04-30,69d5c66cb9ec970afa605628,2026-04-14T23:05:00.000Z,Post-Rotation - Last Prize Series,192,False,False,,,,,
2026-04-01_2026-04-30,69d60debc734cfa1af2b4cdf,2026-04-09T11:30:00.000Z,SEASAC League Challenge #1 (8 CODES),62,True,False,,,,PTCGL,SEASAC League
2026-04-01_2026-04-30,69d64cbab9ec970afa6058d9,2026-04-12T17:00:00.000Z,Monster Collectibles After Hours #1,137,False,False,,,,,
2026-04-01_2026-04-30,69d65ca0b9ec970afa605912,2026-04-08T19:00:00.000Z,ASRcristiano # 149 - Road to Prague Regional,156,True,True,156,147,0.9423076923076923,PTCGL,ASRcristiano League
2026-04-01_2026-04-30,69d65cbbc734cfa1af2b4dd4,2026-04-09T19:00:00.000Z,ASRcristiano # 150 - Road to Prague Regional,136,False,False,,,,,
2026-04-01_2026-04-30,69d65cddb9ec970afa605913,2026-04-10T19:00:00.000Z,ASRcristiano # 151 - Road to Prague Regional,108,False,False,,,,,
2026-04-01_2026-04-30,69d79d4fc734cfa1af2b5c86,2026-04-11T16:00:00.000Z,🦇Nachtwache Post Rotation #14 200 Codes Prizing🦇,132,False,False,,,,,
2026-04-01_2026-04-30,69d7aabcb9ec970afa6068ba,2026-04-11T12:00:00.000Z,SEASAC League Cup #1 (180+ CODES),61,False,False,,,,,
2026-04-01_2026-04-30,69d7ddb6c734cfa1af2b60a9,2026-04-11T23:30:00.000Z,Redacted Heroes 2nd Chance #4 (50 Codes),80,False,False,,,,,
2026-04-01_2026-04-30,69d90c3478b359b789d5d56e,2026-04-11T00:30:00.000Z,T2TCG NEW FORMAT FUN 100 CODES,58,False,False,,,,,
2026-04-01_2026-04-30,69d9140648d465883f70e294,2026-04-13T16:10:00.000Z,🏆Moujii's Dojo🏆 (Late Registration Available!),233,False,False,,,,,
2026-04-01_2026-04-30,69d9142548d465883f70e296,2026-04-16T16:10:00.000Z,🏆Moujii's Dojo🏆 (Late Registration Available!),233,False,False,,,,,
2026-04-01_2026-04-30,69d99b0748d465883f70ecf4,2026-04-15T17:00:00.000Z,N's Castle Showdown! | Hand disruption please 🥀,163,False,False,,,,,
2026-04-01_2026-04-30,69dab4f478b359b789d5f621,2026-04-13T00:00:00.000Z,Rare Candy Club Showdown #18 (50 CODES),233,False,False,,,,,
2026-04-01_2026-04-30,69dace0348d465883f710a17,2026-04-18T14:00:00.000Z,🦇Nachtwache #15 Season Start 100 Codes Prizing🦇,91,False,False,,,,,
2026-04-01_2026-04-30,69dace3e48d465883f710a26,2026-04-18T16:00:00.000Z,🦇Nachtwache #16 Season Start 100 Codes Prizing🦇,107,False,False,,,,,
2026-04-01_2026-04-30,69db0edd78b359b789d5fe68,2026-04-17T20:00:00.000Z,Vault Weekly Runs #12🏆|NAIC PREP|50+ CODES,64,False,False,,,,,
2026-04-01_2026-04-30,69db296678b359b789d5ffbd,2026-04-13T11:45:00.000Z,SEASAC League Challenge #3 (15 CODES),67,False,False,,,,,
2026-04-01_2026-04-30,69dbfa8f78b359b789d60954,2026-04-13T18:00:00.000Z,Pumpkaweekly,163,False,False,,,,,
2026-04-01_2026-04-30,69dc4e3248d465883f71215d,2026-04-15T11:30:00.000Z,SEASAC League Challenge #5 (15 CODES),66,False,False,,,,,
2026-04-01_2026-04-30,69dd1a9248d465883f712782,2026-04-14T02:00:00.000Z,🏛💫 Card Temple Weekly Battles #54,89,False,False,,,,,
2026-04-01_2026-04-30,69dd413778b359b789d615fa,2026-04-19T00:30:00.000Z,Defenders Arena #12🏆|NAIC PREP|50+ CODES,69,False,False,,,,,
2026-04-01_2026-04-30,69dd4d8948d465883f712c9d,2026-04-20T22:05:00.000Z,Sunny's Weekly #253 Party Time in Prague!,196,True,True,196,191,0.9744897959183674,PTCGL,Sunny's Weekly
2026-04-01_2026-04-30,69de05c878b359b789d61ed7,2026-04-16T11:30:00.000Z,SEASAC League Challenge #6 (30 CODES),66,False,False,,,,,
2026-04-01_2026-04-30,69de2fcf78b359b789d61f90,2026-04-17T18:00:00.000Z,⚡ Surge's TCG Vault Winner Takes All - TCG Live #3,85,False,False,,,,,
2026-04-01_2026-04-30,69de302c78b359b789d61f91,2026-04-24T18:00:00.000Z,⚡ Surge's TCG Vault Winner Takes All - TCG Live #4,68,True,True,68,64,0.9411764705882353,PTCGL,Surge's TCG Vault
2026-04-01_2026-04-30,69de46e178b359b789d62023,2026-04-15T00:00:00.000Z,Torneo Gratuito Sidedeck Online 14 Abril,104,False,False,,,,,
2026-04-01_2026-04-30,69df46ba48d465883f713d62,2026-04-15T19:00:00.000Z,ASRcristiano # 152 - Road to Prague Regional,143,False,False,,,,,
2026-04-01_2026-04-30,69df46e178b359b789d628a0,2026-04-16T19:00:00.000Z,ASRcristiano # 153 - Road to Prague Regional,143,False,False,,,,,
2026-04-01_2026-04-30,69df471178b359b789d628a1,2026-04-17T19:00:00.000Z,ASRcristiano # 154 - Road to Prague Regional,78,False,False,,,,,
2026-04-01_2026-04-30,69e03b0b48d465883f714794,2026-04-20T00:00:00.000Z,Rare Candy Club Showdown #19 (50 CODES),123,True,True,123,117,0.9512195121951219,PTCGL,Rare Candy Club
2026-04-01_2026-04-30,69e06c7278b359b789d6336f,2026-04-16T23:00:00.000Z,Gamers Alley Discord Tournament,101,False,False,,,,,
2026-04-01_2026-04-30,69e0780648d465883f7148a2,2026-04-19T12:00:00.000Z,SEASAC League Cup #2 (100 CODES),84,False,False,,,,,
2026-04-01_2026-04-30,69e128c248d465883f714f1c,2026-04-19T17:00:00.000Z,Monster Collectibles After Hours #2,172,True,True,172,169,0.9825581395348837,PTCGL,Monster Collectibles League
2026-04-01_2026-04-30,69e204ad78b359b789d64327,2026-04-23T16:10:00.000Z,🏆Moujii's Dojo🏆 (Late Registration Available!),259,True,True,259,255,0.9845559845559846,PTCGL,Moujii's Dojo
2026-04-01_2026-04-30,69e26fc978b359b789d64874,2026-04-20T11:30:00.000Z,SEASAC League Challenge #8 (30 CODES),78,True,True,78,75,0.9615384615384616,PTCGL,SEASAC League
2026-04-01_2026-04-30,69e2b7e448d465883f716226,2026-04-18T23:30:00.000Z,Redacted Heroes 2nd Chance #5 (50 Codes),57,False,False,,,,,
2026-04-01_2026-04-30,69e30a1748d465883f71677e,2026-04-21T11:30:00.000Z,SEASAC League Challenge #9 (30 CODES),72,True,True,72,68,0.9444444444444444,PTCGL,SEASAC League
2026-04-01_2026-04-30,69e4596b78b359b789d66a01,2026-04-22T11:30:00.000Z,SEASAC Regional #1 (300 CODES),87,True,True,87,83,0.9540229885057471,PTCGL,SEASAC League
2026-04-01_2026-04-30,69e45a8f78b359b789d66a24,2026-04-23T11:30:00.000Z,SEASAC League Challenge #10 (30 CODES),78,True,True,78,77,0.9871794871794872,PTCGL,SEASAC League
2026-04-01_2026-04-30,69e4ef0d48d465883f717ffc,2026-04-22T00:00:00.000Z,Torneo Gratuito Sidedeck Online 21 Abril,98,True,True,98,98,1.0,PTCGL,Juanma_TCG
2026-04-01_2026-04-30,69e4f71948d465883f718047,2026-04-25T23:30:00.000Z,Redacted Heroes 2nd Chance #6 (50 Codes),90,True,False,,,,PTCGL,Redacted Gaming
2026-04-01_2026-04-30,69e5409148d465883f718547,2026-04-27T22:05:00.000Z,Sunny's Weekly #254 Get in the Zone! Magnezone!,180,True,True,180,179,0.9944444444444445,PTCGL,Sunny's Weekly
2026-04-01_2026-04-30,69e54e3248d465883f7185c3,2026-04-21T02:00:00.000Z,⚔️ MONDAYFUNDAY SHOWDOWN ⚔️,99,True,True,99,96,0.9696969696969697,PTCGL,TopDeckSV
2026-04-01_2026-04-30,69e572bf78b359b789d678bb,2026-04-20T01:45:00.000Z,RIP PIDGEOT :( T2TCG 100 codes,53,True,True,53,50,0.9433962264150944,PTCGL,Evan’s Events
2026-04-01_2026-04-30,69e5f48048d465883f718a62,2026-04-25T11:30:00.000Z,SEASAC League Challenge #11 (30 CODES),66,True,True,66,65,0.9848484848484849,PTCGL,SEASAC League
2026-04-01_2026-04-30,69e60ad748d465883f718a9a,2026-04-20T19:00:00.000Z,Pumpkaweekly,234,True,True,234,228,0.9743589743589743,PTCGL,The Dice Town League
2026-04-01_2026-04-30,69e65a6b48d465883f718f13,2026-04-21T02:00:00.000Z,🏛💫 Card Temple Weekly Battles #55,58,True,True,58,55,0.9482758620689655,PTCGL,Card Temple
2026-04-01_2026-04-30,69e699f778b359b789d682f4,2026-04-21T23:35:00.000Z,Dragapult Party - LastPrize Series (100 Codes),227,True,True,227,219,0.9647577092511013,PTCGL,LastPrizeTCG
2026-04-01_2026-04-30,69e69c2048d465883f719400,2026-04-23T23:00:00.000Z,💥​Plantel Battle #21 💥​100 CODES ✔️​ TOP 8,163,True,True,163,159,0.9754601226993865,PTCGL,Mighow
2026-04-01_2026-04-30,69e86a5078b359b789d6939c,2026-04-27T00:00:00.000Z,Rare Candy Club Showdown #20 (50 CODES),123,True,True,123,118,0.959349593495935,PTCGL,Rare Candy Club
2026-04-01_2026-04-30,69e87a7348d465883f71a3d6,2026-04-28T12:00:00.000Z,SEASAC League Challenge #12 (30 CODES),81,True,True,81,75,0.9259259259259259,PTCGL,SEASAC League
2026-04-01_2026-04-30,69e8b5f878b359b789d69476,2026-04-29T18:00:00.000Z,PokeMagee weekly FIRST EVER TOURNAMENT,73,True,True,73,69,0.9452054794520548,PTCGL,MageeTCG Weekly
2026-04-01_2026-04-30,69e9be0148d465883f71ac10,2026-04-27T11:30:00.000Z,SEASAC League Cup #3 (100 CODES),100,True,True,100,97,0.97,PTCGL,SEASAC League
2026-04-01_2026-04-30,69ea14d878b359b789d69ee5,2026-04-26T17:00:00.000Z,Monster Collectibles After Hours #3,121,True,True,121,118,0.9752066115702479,PTCGL,Monster Collectibles League
2026-04-01_2026-04-30,69ea4c0a78b359b789d6a1ca,2026-04-29T11:30:00.000Z,SEASAC League Challenge #13 (30 CODES),78,True,True,78,76,0.9743589743589743,PTCGL,SEASAC League
2026-04-01_2026-04-30,69eae51348d465883f71b815,2026-04-30T11:30:00.000Z,SEASAC League Challenge #14 (30 CODES),81,True,True,81,76,0.9382716049382716,PTCGL,SEASAC League
2026-04-01_2026-04-30,69eb73b548d465883f71bb82,2026-04-24T21:00:00.000Z,Vault Weekly Runs #13🏆|PRAGUE REGIONAL|50+ CODES,65,True,True,65,64,0.9846153846153847,PTCGL,Vault of Games
2026-04-01_2026-04-30,69eb8d3e48d465883f71bccc,2026-04-27T18:10:00.000Z,🏆Moujii's Dojo🏆 (Late Registration Available!),237,True,True,237,224,0.9451476793248945,PTCGL,Moujii's Dojo
2026-04-01_2026-04-30,69eb8d9948d465883f71bcd3,2026-04-30T16:10:00.000Z,🏆Moujii's Dojo🏆 (Late Registration Available!),200,True,True,200,195,0.975,PTCGL,Moujii's Dojo
2026-04-01_2026-04-30,69ed5e502c2dde355260a31d,2026-04-30T23:00:00.000Z,Gamers Alley Weekly 300 Codes,107,True,True,107,104,0.9719626168224299,PTCGL,Greater Charlotte Pokemon 
2026-04-01_2026-04-30,69ee835463e53b0bb0b70194,2026-04-28T19:00:00.000Z,HydraTCG Serbia online tournament v2 (codes),135,True,True,135,131,0.9703703703703703,PTCGL,Hydra TCG Serbia
2026-04-01_2026-04-30,69ef09a50dbc80f3c21e9997,2026-04-27T20:00:00.000Z,Pumpkaweekly,76,True,True,76,74,0.9736842105263158,PTCGL,The Dice Town League
2026-04-01_2026-04-30,69ef98dee23aab068aad380d,2026-04-28T02:00:00.000Z,💫 Card Temple Weekly Battles #56,110,True,True,110,110,1.0,PTCGL,Card Temple
2026-04-01_2026-04-30,69f0de9fe23aab068aad4449,2026-04-28T23:30:00.000Z,Perfer Order Format - Last Prize Season 2,164,True,True,164,160,0.975609756097561,PTCGL,LastPrizeTCG
2026-04-01_2026-04-30,69f11b90e23aab068aad48d9,2026-04-29T00:00:00.000Z,Torneo Gratuito Sidedeck Online 28 Abril,74,True,True,74,73,0.9864864864864865,PTCGL,Juanma_TCG
2026-04-01_2026-04-30,69f1f2d24f71d664893e6fb2,2026-04-29T19:00:00.000Z,ASRcristiano # 155 - Road to Turin Special,111,True,True,111,108,0.972972972972973,PTCGL,ASRcristiano League
2026-04-01_2026-04-30,69f1f2f84f71d664893e6fc6,2026-04-30T19:00:00.000Z,ASRcristiano # 156 - Road to Turin Special,132,True,True,132,128,0.9696969696969697,PTCGL,ASRcristiano League
2026-05-01_2026-05-31,697252cab1294bfab7203637,2026-05-01T16:05:00.000Z,Turtwig Den Revival Series Cup 7,111,True,True,111,108,0.972972972972973,PTCGL,DabbingUkranian
2026-05-01_2026-05-31,6972532d9c739a2ff7bf5584,2026-05-15T16:05:00.000Z,Turtwig Den Revival Series Challenge 33,69,False,False,,,,,
2026-05-01_2026-05-31,697253489c739a2ff7bf5585,2026-05-26T16:05:00.000Z,Turtwig Den Revival Series Challenge 35,101,True,True,101,97,0.9603960396039604,PTCGL,DabbingUkranian
2026-05-01_2026-05-31,69725390b1294bfab720363c,2026-05-22T16:05:00.000Z,Turtwig Den Revival Series Challenge 34,76,True,False,,,,PTCGL,DabbingUkranian
2026-05-01_2026-05-31,69c9518a36f5b5c303dc144e,2026-05-13T22:00:00.000Z,Ascended Nexus! #12 (100 Codes),153,False,False,,,,,
2026-05-01_2026-05-31,69cab8a6d478313a15a3766c,2026-05-05T03:35:00.000Z,CHALLENGE OF DOOM! WORST SOUND IN THE WORLD?,128,True,True,128,126,0.984375,PTCGL,Doom's Events and Catering
2026-05-01_2026-05-31,69dc0f4548d465883f711e14,2026-05-02T14:00:00.000Z,🦇Nachtwache #17 Season 1|100 Codes Prizing🦇,67,True,True,67,66,0.9850746268656716,PTCGL,Nachtwache Tournament
2026-05-01_2026-05-31,69dc0f5848d465883f711e15,2026-05-02T16:00:00.000Z,🦇Nachtwache #18 Season 1|100 Codes Prizing🦇,80,True,True,80,77,0.9625,PTCGL,Nachtwache Tournament
2026-05-01_2026-05-31,69de303f78b359b789d61f92,2026-05-08T18:00:00.000Z,⚡ Surge's Winner Takes All - TCGLive#6,86,True,True,86,83,0.9651162790697675,PTCGL,Surge's TCG Vault
2026-05-01_2026-05-31,69e311d978b359b789d654b7,2026-05-01T09:30:00.000Z,Oceania Open! | Season 2 - Week 5,81,True,True,81,79,0.9753086419753086,PTCGL,TripleBtcg
2026-05-01_2026-05-31,69e311e948d465883f7167a2,2026-05-08T09:30:00.000Z,Oceania Open! | Season 2 - Week 6,76,True,True,76,73,0.9605263157894737,PTCGL,TripleBtcg
2026-05-01_2026-05-31,69e3122148d465883f7167a3,2026-05-15T09:30:00.000Z,Oceania Open! | Season 2 - Week 7,80,False,False,,,,,
2026-05-01_2026-05-31,69e3128478b359b789d654ba,2026-05-29T09:30:00.000Z,Oceania Open! | Season 2 - Week 9,78,True,True,78,75,0.9615384615384616,PTCGL,TripleBtcg
2026-05-01_2026-05-31,69e4f52248d465883f718019,2026-05-02T22:05:00.000Z,Redacted Heroes #13 (100 Codes),166,True,True,166,162,0.9759036144578314,PTCGL,Redacted Gaming
2026-05-01_2026-05-31,69e4f74e78b359b789d67076,2026-05-02T23:30:00.000Z,Redacted Heroes 2nd Chance #7 (50 Codes),80,True,False,,,,PTCGL,Redacted Gaming
2026-05-01_2026-05-31,69e4f7a148d465883f71804f,2026-05-09T23:30:00.000Z,Redacted Heroes 2nd Chance #8 (50 Codes),52,True,False,,,,PTCGL,Redacted Gaming
2026-05-01_2026-05-31,69e608b248d465883f718a90,2026-05-01T18:00:00.000Z,⚡ Surge's TCG Vault Winner Takes All - TCG Live #5,103,True,True,103,101,0.9805825242718447,PTCGL,Surge's TCG Vault
2026-05-01_2026-05-31,69e64cd178b359b789d67f05,2026-05-02T00:30:00.000Z,Torneo Online PTCGL AC Gratuito #2,55,True,True,55,54,0.9818181818181818,PTCGL,Alain Cards Online
2026-05-01_2026-05-31,69e8c29448d465883f71a4df,2026-05-01T18:30:00.000Z,🏆Ling TV ARENA🏆- SPECIAL PRICE,56,True,True,56,55,0.9821428571428571,PTCGL,Ling TV
2026-05-01_2026-05-31,69eb7d0078b359b789d6ad34,2026-05-03T00:00:00.000Z,Defenders Arena #13🏆|L.A REGIONAL PREP|50+ CODES,79,True,True,79,74,0.9367088607594937,PTCGL,Vault of Games
2026-05-01_2026-05-31,69eb924f78b359b789d6adf6,2026-05-02T02:35:00.000Z,TOURNAMENT OF DOOM! THE SEARCH FOR....,374,True,True,374,363,0.9705882352941176,PTCGL,Doom's Events and Catering
2026-05-01_2026-05-31,69eb980548d465883f71bd66,2026-05-09T02:35:00.000Z,TOURNAMENT OF DOOM! Is.....,257,True,True,257,251,0.9766536964980544,PTCGL,Doom's Events and Catering
2026-05-01_2026-05-31,69efb755e23aab068aad3a72,2026-05-04T22:05:00.000Z,Sunny's Weekly #255 May the 4th be with You!,190,True,True,190,181,0.9526315789473684,PTCGL,Sunny's Weekly
2026-05-01_2026-05-31,69f0df364f71d664893e65fe,2026-05-07T23:00:00.000Z,💥​Plantel Battle #22 💥​100 CODES ✔️​ TOP 8,104,True,True,104,101,0.9711538461538461,PTCGL,Mighow
2026-05-01_2026-05-31,69f0ea064f71d664893e6657,2026-05-04T00:00:00.000Z,Rare Candy Club Showdown #21 (50 CODES),129,True,True,129,126,0.9767441860465116,PTCGL,Rare Candy Club
2026-05-01_2026-05-31,69f0ef394f71d664893e6676,2026-05-04T18:10:00.000Z,🏆Moujii's Dojo🏆 (Late Registration Available!),237,True,True,237,231,0.9746835443037974,PTCGL,Moujii's Dojo
2026-05-01_2026-05-31,69f23003e23aab068aad5364,2026-05-03T11:30:00.000Z,SEASAC League Cup #4 (100 CODES),129,True,True,129,127,0.9844961240310077,PTCGL,SEASAC League
2026-05-01_2026-05-31,69f3a781e23aab068aad6244,2026-05-12T00:00:00.000Z,🇧🇷 Hit Cup #5 |  TCG Live,62,True,True,62,61,0.9838709677419355,PTCGL,Hit Legends
2026-05-01_2026-05-31,69f3c02c4f71d664893e8327,2026-05-05T23:35:00.000Z,LastPrize Series (100 Codes Prize Pool),196,True,True,196,189,0.9642857142857143,PTCGL,LastPrizeTCG
2026-05-01_2026-05-31,69f4194ae23aab068aad6a06,2026-05-05T11:30:00.000Z,SEASAC League Challenge #16 (30 CODES),96,True,True,96,93,0.96875,PTCGL,SEASAC League
2026-05-01_2026-05-31,69f41eaf4f71d664893e891d,2026-05-07T11:30:00.000Z,SEASAC League Challenge #18 (30 CODES),97,True,True,97,93,0.9587628865979382,PTCGL,SEASAC League
2026-05-01_2026-05-31,69f442124f71d664893e8a93,2026-05-06T00:00:00.000Z,Torneo Gratuito Sidedeck Online 5 Mayo,102,True,True,102,102,1.0,PTCGL,Juanma_TCG
2026-05-01_2026-05-31,69f4579be23aab068aad6b4a,2026-05-11T11:30:00.000Z,SEASAC Regional #2 | $25 PRIZE | FREE ENTRY,109,True,True,109,103,0.944954128440367,PTCGL,SEASAC League
2026-05-01_2026-05-31,69f4bd75e23aab068aad7131,2026-05-03T17:00:00.000Z,Monster Collectibles After Hours #4,149,True,True,149,145,0.9731543624161074,PTCGL,Monster Collectibles League
2026-05-01_2026-05-31,69f4c2ade23aab068aad71d5,2026-05-16T02:35:00.000Z,TOURNAMENT OF DOOM! ART! ART! ART!,276,False,False,,,,,
2026-05-01_2026-05-31,69f4c2e74f71d664893e8ef9,2026-05-23T02:35:00.000Z,"TOURNAMENT OF DOOM! YES, CHAOS!",284,True,True,284,276,0.971830985915493,PTCGL,Doom's Events and Catering
2026-05-01_2026-05-31,69f4c3264f71d664893e8efe,2026-05-30T02:35:00.000Z,TOURNAMENT OF DOOM! SOON! SOON! SOON!,289,True,True,289,282,0.9757785467128027,PTCGL,Doom's Events and Catering
2026-05-01_2026-05-31,69f553544f71d664893e99f0,2026-05-07T16:10:00.000Z,🏆Moujii's Dojo🏆 (Late Registration Available!),197,True,True,197,190,0.9644670050761421,PTCGL,Moujii's Dojo
2026-05-01_2026-05-31,69f58026e23aab068aad8078,2026-05-02T11:30:00.000Z,SEASAC League Challenge #15 (30 CODES),68,True,True,68,68,1.0,PTCGL,SEASAC League
2026-05-01_2026-05-31,69f5fcfce23aab068aad84d5,2026-05-05T19:00:00.000Z,Hydra TCG Serbia online tournament v3 (codes),158,True,True,158,149,0.9430379746835443,PTCGL,Hydra TCG Serbia
2026-05-01_2026-05-31,69f74c70e23aab068aad9a7f,2026-05-03T22:00:00.000Z,Redacted Heroes Open Cup,197,True,True,197,187,0.949238578680203,PTCGL,Redacted Gaming
2026-05-01_2026-05-31,69f7b19d4f71d664893ebb8d,2026-05-04T18:00:00.000Z,Pumpkaweekly,137,True,True,137,134,0.9781021897810219,PTCGL,The Dice Town League
2026-05-01_2026-05-31,69f7f9bae23aab068aada3ce,2026-05-16T18:00:00.000Z,"[$115 PRIZE POOL] MAY ""ONE TYPE CHALLENGE"" COOKOFF",93,False,False,,,,,
2026-05-01_2026-05-31,69f8b1a7e23aab068aada84d,2026-05-05T02:00:00.000Z,🏛💫 Card Temple Weekly Battles #57,75,True,True,75,71,0.9466666666666667,PTCGL,Card Temple
2026-05-01_2026-05-31,69f8f8ee4f71d664893ecca1,2026-05-06T18:00:00.000Z,PokeMagee weekly Week #2,98,True,True,98,95,0.9693877551020408,PTCGL,MageeTCG Weekly
2026-05-01_2026-05-31,69f911d8e23aab068aadafe5,2026-05-11T22:05:00.000Z,Sunny's Weekly #256 Ciphermaniac’s 256-Bit Gaming!,171,True,True,171,167,0.9766081871345029,PTCGL,Sunny's Weekly
2026-05-01_2026-05-31,69f9383e4f71d664893ed246,2026-05-09T22:00:00.000Z,Trainers Travel Weekly #1 |$100 OR Free Hotel,232,True,True,232,227,0.978448275862069,PTCGL,The Aether Paradise
2026-05-01_2026-05-31,69f9d5724f71d664893ed74c,2026-05-06T11:30:00.000Z,SEASAC League Challenge #17 (30 CODES),76,True,True,76,73,0.9605263157894737,PTCGL,SEASAC League
2026-05-01_2026-05-31,69fa0db04f71d664893ed8b4,2026-05-11T16:10:00.000Z,🏆Moujii's Dojo🏆 (Late Registration Available!),182,True,True,182,179,0.9835164835164835,PTCGL,Moujii's Dojo
2026-05-01_2026-05-31,69fb3abc4f71d664893ee510,2026-05-06T19:00:00.000Z,ASRcristiano # 157 - Road to Turin Special,129,True,True,129,126,0.9767441860465116,PTCGL,ASRcristiano League
2026-05-01_2026-05-31,69fb3adc4f71d664893ee513,2026-05-07T19:15:00.000Z,ASRcristiano # 158 - Road to Turin Special,156,True,True,156,155,0.9935897435897436,PTCGL,ASRcristiano League
2026-05-01_2026-05-31,69fb9dc04f71d664893eea8b,2026-05-11T00:00:00.000Z,Rare Candy Club Showdown #22 (50 CODES),95,True,True,95,90,0.9473684210526315,PTCGL,Rare Candy Club
2026-05-01_2026-05-31,69fc1fb34f71d664893eefd5,2026-05-09T11:30:00.000Z,SEASAC League Challenge #19 (30 CODES),59,True,True,59,56,0.9491525423728814,PTCGL,SEASAC League
2026-05-01_2026-05-31,69fdf81a2b59cd9b66b26f6d,2026-05-22T18:00:00.000Z,⚡ Surge's TCG Vault Winner Takes All - TCG Live #8,84,True,True,84,83,0.9880952380952381,PTCGL,Surge's TCG Vault
2026-05-01_2026-05-31,69fdf8222b59cd9b66b26f6e,2026-05-29T18:05:00.000Z,⚡ Surge's TCG Vault Winner Takes All - TCG Live #9,108,True,True,108,101,0.9351851851851852,PTCGL,Surge's TCG Vault
2026-05-01_2026-05-31,69fdf9d22b59cd9b66b26fc1,2026-05-15T21:00:00.000Z,Vault Weekly #14🏆|INDY REGIONAL PREP|50+ CODES,76,False,False,,,,,
2026-05-01_2026-05-31,69fdfc71461536448f7a79ca,2026-05-15T11:30:00.000Z,SEASAC World Championships Qualifiers (1000 ROBUX),77,False,False,,,,,
2026-05-01_2026-05-31,69fe0e66461536448f7a7afb,2026-05-10T11:30:00.000Z,SEASAC League Challenge #20 (30 CODES),53,True,True,53,51,0.9622641509433962,PTCGL,SEASAC League
2026-05-01_2026-05-31,69fe0e8e2b59cd9b66b270a4,2026-05-12T11:30:00.000Z,SEASAC League Challenge #21 (30 CODES),84,True,True,84,79,0.9404761904761905,PTCGL,SEASAC League
2026-05-01_2026-05-31,69fe0ead461536448f7a7aff,2026-05-13T11:30:00.000Z,SEASAC League Challenge #22 (30 CODES),81,False,False,,,,,
2026-05-01_2026-05-31,69fe22972b59cd9b66b271bd,2026-05-14T16:10:00.000Z,🏆Moujii's Dojo🏆 (Late Registration Available!),200,False,False,,,,,
2026-05-01_2026-05-31,69fee88e13f957d6d4b43460,2026-05-09T18:30:00.000Z,🏆Ling TV ARENA🏆- SPECIAL PRICE,75,True,True,75,75,1.0,PTCGL,Ling TV
2026-05-01_2026-05-31,69ffbc0313f957d6d4b445a6,2026-05-15T18:30:00.000Z,🏆Ling TV ARENA🏆- TOP 3 PRICE,62,False,False,,,,,
2026-05-01_2026-05-31,69ffcd8fdfbdf089cbbd68d6,2026-05-26T03:35:00.000Z,CHALLENGE OF DOOM! TRY'S REALLY HARD!,128,True,True,128,121,0.9453125,PTCGL,Doom's Events and Catering
2026-05-01_2026-05-31,6a00533113f957d6d4b44acc,2026-05-17T08:00:00.000Z,OceanicTournamentSeries2026 08/20,50,False,False,,,,,
2026-05-01_2026-05-31,6a008dd4dfbdf089cbbd7088,2026-05-13T18:00:00.000Z,🏆 PokeMagee weekly 🤙Week#3 - top 8 codes!,129,False,False,,,,,
2026-05-01_2026-05-31,6a00a224dfbdf089cbbd71a7,2026-05-10T19:30:00.000Z,CardHUB Tournament,63,True,True,63,63,1.0,PTCGL,CARDHUB
2026-05-01_2026-05-31,6a00a26413f957d6d4b44e49,2026-05-10T22:00:00.000Z,🎮 Free Night – R$30 + Top 10 Codes,94,True,False,,,,PTCGL,LojaTCG
2026-05-01_2026-05-31,6a00e0c0dfbdf089cbbd7654,2026-05-11T18:00:00.000Z,Pumpkaweekly,125,True,True,125,124,0.992,PTCGL,The Dice Town League
2026-05-01_2026-05-31,6a01268213f957d6d4b4574a,2026-05-18T22:05:00.000Z,Sunny's Weekly #257 Miltank Is Udder Perfection,163,False,False,,,,,
2026-05-01_2026-05-31,6a012a3adfbdf089cbbd7a69,2026-05-13T00:15:00.000Z,Rare Candy Club Showdown #23 (50 CODES),78,False,False,,,,,
2026-05-01_2026-05-31,6a01d5f2dfbdf089cbbd7da0,2026-05-12T02:00:00.000Z,🏛💫 Card Temple Weekly Battles #58,114,True,True,114,112,0.9824561403508771,PTCGL,Card Temple
2026-05-01_2026-05-31,6a027c0adfbdf089cbbd87cf,2026-05-12T23:35:00.000Z,Last Chance- Last Prize Season 2,133,True,True,133,128,0.9624060150375939,PTCGL,LastPrizeTCG
2026-05-01_2026-05-31,6a02f07c13f957d6d4b46820,2026-05-14T19:00:00.000Z,Hydra TCG Serbia online tournament v4 (codes),69,False,False,,,,,
2026-05-01_2026-05-31,6a02f37213f957d6d4b46851,2026-05-18T16:10:00.000Z,🏆Moujii's Dojo🏆 (Late Registration Available!),201,False,False,,,,,
2026-05-01_2026-05-31,6a03470213f957d6d4b4699f,2026-05-13T00:00:00.000Z,Torneo Gratuito Sidedeck Online 12 Mayo,54,True,False,,,,PTCGL,Juanma_TCG
2026-05-01_2026-05-31,6a0476cb13f957d6d4b47405,2026-05-16T22:00:00.000Z,Trainers Travel Weekly #2 |$100 OR Free Hotel,215,False,False,,,,,
2026-05-01_2026-05-31,6a048b4edfbdf089cbbd97e4,2026-05-14T11:30:00.000Z,SEASAC League Challenge #23 (100 CODES),82,False,False,,,,,
2026-05-01_2026-05-31,6a04910adfbdf089cbbd9803,2026-05-14T23:00:00.000Z,💥​Plantel Battle #23 💥​100 CODES ✔️​ TOP 8,103,False,False,,,,,
2026-05-01_2026-05-31,6a04a54e13f957d6d4b474d6,2026-05-17T00:30:00.000Z,Defenders Arena #15🏆|INDY REGIONAL PREP|50+ CODES,108,False,False,,,,,
2026-05-01_2026-05-31,6a04e3e2dfbdf089cbbd9b5e,2026-05-18T00:00:00.000Z,Rare Candy Club Showdown #24 (50 CODES),213,False,False,,,,,
2026-05-01_2026-05-31,6a05c30013f957d6d4b47b14,2026-05-20T18:00:00.000Z,PokeMagee weekly Week #4,79,False,False,,,,,
2026-05-01_2026-05-31,6a05e7e913f957d6d4b47be5,2026-05-19T02:00:00.000Z,🏛💫 Card Temple Weekly Battles #59,128,False,False,,,,,
2026-05-01_2026-05-31,6a075d6cdfbdf089cbbdae47,2026-05-21T16:10:00.000Z,🏆Moujii's Dojo🏆 (Late Registration Available!),161,False,False,,,,,
2026-05-01_2026-05-31,6a081a1513f957d6d4b491e9,2026-05-17T11:30:00.000Z,SEASAC League Challenge #1 (SEASON 2),75,False,False,,,,,
2026-05-01_2026-05-31,6a08887ddfbdf089cbbdb678,2026-05-20T11:30:00.000Z,SEASAC League Challenge #3 [50 CODES],68,False,False,,,,,
2026-05-01_2026-05-31,6a08890a13f957d6d4b494ec,2026-05-21T11:30:00.000Z,SEASAC League Challenge #4 [50 CODES],70,False,False,,,,,
2026-05-01_2026-05-31,6a08895ddfbdf089cbbdb67d,2026-05-23T11:30:00.000Z,SEASAC League Challenge #5 [50 CODES],71,True,True,71,67,0.9436619718309859,PTCGL,SEASAC League
2026-05-01_2026-05-31,6a088a12dfbdf089cbbdb684,2026-05-27T11:30:00.000Z,SEASAC League Challenge #9 [50 CODES],72,True,True,72,67,0.9305555555555556,PTCGL,SEASAC League
2026-05-01_2026-05-31,6a088a6adfbdf089cbbdb685,2026-05-28T11:30:00.000Z,SEASAC League Challenge #10 [50 CODES],72,True,True,72,67,0.9305555555555556,PTCGL,SEASAC League
2026-05-01_2026-05-31,6a09011713f957d6d4b49caf,2026-05-23T20:00:00.000Z,Redacted Chaos #1 (100 Codes),99,True,True,99,96,0.9696969696969697,PTCGL,Redacted Gaming
2026-05-01_2026-05-31,6a0902c213f957d6d4b49cca,2026-05-23T23:30:00.000Z,Redacted Chaos 2nd Chance #1 (50 Codes),79,True,True,79,72,0.9113924050632911,PTCGL,Redacted Gaming
2026-05-01_2026-05-31,6a09ede013f957d6d4b4a556,2026-05-26T23:35:00.000Z,Chaos Rising LAST PRIZE SERIES Season 3,216,True,True,216,209,0.9675925925925926,PTCGL,LastPrizeTCG
2026-05-01_2026-05-31,6a0ad71ddfbdf089cbbdc8f4,2026-05-19T11:30:00.000Z,SEASAC League Challenge #2 [50 CODES],88,False,False,,,,,
2026-05-01_2026-05-31,6a0ae8dedfbdf089cbbdc90e,2026-05-24T11:30:00.000Z,SEASAC League Challenge #6 [50 CODES],100,True,True,100,87,0.87,PTCGL,SEASAC League
2026-05-01_2026-05-31,6a0ae95213f957d6d4b4ab3a,2026-05-25T11:30:00.000Z,SEASAC League Challenge #7 [50 CODES],101,True,True,101,94,0.9306930693069307,PTCGL,SEASAC League
2026-05-01_2026-05-31,6a0ae9ecdfbdf089cbbdc912,2026-05-26T11:30:00.000Z,SEASAC League Challenge #8 [50 CODES],95,True,True,95,89,0.9368421052631579,PTCGL,SEASAC League
2026-05-01_2026-05-31,6a0b16b3dfbdf089cbbdc9ed,2026-05-18T18:00:00.000Z,We-miss-PumpkaAmy replacement tour,72,False,False,,,,,
2026-05-01_2026-05-31,6a0b5f2913f957d6d4b4ae56,2026-05-25T22:05:00.000Z,Sunny's Weekly #258 Sunny's Birthday Bash!,170,True,True,170,165,0.9705882352941176,PTCGL,Sunny's Weekly
2026-05-01_2026-05-31,6a0b657adfbdf089cbbdcdb1,2026-05-22T21:00:00.000Z,Vault Weekly #15🏆|NA INTERNATIONAL PREP|50+ CODES,68,True,True,68,67,0.9852941176470589,PTCGL,Vault of Games
2026-05-01_2026-05-31,6a0c62cd13f957d6d4b4b64e,2026-05-20T00:00:00.000Z,Torneo Gratuito Sidedeck Online 19 Mayo,71,False,False,,,,,
2026-05-01_2026-05-31,6a0c82c1dfbdf089cbbdd5c6,2026-05-20T01:30:00.000Z,Arrow Melbourne Regional / NAIC Training #2,61,False,False,,,,,
2026-05-01_2026-05-31,6a0c8726dfbdf089cbbdd5e0,2026-05-20T14:00:00.000Z,"10,000 POUND PRIZE POOL | WINNER-TAKES-ALL | FREE",52,False,False,,,,,
2026-05-01_2026-05-31,6a0c882813f957d6d4b4b701,2026-05-24T22:00:00.000Z,Turn Zero Rising! #1 (200 Codes),181,True,True,181,171,0.9447513812154696,PTCGL,Turn Zero Nexus
2026-05-01_2026-05-31,6a0c908513f957d6d4b4b729,2026-05-25T16:10:00.000Z,🏆Moujii's Dojo🏆 (Late Registration Available!),260,True,True,260,251,0.9653846153846154,PTCGL,Moujii's Dojo
2026-05-01_2026-05-31,6a0d4df7dfbdf089cbbddba5,2026-05-25T00:00:00.000Z,Rare Candy Club Showdown #25 (CHAOS RISING LEGAL),140,True,True,140,133,0.95,PTCGL,Rare Candy Club
2026-05-01_2026-05-31,6a0db12ddfbdf089cbbddd0f,2026-05-20T19:00:00.000Z,ASRcristiano # 159 - Road to Turin Special,112,False,False,,,,,
2026-05-01_2026-05-31,6a0db16413f957d6d4b4bd16,2026-05-21T19:00:00.000Z,ASRcristiano # 160 - Road to Turin Special,84,True,True,84,83,0.9880952380952381,PTCGL,ASRcristiano League
2026-05-01_2026-05-31,6a0db187dfbdf089cbbddd10,2026-05-22T19:00:00.000Z,ASRcristiano # 161 - Road to Turin Special,68,True,True,68,67,0.9852941176470589,PTCGL,ASRcristiano League
2026-05-01_2026-05-31,6a0dfdc813f957d6d4b4bfb4,2026-05-23T22:00:00.000Z,Trainers Travel Weekly #3 POR $100 OR Free Hotel,170,True,True,170,161,0.9470588235294117,PTCGL,The Aether Paradise
2026-05-01_2026-05-31,6a0f117913f957d6d4b4c5f5,2026-05-25T22:00:00.000Z,ARTEUS TCG - MONDAY LEGENDS,52,True,True,52,50,0.9615384615384616,PTCGL,ARTEUS TCG
2026-05-01_2026-05-31,6a0f9b31dfbdf089cbbdec47,2026-05-28T16:15:00.000Z,🏆Moujii's Dojo🏆 (Late Registration Available!),186,True,True,186,184,0.989247311827957,PTCGL,Moujii's Dojo
2026-05-01_2026-05-31,6a1051be0f6c1f089985e5c5,2026-05-24T17:00:00.000Z,Monster collectibles after hours #6,102,True,True,102,99,0.9705882352941176,PTCGL,Monster Collectibles League
2026-05-01_2026-05-31,6a11f9e58c163b8097995c8d,2026-05-29T16:00:00.000Z,Corna Testing Grounds,60,True,True,60,53,0.8833333333333333,PTCGL,Team Corna
2026-05-01_2026-05-31,6a134a350f6c1f08998603b6,2026-05-27T18:00:00.000Z,🏆 PokeMagee weekly 🤙week #5,72,True,True,72,70,0.9722222222222222,PTCGL,MageeTCG Weekly
2026-05-01_2026-05-31,6a1353ec0f6c1f0899860401,2026-05-25T18:00:00.000Z,Pumpkaweekly,127,True,True,127,122,0.9606299212598425,PTCGL,The Dice Town League
2026-05-01_2026-05-31,6a1358470f6c1f089986042b,2026-05-31T17:00:00.000Z,Monster Collectibles After Hours #7,129,True,True,129,121,0.937984496124031,PTCGL,Monster Collectibles League
2026-05-01_2026-05-31,6a1393938c163b8097996a8d,2026-05-29T22:30:00.000Z,"1º Liga Gladiators #Curitiba $30,00 + 100 Códigos.",57,True,True,57,52,0.9122807017543859,PTCGL,LojaTCG
2026-05-01_2026-05-31,6a147c168c163b809799713a,2026-05-26T02:00:00.000Z,🏛💫 Card Temple Weekly Battles #60,62,True,True,62,58,0.9354838709677419,PTCGL,Card Temple
2026-05-01_2026-05-31,6a15c3250f6c1f0899861736,2026-05-27T14:30:00.000Z,CA$H PRIZING | UNOWN WEEKLY #2 | FREE ENTRY,55,True,False,,,,PTCGL,Unown TCG
2026-05-01_2026-05-31,6a15ca7b8c163b8097997ceb,2026-05-26T17:45:00.000Z,⚡ Surge's TCG Vault Winner Takes All - 50 Codes,58,True,True,58,54,0.9310344827586207,PTCGL,Surge's TCG Vault
2026-05-01_2026-05-31,6a15cf0d0f6c1f08998617d7,2026-05-27T00:00:00.000Z,Torneo Gratuito Sidedeck Online 26 Mayo,94,True,True,94,91,0.9680851063829787,PTCGL,Juanma_TCG
2026-05-01_2026-05-31,6a15f7da8c163b8097997eb4,2026-05-28T23:00:00.000Z,💥​Plantel Battle #24 CHAOS 💥​100 CODES ✔️​ TOP 8,107,True,True,107,105,0.9813084112149533,PTCGL,Mighow
2026-05-01_2026-05-31,6a16fccf8c163b80979985da,2026-05-27T17:00:00.000Z,⚡ Surge's TCG Vault Winner Takes All - 50 Codes,76,True,True,76,72,0.9473684210526315,PTCGL,Surge's TCG Vault
2026-05-01_2026-05-31,6a16fecd0f6c1f089986214c,2026-05-27T21:00:00.000Z,Hideout TCG ptcgl cash tournamnet $20.00 (chaos✓),92,True,True,92,88,0.9565217391304348,PTCGL,Hideout TCG
2026-05-01_2026-05-31,6a1777d18c163b8097998ac4,2026-05-29T23:03:00.000Z,Redacted Chaos #2 (100 Codes),72,True,True,72,69,0.9583333333333334,PTCGL,Redacted Gaming
2026-05-01_2026-05-31,6a1778248c163b8097998ac6,2026-05-30T23:00:00.000Z,Redacted Chaos 2nd Chance #2 (50 Codes),96,True,True,96,90,0.9375,PTCGL,Redacted Gaming
2026-05-01_2026-05-31,6a18254a8c163b8097998d06,2026-05-30T11:30:00.000Z,SEASAC League Cup #1 [200 CODES],100,True,True,100,97,0.97,PTCGL,SEASAC League
2026-05-01_2026-05-31,6a183bec0f6c1f0899862992,2026-05-28T19:00:00.000Z,ASRcristiano # 162 - Road to Turin Special,117,True,True,117,116,0.9914529914529915,PTCGL,ASRcristiano League
2026-05-01_2026-05-31,6a183c0c0f6c1f0899862994,2026-05-29T19:00:00.000Z,ASRcristiano # 163 - Road to Turin Special,67,True,True,67,67,1.0,PTCGL,ASRcristiano League
2026-05-01_2026-05-31,6a19b01c56b11a587a942c2a,2026-05-31T11:30:00.000Z,SEASAC League Challenge #11 [50 CODES],93,True,True,93,87,0.9354838709677419,PTCGL,SEASAC League
2026-05-01_2026-05-31,6a1aef7856b11a587a943ac8,2026-05-30T17:55:00.000Z,⚡ Surge's TCG Vault Winner Takes All - 50 Codes,65,True,True,65,61,0.9384615384615385,PTCGL,Surge's TCG Vault
2026-06-01_2026-06-30,697254249c739a2ff7bf5591,2026-06-05T16:05:00.000Z,Turtwig Den Revival Series Cup 8,78,False,False,,,,,
2026-06-01_2026-06-30,69725451b1294bfab7203643,2026-06-09T16:05:00.000Z,Turtwig Den Revival Series Challenge 36,84,False,False,,,,,
2026-06-01_2026-06-30,697254ebb1294bfab7203649,2026-06-30T16:05:00.000Z,Turtwig Den Revival Series Regional 4,53,True,True,53,50,0.9433962264150944,PTCGL,DabbingUkranian
2026-06-01_2026-06-30,69cada2ad478313a15a37972,2026-06-06T15:00:00.000Z,CHAMPIONSHIP OF DOOM! IX,450,False,False,,,,,
2026-06-01_2026-06-30,69e3128978b359b789d654bc,2026-06-05T09:30:00.000Z,Oceania Open! | Season 2 - Week 10,75,False,False,,,,,
2026-06-01_2026-06-30,69e3128d48d465883f7167a7,2026-06-12T09:30:00.000Z,Oceania Open! | Season 2 - Week 11,64,True,True,64,60,0.9375,PTCGL,TripleBtcg
2026-06-01_2026-06-30,69e3129248d465883f7167a8,2026-06-19T09:30:00.000Z,Oceania Open! | Season 2 - Week 12,51,True,True,51,49,0.9607843137254902,PTCGL,TripleBtcg
2026-06-01_2026-06-30,69fdf82e2b59cd9b66b26f70,2026-06-05T18:00:00.000Z,⚡Surge's TCG Vault Winner Takes All - TCG Live #10,102,False,False,,,,,
2026-06-01_2026-06-30,6a03e4e413f957d6d4b4720f,2026-06-29T00:00:00.000Z,RCC 1000 MEMBERS | $100 USD PRIZE | NO ENTRY FEE,382,False,False,,,,,
2026-06-01_2026-06-30,6a0b675713f957d6d4b4aecf,2026-06-12T18:00:00.000Z,⚡ Surge's TCG Vault Winner Takes All TCG Live #11,71,True,True,71,63,0.8873239436619719,PTCGL,Surge's TCG Vault
2026-06-01_2026-06-30,6a0b676d13f957d6d4b4aed0,2026-06-19T18:00:00.000Z,⚡ Surge's TCG Vault Winner Takes All TCG Live #12,102,True,True,102,100,0.9803921568627451,PTCGL,Surge's TCG Vault
2026-06-01_2026-06-30,6a0b680613f957d6d4b4aed3,2026-06-26T18:00:00.000Z,⚡ Surge's TCG Vault Winner Takes All TCG Live #13,63,False,False,,,,,
2026-06-01_2026-06-30,6a0c8905dfbdf089cbbdd5e8,2026-06-07T22:00:00.000Z,Turn Zero Rising! #2 (100 Codes),176,False,False,,,,,
2026-06-01_2026-06-30,6a149cd28c163b809799739d,2026-06-01T22:05:00.000Z,Sunny's Weekly #259 5 Years of Sunny's Weekly!,168,False,False,,,,,
2026-06-01_2026-06-30,6a1508b88c163b8097997932,2026-06-02T22:00:00.000Z,ARTEUS TCG - TUESDAY LEGENDS,77,False,False,,,,,
2026-06-01_2026-06-30,6a15d93e8c163b8097997d76,2026-06-01T16:10:00.000Z,🏆Moujii's Dojo🏆 (Late Registration Available!),170,True,True,170,161,0.9470588235294117,PTCGL,Moujii's Dojo
2026-06-01_2026-06-30,6a1661c08c163b8097998337,2026-06-02T23:35:00.000Z,Chaos Rising LAST PRIZE SERIES Season 3,170,False,False,,,,,
2026-06-01_2026-06-30,6a17753a0f6c1f08998626af,2026-06-01T00:00:00.000Z,Rare Candy Club Showdown #26 (CHAOS RISING LEGAL),181,True,True,181,171,0.9447513812154696,PTCGL,Rare Candy Club
2026-06-01_2026-06-30,6a18cd2b10275b383e832f5a,2026-06-05T00:00:00.000Z,Le Tournois Du DresseurPokeCharbie #114,55,False,False,,,,,
2026-06-01_2026-06-30,6a19b03b47f3797bf6ba675e,2026-06-01T11:30:00.000Z,SEASAC League Challenge #12 [50 CODES],83,True,True,83,80,0.963855421686747,PTCGL,SEASAC League
2026-06-01_2026-06-30,6a19b05b56b11a587a942c2c,2026-06-02T11:30:00.000Z,SEASAC League Challenge #13 [50 CODES],88,False,False,,,,,
2026-06-01_2026-06-30,6a19c09b47f3797bf6ba6859,2026-06-02T03:35:00.000Z,"CHALLENGE OF DOOM! Eh, why not?",128,False,False,,,,,
2026-06-01_2026-06-30,6a19c0ff56b11a587a942cd3,2026-06-13T02:35:00.000Z,TOURNAMENT OF DOOM! BACK TO STAYING UP ALL NIGHT!,266,True,True,266,255,0.9586466165413534,PTCGL,Doom's Events and Catering
2026-06-01_2026-06-30,6a19c8ee56b11a587a942d03,2026-06-03T11:30:00.000Z,SEASAC League Challenge #14 [50 CODES],94,False,False,,,,,
2026-06-01_2026-06-30,6a19c93947f3797bf6ba68d1,2026-06-04T11:30:00.000Z,SEASAC League Challenge #15 [50 CODES],90,False,False,,,,,
2026-06-01_2026-06-30,6a19f4c956b11a587a94312d,2026-06-03T18:30:00.000Z,davideniko arena #2 / TESTING PER TORINO,69,False,False,,,,,
2026-06-01_2026-06-30,6a1caab256b11a587a944fcf,2026-06-01T18:00:00.000Z,Pumpkaweekly,91,True,True,91,85,0.9340659340659341,PTCGL,The Dice Town League
2026-06-01_2026-06-30,6a1d8b3e47f3797bf6ba8e47,2026-06-03T17:00:00.000Z,⚡ Surge's TCG Vault Winner Takes All - 50 Codes,122,False,False,,,,,
2026-06-01_2026-06-30,6a1dd38947f3797bf6ba91dd,2026-06-02T02:00:00.000Z,🏛💫 Card Temple Weekly Battles #61,66,False,False,,,,,
2026-06-01_2026-06-30,6a1ddfda56b11a587a945bee,2026-06-09T23:00:00.000Z,Cypher Circuit Series Season Two- Torneo #3,67,True,True,67,66,0.9850746268656716,PTCGL,CypherOneStore
2026-06-01_2026-06-30,6a1de09847f3797bf6ba93c0,2026-06-08T22:05:00.000Z,Sunny's Weekly #260 Poké Voodoo,181,False,False,,,,,
2026-06-01_2026-06-30,6a1e390347f3797bf6ba9953,2026-06-05T22:45:00.000Z,Hideout TCG ptcgl cash tournament $10.00 (chaos✓),102,False,False,,,,,
2026-06-01_2026-06-30,6a1eaac047f3797bf6ba9d10,2026-06-02T17:00:00.000Z,⚡ Surge's TCG Vault Winner Takes All - 50 Codes,134,False,False,,,,,
2026-06-01_2026-06-30,6a1f23b847f3797bf6baa1a4,2026-06-08T16:10:00.000Z,🏆Moujii's Dojo🏆 (Late Registration Available!),168,False,False,,,,,
2026-06-01_2026-06-30,6a1f4f9347f3797bf6baa359,2026-06-03T21:00:00.000Z,Hideout TCG ptcgl cash event $10.00 (chaos✓) #2,93,False,False,,,,,
2026-06-01_2026-06-30,6a1f55fc56b11a587a946d34,2026-06-03T00:00:00.000Z,Torneo Gratuito Sidedeck Online 2 Junio,59,False,False,,,,,
2026-06-01_2026-06-30,6a1f66b347f3797bf6baa4c3,2026-06-06T02:00:00.000Z,Rare Candy Club Underground #8 SINGLE PRIZE ONLY,51,False,False,,,,,
2026-06-01_2026-06-30,6a1fa0c847f3797bf6baa8af,2026-06-06T11:30:00.000Z,SEASAC League Cup #2 [150 CODES],81,False,False,,,,,
2026-06-01_2026-06-30,6a1fa4b756b11a587a947287,2026-06-09T23:35:00.000Z,PRE NAIC LAST PRIZE SERIES,143,True,True,143,138,0.965034965034965,PTCGL,LastPrizeTCG
2026-06-01_2026-06-30,6a226d8d56b11a587a948df8,2026-06-06T21:00:00.000Z,Mesa1 Podcast Championship #1,50,False,False,,,,,
2026-06-01_2026-06-30,6a22eb7747f3797bf6bac764,2026-06-09T11:30:00.000Z,SEASAC League Challenge #17 [50 CODES],100,False,False,,,,,
2026-06-01_2026-06-30,6a22eb7e47f3797bf6bac765,2026-06-07T11:30:00.000Z,SEASAC League Challenge #16 [50 CODES],68,False,False,,,,,
2026-06-01_2026-06-30,6a23266f47f3797bf6bacc87,2026-06-07T00:30:00.000Z,TORNEO IZANAMI FREE,77,False,False,,,,,
2026-06-01_2026-06-30,6a233b3f47f3797bf6bacdb5,2026-06-08T00:00:00.000Z,Rare Candy Club Showdown #27 (50 CODES),105,False,False,,,,,
2026-06-01_2026-06-30,6a23a40447f3797bf6bad463,2026-06-08T11:30:00.000Z,SEASAC Regional #1 [200 CODES],112,False,False,,,,,
2026-06-01_2026-06-30,6a2483f847f3797bf6badee0,2026-06-07T17:00:00.000Z,Monster Collectibles: After Hours #8,95,False,False,,,,,
2026-06-01_2026-06-30,6a256e4747f3797bf6bae558,2026-06-08T18:00:00.000Z,Pumpkaweekly,123,False,False,,,,,
2026-06-01_2026-06-30,6a25806556b11a587a94b5c0,2026-06-10T11:30:00.000Z,SEASAC League Challenge #18 [50 CODES],96,True,True,96,90,0.9375,PTCGL,SEASAC League
2026-06-01_2026-06-30,6a25808d47f3797bf6bae5cf,2026-06-11T11:30:00.000Z,SEASAC League Challenge #19 [50 CODES],81,True,True,81,74,0.9135802469135802,PTCGL,SEASAC League
2026-06-01_2026-06-30,6a25ca2f47f3797bf6bae96c,2026-06-10T18:00:00.000Z,🏆PokeMagee weekly⚠️  Week #7 NAIC TESTING,76,True,True,76,72,0.9473684210526315,PTCGL,MageeTCG Weekly
2026-06-01_2026-06-30,6a25dbc447f3797bf6baea2a,2026-06-09T17:00:00.000Z,⚡ Surge's TCG Vault Winner Takes All - 50 Codes,91,True,True,91,88,0.967032967032967,PTCGL,Surge's TCG Vault
2026-06-01_2026-06-30,6a25dbe056b11a587a94ba4c,2026-06-11T17:45:00.000Z,⚡ Surge's TCG Vault Winner Takes All - 50 Codes,63,True,True,63,59,0.9365079365079365,PTCGL,Surge's TCG Vault
2026-06-01_2026-06-30,6a25dbf947f3797bf6baea2b,2026-06-10T17:00:00.000Z,⚡ Surge's TCG Vault Winner Takes All - 50 Codes,95,True,True,95,89,0.9368421052631579,PTCGL,Surge's TCG Vault
2026-06-01_2026-06-30,6a25dc2656b11a587a94ba4f,2026-06-15T18:00:00.000Z,⚡ Surge's TCG Vault Winner Takes All - 50 Codes,72,True,True,72,68,0.9444444444444444,PTCGL,Surge's TCG Vault
2026-06-01_2026-06-30,6a25dc9847f3797bf6baea5f,2026-06-17T17:00:00.000Z,⚡ Surge's TCG Vault Winner Takes All - 50 Codes,98,True,True,98,93,0.9489795918367347,PTCGL,Surge's TCG Vault
2026-06-01_2026-06-30,6a25e13f47f3797bf6baea73,2026-06-14T17:00:00.000Z,Monster Collectibles: After Hours #9,61,True,True,61,56,0.9180327868852459,PTCGL,Monster Collectibles League
2026-06-01_2026-06-30,6a269a5247f3797bf6baf006,2026-06-12T16:00:00.000Z,Team Corna Weekly #2,65,True,True,65,62,0.9538461538461539,PTCGL,Team Corna
2026-06-01_2026-06-30,6a26d01056b11a587a94c1e3,2026-06-20T18:00:00.000Z,[$55 PRIZE POOL] June 20/20/20 Cookoff!,60,True,True,60,54,0.9,PTCGL,Chef Husky
2026-06-01_2026-06-30,6a26d71a56b11a587a94c21b,2026-06-09T02:00:00.000Z,🏛💫 Card Temple Weekly Battles #62,139,False,False,,,,,
2026-06-01_2026-06-30,6a26df6747f3797bf6baf1e7,2026-06-11T16:10:00.000Z,🏆Moujii's Dojo🏆 (Late Registration Available!),135,True,True,135,124,0.9185185185185185,PTCGL,Moujii's Dojo
2026-06-01_2026-06-30,6a271ec756b11a587a94c62a,2026-06-15T22:05:00.000Z,Sunny's Weekly #261 Sunny's Twitch Anniversary,136,True,True,136,131,0.9632352941176471,PTCGL,Sunny's Weekly
2026-06-01_2026-06-30,6a27213f47f3797bf6baf54d,2026-06-15T16:10:00.000Z,🏆Moujii's Dojo🏆 (Late Registration Available!),162,True,True,162,150,0.9259259259259259,PTCGL,Moujii's Dojo
2026-06-01_2026-06-30,6a272b2856b11a587a94c6c3,2026-06-15T00:00:00.000Z,Rare Candy Club Showdown #29 (50 CODES),141,True,True,141,138,0.9787234042553191,PTCGL,Rare Candy Club
2026-06-01_2026-06-30,6a278b6d47f3797bf6bafc56,2026-06-14T01:30:00.000Z,"Ready, Deck, Go! Tournament Circuit #2",57,True,True,57,57,1.0,PTCGL,"Ready, Deck, Go!"
2026-06-01_2026-06-30,6a284c5e2d97f3b0c26124e6,2026-06-20T02:35:00.000Z,TOURNAMENT OF DOOM! IS NOT GOING AWAY!,302,True,True,302,293,0.9701986754966887,PTCGL,Doom's Events and Catering
2026-06-01_2026-06-30,6a284cb42d97f3b0c26124e7,2026-06-27T02:35:00.000Z,TOURNAMENT OF DOOM! BUGS! BUGS! BUGS!,376,False,False,,,,,
2026-06-01_2026-06-30,6a284d382d97f3b0c26124e8,2026-06-23T03:35:00.000Z,CHALLENGE OF DOOM! I THINK I'M NOT SO TIRED NOW!,128,False,False,,,,,
2026-06-01_2026-06-30,6a2889862d97f3b0c26127ac,2026-06-10T21:10:00.000Z,Hideout TCG ptcgl cash tournament $10.00 #4,83,True,True,83,81,0.9759036144578314,PTCGL,Hideout TCG
2026-06-01_2026-06-30,6a2896afe334c3c9befd28c3,2026-06-10T00:00:00.000Z,Torneo Gratuito Sidedeck Online 9 Junio,50,True,True,50,48,0.96,PTCGL,Juanma_TCG
2026-06-01_2026-06-30,6a289f80e334c3c9befd2923,2026-06-20T17:00:00.000Z,"Amyverse 3,000 Members PTCG Live Tournament ⭐ $10",60,True,True,60,58,0.9666666666666667,PTCGL,The Amyverse
2026-06-01_2026-06-30,6a28d75ce334c3c9befd2cd9,2026-06-16T23:35:00.000Z,After NAIC LAST PRIZE SERIES,206,True,True,206,192,0.9320388349514563,PTCGL,LastPrizeTCG
2026-06-01_2026-06-30,6a29ca7f2d97f3b0c2613476,2026-06-21T22:00:00.000Z,Turn Zero Rising! #3 (100 Codes),105,True,True,105,102,0.9714285714285714,PTCGL,Turn Zero Nexus
2026-06-01_2026-06-30,6a29ff7fe334c3c9befd3883,2026-06-11T23:00:00.000Z,💥​Plantel Battle #25 CHAOS 💥​100 CODES ✔️​ TOP 8,72,True,True,72,67,0.9305555555555556,PTCGL,Mighow
2026-06-01_2026-06-30,6a2a29572d97f3b0c261397b,2026-06-17T21:15:00.000Z,Hideout TCG MID-WEEK Meta Clash 50 codes,53,True,True,53,51,0.9622641509433962,PTCGL,Hideout TCG
2026-06-01_2026-06-30,6a2baea82d97f3b0c26147be,2026-06-14T11:30:00.000Z,SEASAC League Challenge #20 [50 CODES],78,True,True,78,72,0.9230769230769231,PTCGL,SEASAC League
2026-06-01_2026-06-30,6a2baea82d97f3b0c26147bf,2026-06-15T11:30:00.000Z,SEASAC League Challenge #21 [50 CODES],79,True,True,79,75,0.9493670886075949,PTCGL,SEASAC League
2026-06-01_2026-06-30,6a2baf7c2d97f3b0c26147c1,2026-06-13T11:30:00.000Z,SEASAC League Cup #3 [150 CODES],85,True,True,85,78,0.9176470588235294,PTCGL,SEASAC League
2026-06-01_2026-06-30,6a2bb052e334c3c9befd453d,2026-06-16T11:15:00.000Z,SEASAC League Challenge #22 [50 CODES],63,True,True,63,60,0.9523809523809523,PTCGL,SEASAC League
2026-06-01_2026-06-30,6a2bb099e334c3c9befd453e,2026-06-17T11:30:00.000Z,SEASAC Regional #2 [200 CODES],89,True,True,89,83,0.9325842696629213,PTCGL,SEASAC League
2026-06-01_2026-06-30,6a2bb0fbe334c3c9befd4541,2026-06-18T11:30:00.000Z,SEASAC League Challenge #23 [50 CODES],89,True,True,89,85,0.9550561797752809,PTCGL,SEASAC League
2026-06-01_2026-06-30,6a2c30502d97f3b0c2614c64,2026-06-18T16:10:00.000Z,🏆Moujii's Dojo🏆 (Late Registration Available!),151,True,True,151,146,0.9668874172185431,PTCGL,Moujii's Dojo
2026-06-01_2026-06-30,6a2cae432d97f3b0c2615295,2026-06-13T17:15:00.000Z,⚡ Surge's TCG Vault Winner Takes All - 50 Codes,104,True,True,104,100,0.9615384615384616,PTCGL,Surge's TCG Vault
2026-06-01_2026-06-30,6a2d9bf0e334c3c9befd5bfa,2026-06-14T00:00:00.000Z,Rare Candy Club Showdown #28 (50 CODES),85,True,True,85,82,0.9647058823529412,PTCGL,Rare Candy Club
2026-06-01_2026-06-30,6a2decdee334c3c9befd6142,2026-06-19T21:15:00.000Z,Full Bench Fridays PTCGL Cash Event $10,68,True,True,68,66,0.9705882352941176,PTCGL,Hideout TCG
2026-06-01_2026-06-30,6a2e97f22d97f3b0c26167b0,2026-06-14T16:59:00.000Z,⚡ Surge's TCG Vault Winner Takes All - 50 Codes,66,True,True,66,63,0.9545454545454546,PTCGL,Surge's TCG Vault
2026-06-01_2026-06-30,6a2eca29e334c3c9befd6934,2026-06-19T11:30:00.000Z,SEASAC World Championships Qualifiers | $50 PRIZE,129,True,True,129,129,1.0,PTCGL,SEASAC League
2026-06-01_2026-06-30,6a2f0446e334c3c9befd6dc5,2026-06-21T17:00:00.000Z,Monster Collectibles: After Hours #10,105,True,True,105,101,0.9619047619047619,PTCGL,Monster Collectibles League
2026-06-01_2026-06-30,6a3054592d97f3b0c26177c9,2026-06-16T02:00:00.000Z,🏛💫 Card Temple Weekly Battles #63,108,True,True,108,103,0.9537037037037037,PTCGL,Card Temple
2026-06-01_2026-06-30,6a3068072d97f3b0c2617872,2026-06-22T22:05:00.000Z,Sunny's Weekly #262 Pizza Pizza!,130,False,False,,,,,
2026-06-01_2026-06-30,6a30c6e62d97f3b0c2617d33,2026-06-24T01:30:00.000Z,Pudding Weekly #1 | A New Beginning!,63,False,False,,,,,
2026-06-01_2026-06-30,6a316326e334c3c9befd7f8b,2026-06-22T16:10:00.000Z,🏆Moujii's Dojo🏆 (Late Registration Available!),127,False,False,,,,,
2026-06-01_2026-06-30,6a31bda9e334c3c9befd8142,2026-06-17T00:00:00.000Z,Torneo Sidedeck Online Gratuito 16 Junio,50,True,True,50,48,0.96,PTCGL,Juanma_TCG
2026-06-01_2026-06-30,6a31d027e334c3c9befd8175,2026-06-20T22:05:00.000Z,Redacted Chaos #3 (100 Codes),94,True,True,94,88,0.9361702127659575,PTCGL,Redacted Gaming
2026-06-01_2026-06-30,6a31d0cae334c3c9befd817e,2026-06-27T22:05:00.000Z,Redacted Chaos #4 (100 Codes),114,False,False,,,,,
2026-06-01_2026-06-30,6a31d131e334c3c9befd8187,2026-06-20T23:30:00.000Z,Redacted Chaos 2nd Chance #3 (50 Codes),50,True,True,50,46,0.92,PTCGL,Redacted Gaming
2026-06-01_2026-06-30,6a31d1a42d97f3b0c2618168,2026-06-27T23:30:00.000Z,Redacted Chaos 2nd Chance #4 (50 Codes),66,False,False,,,,,
2026-06-01_2026-06-30,6a348858e334c3c9befd9b30,2026-06-23T23:35:00.000Z,LastPrize Series (100 Codes Prize Pool),155,False,False,,,,,
2026-06-01_2026-06-30,6a351c07ceacae7d644197c7,2026-06-21T11:30:00.000Z,SEASAC League Challenge #1 (SEASON 3) [50 CODES],72,True,True,72,71,0.9861111111111112,PTCGL,SEASAC League
2026-06-01_2026-06-30,6a35668cceacae7d64419aa0,2026-06-25T16:10:00.000Z,🏆Moujii's Dojo🏆 (Late Registration Available!),142,False,False,,,,,
2026-06-01_2026-06-30,6a35ed32ceacae7d6441a2e1,2026-06-22T00:00:00.000Z,Rare Candy Club Showdown #30 (50 CODES),119,True,True,119,116,0.9747899159663865,PTCGL,Rare Candy Club
2026-06-01_2026-06-30,6a36158daf50e12308405e02,2026-06-23T11:30:00.000Z,SEASAC League Challenge #2 (SEASON 3) [50 CODES],100,False,False,,,,,
2026-06-01_2026-06-30,6a3615adaf50e12308405e03,2026-06-24T11:30:00.000Z,SEASAC League Challenge #3 (SEASON 3) [50 CODES],92,False,False,,,,,
2026-06-01_2026-06-30,6a3615d8ceacae7d6441a59c,2026-06-25T11:30:00.000Z,SEASAC League Challenge #4 (SEASON 3) [50 CODES],98,False,False,,,,,
2026-06-01_2026-06-30,6a37fcdaceacae7d6441bcf1,2026-06-26T16:00:00.000Z,Team Corna Weekly #4,69,False,False,,,,,
2026-06-01_2026-06-30,6a380828ceacae7d6441bda1,2026-06-22T11:30:00.000Z,SEASAC League Cup #1 (SEASON 3) [150 CODES],103,False,False,,,,,
2026-06-01_2026-06-30,6a383f22ceacae7d6441c090,2026-06-22T18:00:00.000Z,Pumpkaweekly,77,False,False,,,,,
2026-06-01_2026-06-30,6a3845faaf50e12308407ebe,2026-06-28T17:00:00.000Z,Monster Collectibles After Hours #11,79,False,False,,,,,
2026-06-01_2026-06-30,6a3869c7ceacae7d6441c1d9,2026-06-29T20:00:00.000Z,⚡ Surge's TCG Vault Winner Takes All - 50 Codes,124,False,False,,,,,
2026-06-01_2026-06-30,6a3869cfceacae7d6441c1da,2026-06-25T18:30:00.000Z,⚡ Surge's TCG Vault Winner Takes All - 50 Codes,56,False,False,,,,,
2026-06-01_2026-06-30,6a3869d3af50e12308407ffe,2026-06-24T17:00:00.000Z,⚡ Surge's TCG Vault Winner Takes All - 50 Codes,104,False,False,,,,,
2026-06-01_2026-06-30,6a3869d7af50e12308407fff,2026-06-23T17:00:00.000Z,⚡ Surge's TCG Vault Winner Takes All - 50 Codes,107,False,False,,,,,
2026-06-01_2026-06-30,6a3869dbaf50e12308408000,2026-06-22T19:30:00.000Z,⚡ Surge's TCG Vault Winner Takes All - 50 Codes,68,False,False,,,,,
2026-06-01_2026-06-30,6a399e9883fd320299bce14d,2026-06-23T02:00:00.000Z,🏛💫 Card Temple Weekly Battles #64,72,False,False,,,,,
2026-06-01_2026-06-30,6a39ac0083fd320299bce1d9,2026-06-29T22:05:00.000Z,Sunny's Weekly #263 A Grand Empire!,156,True,True,156,148,0.9487179487179487,PTCGL,Sunny's Weekly
2026-06-01_2026-06-30,6a3aa95283fd320299bce9ba,2026-06-29T16:10:00.000Z,🏆Moujii's Dojo🏆 (Late Registration Available!),162,False,False,,,,,
2026-06-01_2026-06-30,6a3b4f15c87cd9ff0a30e565,2026-06-25T23:00:00.000Z,💥​Plantel Battle #26 CHAOS 💥​100 CODES ✔️​ TOP 8,76,False,False,,,,,
2026-06-01_2026-06-30,6a3baafcc87cd9ff0a30e60a,2026-06-24T19:00:00.000Z,ASRcristiano # 164 - Road to World !,60,False,False,,,,,
2026-06-01_2026-06-30,6a3bab9bc87cd9ff0a30e60e,2026-06-25T19:00:00.000Z,ASRcristiano # 165 - Road to World !,96,False,False,,,,,
2026-06-01_2026-06-30,6a3de4d0c87cd9ff0a30f9ad,2026-06-26T21:15:00.000Z,FULL BENCH FRIDAYS PTCGL Cash Event $20,96,False,False,,,,,
2026-06-01_2026-06-30,6a3e1ef6c87cd9ff0a30fb49,2026-06-27T11:30:00.000Z,SEASAC League Challenge #5 (SEASON 3) [50 CODES],70,False,False,,,,,
2026-06-01_2026-06-30,6a3e1f29c87cd9ff0a30fb4a,2026-06-28T11:30:00.000Z,SEASAC League Challenge #6 (SEASON 3) [50 CODES],63,False,False,,,,,
2026-06-01_2026-06-30,6a3e1f5fc87cd9ff0a30fb4b,2026-06-29T11:30:00.000Z,SEASAC League Challenge #7 (SEASON 3) [50 CODES],91,False,False,,,,,
2026-06-01_2026-06-30,6a3e9f8d83fd320299bd0c18,2026-06-30T11:30:00.000Z,SEASAC League Challenge #8 (SEASON 3) [50 CODES],107,True,True,107,102,0.9532710280373832,PTCGL,SEASAC League
2026-06-01_2026-06-30,6a3f9da9c87cd9ff0a310c03,2026-06-27T17:00:00.000Z,Saturday Night Showdown,76,False,False,,,,,
2026-06-01_2026-06-30,6a419294c87cd9ff0a3124ef,2026-06-29T18:00:00.000Z,Pumpkaweekly,81,False,False,,,,,
2026-06-01_2026-06-30,6a425626c87cd9ff0a3129d8,2026-06-30T17:00:00.000Z,⚡ Surge's TCG Vault Winner Takes All - 50 Codes,95,True,True,95,88,0.9263157894736842,PTCGL,Surge's TCG Vault
2026-06-01_2026-06-30,6a4271b683fd320299bd3e44,2026-06-30T22:00:00.000Z,ARTEUS TCG - TUESDAY LEGENDS,72,True,True,72,70,0.9722222222222222,PTCGL,ARTEUS TCG
2026-06-01_2026-06-30,6a427cb383fd320299bd3ed1,2026-06-30T23:35:00.000Z,LAST PRIZE SERIES #6 - CHAOS RISING,116,True,True,116,113,0.9741379310344828,PTCGL,LastPrizeTCG
2026-06-01_2026-06-30,6a42ef9d83fd320299bd444f,2026-06-30T02:00:00.000Z,🏛💫 Card Temple Weekly Battles #65,102,True,True,102,99,0.9705882352941176,PTCGL,Card Temple
2026-07-01_2026-07-31,69d519f5800d329be2e74a58,2026-07-27T23:00:00.000Z,Nightshades Premier Circuit Challenge #17 50 Codes,97,True,False,,,,PTCGL,Nightshades Premier Circuit 
2026-07-01_2026-07-31,6a0b678bdfbdf089cbbdcdc0,2026-07-03T18:00:00.000Z,⚡ Surge's TCG Vault Winner Takes All TCG Live #14,67,True,True,67,65,0.9701492537313433,PTCGL,Surge's TCG Vault
2026-07-01_2026-07-31,6a0b679113f957d6d4b4aed1,2026-07-10T18:00:00.000Z,⚡ Surge's TCG Vault Winner Takes All TCG Live #15,70,True,True,70,65,0.9285714285714286,PTCGL,Surge's TCG Vault
2026-07-01_2026-07-31,6a238bf047f3797bf6bad37d,2026-07-01T23:30:00.000Z,REFINE Summer Series Session 1,128,True,True,128,126,0.984375,PTCGL,REFINE TCG
2026-07-01_2026-07-31,6a284d04e334c3c9befd25e2,2026-07-04T02:35:00.000Z,"TOURNAMENT OF DOOM! WAIT, WUT?",346,True,True,346,331,0.9566473988439307,PTCGL,Doom's Events and Catering
2026-07-01_2026-07-31,6a284d862d97f3b0c26124ea,2026-07-07T03:35:00.000Z,CHALLENGE OF DOOM! BURGERS OR HOTDOGS?,128,True,True,128,120,0.9375,PTCGL,Doom's Events and Catering
2026-07-01_2026-07-31,6a29cad12d97f3b0c2613477,2026-07-13T23:05:00.000Z,Turn Zero Rising! #4 (100 Codes),54,False,False,,,,,
2026-07-01_2026-07-31,6a2a2ad82d97f3b0c2613980,2026-07-01T21:15:00.000Z,Hideout TCG MID-WEEK Meta Clash 50 codes,109,True,True,109,105,0.963302752293578,PTCGL,Hideout TCG
2026-07-01_2026-07-31,6a2be310e334c3c9befd4622,2026-07-07T18:00:00.000Z,👑 CrownOfSpain 👑 (10€ paypal),157,True,True,157,154,0.9808917197452229,PTCGL,CrownOfSpain
2026-07-01_2026-07-31,6a3b6b98c87cd9ff0a30e5b0,2026-07-01T01:00:00.000Z,Pudding Weekly #2 | I love snow bunnies <3,61,True,True,61,60,0.9836065573770492,PTCGL,Pudding Weekly
2026-07-01_2026-07-31,6a3d3f3cc87cd9ff0a30f173,2026-07-04T00:00:00.000Z,🇧🇷 Hit Cup #10 | TCG Live,57,True,True,57,55,0.9649122807017544,PTCGL,Hit Legends TCG
2026-07-01_2026-07-31,6a3d3fb983fd320299bcfded,2026-07-12T00:00:00.000Z,🇧🇷 Hit Cup #11 | TCG Live,63,False,False,,,,,
2026-07-01_2026-07-31,6a3d4024c87cd9ff0a30f17b,2026-07-21T00:00:00.000Z,🇧🇷 Hit Cup #12 | TCG Live,94,True,True,94,93,0.9893617021276596,PTCGL,Hit Legends TCG
2026-07-01_2026-07-31,6a3e9fb983fd320299bd0c1a,2026-07-01T11:30:00.000Z,SEASAC League Challenge #9 (SEASON 3) [50 CODES],91,True,True,91,87,0.9560439560439561,PTCGL,SEASAC League
2026-07-01_2026-07-31,6a3eb6de83fd320299bd0dfc,2026-07-02T16:10:00.000Z,🏆Moujii's Dojo🏆 (Late Registration Available!),164,True,True,164,160,0.975609756097561,PTCGL,Moujii's Dojo
2026-07-01_2026-07-31,6a3eb961c87cd9ff0a310222,2026-07-08T23:30:00.000Z,REFINE Summer Series Session 2,115,True,True,115,109,0.9478260869565217,PTCGL,REFINE TCG
2026-07-01_2026-07-31,6a3f5d3e83fd320299bd18de,2026-07-02T11:30:00.000Z,SEASAC League Challenge #10 (SEASON 3) [50 CODES],102,True,True,102,98,0.9607843137254902,PTCGL,SEASAC League
2026-07-01_2026-07-31,6a400627c87cd9ff0a3113bf,2026-07-11T02:35:00.000Z,TOURNAMENT OF DOOM! LAST WEEK OF CHAOS!,365,False,False,,,,,
2026-07-01_2026-07-31,6a42564583fd320299bd3d12,2026-07-01T17:00:00.000Z,⚡ Surge's TCG Vault Winner Takes All - 50 Codes,114,True,True,114,108,0.9473684210526315,PTCGL,Surge's TCG Vault
2026-07-01_2026-07-31,6a42567383fd320299bd3d13,2026-07-02T19:30:00.000Z,⚡ Surge's TCG Vault Winner Takes All - 50 Codes,83,True,True,83,78,0.9397590361445783,PTCGL,Surge's TCG Vault
2026-07-01_2026-07-31,6a429a6a83fd320299bd4012,2026-07-03T16:00:00.000Z,Team Corna Weekly July #1,93,True,True,93,91,0.978494623655914,PTCGL,Team Corna
2026-07-01_2026-07-31,6a431ad383fd320299bd46b4,2026-07-06T22:05:00.000Z,Sunny's Weekly #264 Down the Slowpoke Well,145,True,True,145,135,0.9310344827586207,PTCGL,Sunny's Weekly
2026-07-01_2026-07-31,6a43826483fd320299bd48e9,2026-07-03T09:30:00.000Z,Oceania Open! | Season 3 - Week 1,68,True,True,68,65,0.9558823529411765,PTCGL,TripleBtcg
2026-07-01_2026-07-31,6a43863a83fd320299bd4936,2026-07-10T09:30:00.000Z,Oceania Open! | Season 3 - Week 2,62,True,True,62,61,0.9838709677419355,PTCGL,TripleBtcg
2026-07-01_2026-07-31,6a4386d383fd320299bd493e,2026-07-17T09:30:00.000Z,PITCH BLACK LEGAL - Oceania Open! | S3 - Wk 3,86,False,False,,,,,
2026-07-01_2026-07-31,6a4386fbc87cd9ff0a31356b,2026-07-24T09:30:00.000Z,Oceania Open! | Season 3 - Week 4,75,True,True,75,70,0.9333333333333333,PTCGL,TripleBtcg
2026-07-01_2026-07-31,6a43871ec87cd9ff0a31356c,2026-07-31T09:30:00.000Z,Oceania Open! | Season 3 - Week 5,72,False,False,,,,,
2026-07-01_2026-07-31,6a43de5cc87cd9ff0a313932,2026-07-04T22:05:00.000Z,Redacted Chaos AMERICA 250! (250 Codes),142,True,True,142,136,0.9577464788732394,PTCGL,Redacted Gaming
2026-07-01_2026-07-31,6a44081f83fd320299bd5014,2026-07-06T16:10:00.000Z,🏆Moujii's Dojo🏆 (Late Registration Available!),184,True,True,184,175,0.9510869565217391,PTCGL,Moujii's Dojo
2026-07-01_2026-07-31,6a448f9583fd320299bd5699,2026-07-08T01:00:00.000Z,Pudding Weekly #3 | Munkidori Moggers,74,True,True,74,72,0.972972972972973,PTCGL,Pudding Weekly
2026-07-01_2026-07-31,6a451c8e83fd320299bd59bd,2026-07-04T11:30:00.000Z,SEASAC League Cup #2 (SEASON 3) [150 CODES],76,True,True,76,73,0.9605263157894737,PTCGL,SEASAC League
2026-07-01_2026-07-31,6a451cfcc87cd9ff0a3146b6,2026-07-05T11:30:00.000Z,SEASAC League Challenge #11 (SEASON 3) [50 CODES],87,True,True,87,83,0.9540229885057471,PTCGL,SEASAC League
2026-07-01_2026-07-31,6a455142c87cd9ff0a3148eb,2026-07-03T19:00:00.000Z,ASRcristiano # 167 - Road to World !,64,True,True,64,63,0.984375,PTCGL,ASRcristiano League
2026-07-01_2026-07-31,6a4578d8c87cd9ff0a314b60,2026-07-25T18:00:00.000Z,($340+ PRIZE POOL) BOUNTY HUNTERS COOKOFF,193,True,True,193,179,0.927461139896373,PTCGL,Chef Husky
2026-07-01_2026-07-31,6a45bed1c87cd9ff0a314f10,2026-07-02T23:00:00.000Z,💥​Plantel Battle #27 CHAOS 💥​100 CODES ✔️​ TOP 8,123,True,True,123,116,0.943089430894309,PTCGL,Mighow
2026-07-01_2026-07-31,6a46b80e83fd320299bd68e9,2026-07-07T23:35:00.000Z,LAST PRIZE SERIES #7 - CHAOS RISING,151,True,True,151,146,0.9668874172185431,PTCGL,LastPrizeTCG
2026-07-01_2026-07-31,6a46f8f983fd320299bd6d0f,2026-07-03T20:30:00.000Z,Full Bench Fridays PTCGL Cash Event $10,77,True,True,77,72,0.935064935064935,PTCGL,Hideout TCG
2026-07-01_2026-07-31,6a47df1b063cb29d318e1f53,2026-07-06T11:30:00.000Z,SEASAC League Challenge #12 (SEASON 3) [50 CODES],84,True,True,84,82,0.9761904761904762,PTCGL,SEASAC League
2026-07-01_2026-07-31,6a47f19765724db9ded3b627,2026-07-09T16:10:00.000Z,🏆Moujii's Dojo🏆 (Late Registration Available!),148,True,True,148,142,0.9594594594594594,PTCGL,Moujii's Dojo
2026-07-01_2026-07-31,6a4856e465724db9ded3bc7e,2026-07-06T00:00:00.000Z,Rare Candy Club Showdown #31 (50 CODES),213,True,True,213,201,0.9436619718309859,PTCGL,Rare Candy Club
2026-07-01_2026-07-31,6a489730063cb29d318e2b21,2026-07-07T11:30:00.000Z,SEASAC League Challenge #13 (SEASON 3) [50 CODES],90,True,True,90,86,0.9555555555555556,PTCGL,SEASAC League
2026-07-01_2026-07-31,6a4897cb65724db9ded3c130,2026-07-08T11:30:00.000Z,SEASAC League Challenge #14 (SEASON 3) [50 CODES],98,True,True,98,93,0.9489795918367347,PTCGL,SEASAC League
2026-07-01_2026-07-31,6a4a8e1c65724db9ded3d706,2026-07-09T22:00:00.000Z,Mystic Dragon Weekly #2 (200 codes),73,True,True,73,69,0.9452054794520548,PTCGL,Mystic Dragon
2026-07-01_2026-07-31,6a4aaa5f063cb29d318e4297,2026-07-10T16:00:00.000Z,Team Corna Weekly July #2,77,True,True,77,76,0.987012987012987,PTCGL,Team Corna
2026-07-01_2026-07-31,6a4abcbb65724db9ded3d92f,2026-07-12T01:30:00.000Z,"Ready, Deck, Go! Tournament Circuit #3",65,False,False,,,,,
2026-07-01_2026-07-31,6a4ae8c365724db9ded3da6d,2026-07-11T22:05:00.000Z,A Very Redacted Birthday! (200 Codes),104,False,False,,,,,
2026-07-01_2026-07-31,6a4ae98265724db9ded3da75,2026-07-18T22:05:00.000Z,Redacted Chaos #7 (100 Codes),145,True,True,145,136,0.9379310344827586,PTCGL,Redacted Gaming
2026-07-01_2026-07-31,6a4aea4965724db9ded3da7a,2026-07-25T22:05:00.000Z,Redacted Chaos #8 (100 Codes),168,True,True,168,163,0.9702380952380952,PTCGL,Redacted Gaming
2026-07-01_2026-07-31,6a4aeaa7063cb29d318e455d,2026-07-11T23:30:00.000Z,Redacted Chaos 2nd Chance #5 (50 Codes),55,False,False,,,,,
2026-07-01_2026-07-31,6a4aeae265724db9ded3da7f,2026-07-25T23:45:00.000Z,Redacted Chaos 2nd Chance #6 (50 Codes),111,True,True,111,108,0.972972972972973,PTCGL,Redacted Gaming
2026-07-01_2026-07-31,6a4b2619063cb29d318e47a3,2026-07-06T18:00:00.000Z,Pumpkaweekly,67,True,True,67,63,0.9402985074626866,PTCGL,The Dice Town League
2026-07-01_2026-07-31,6a4be02865724db9ded3e43e,2026-07-15T23:30:00.000Z,REFINE Summer Series Session 3: CRI's Last Cry,84,False,False,,,,,
2026-07-01_2026-07-31,6a4c0d3d063cb29d318e5153,2026-07-13T22:05:00.000Z,Sunny's Weekly #265 Summer of Luvdisc,143,False,False,,,,,
2026-07-01_2026-07-31,6a4c32a965724db9ded3eb6f,2026-07-08T21:15:00.000Z,HIdeout TCG Thx for 500+ members PTCGL $45 cash,179,True,True,179,176,0.9832402234636871,PTCGL,Hideout TCG
2026-07-01_2026-07-31,6a4c3dc765724db9ded3ec3d,2026-07-07T20:00:00.000Z,⚡ Surge's TCG Vault Winner Takes All - 50 Codes,100,True,True,100,92,0.92,PTCGL,Surge's TCG Vault
2026-07-01_2026-07-31,6a4c3df0063cb29d318e5594,2026-07-08T17:00:00.000Z,⚡ Surge's TCG Vault Winner Takes All - 50 Codes,103,True,True,103,97,0.941747572815534,PTCGL,Surge's TCG Vault
2026-07-01_2026-07-31,6a4d1d71063cb29d318e5e4f,2026-07-09T11:30:00.000Z,SEASAC League Challenge #15 (SEASON 3) [50 CODES],117,True,True,117,114,0.9743589743589743,PTCGL,SEASAC League
2026-07-01_2026-07-31,6a4d2cd565724db9ded3f5e3,2026-07-13T16:10:00.000Z,🏆Moujii's Dojo🏆 (Late Registration Available!),149,False,False,,,,,
2026-07-01_2026-07-31,6a4d528d063cb29d318e6182,2026-07-18T02:35:00.000Z,TOURNAMENT OF DOOM! IS THAT THE.....,416,False,False,,,,,
2026-07-01_2026-07-31,6a4d59f465724db9ded3f918,2026-07-20T23:00:00.000Z,🇧🇷 32° Torneio Padrão do Zap! PIX Especial💲💲,63,True,True,63,62,0.9841269841269841,PTCGL,Wooper Palace
2026-07-01_2026-07-31,6a4db9ac063cb29d318e66a8,2026-07-11T00:00:00.000Z,Top Deck Trainer Trials #3,63,False,False,,,,,
2026-07-01_2026-07-31,6a4dc07c063cb29d318e6708,2026-07-15T01:00:00.000Z,Pudding Weekly #4 | Blinker Fluid!,53,False,False,,,,,
2026-07-01_2026-07-31,6a4e102165724db9ded40122,2026-07-08T19:00:00.000Z,ASRcristiano # 168 - Road to World !,59,True,True,59,55,0.9322033898305084,PTCGL,ASRcristiano League
2026-07-01_2026-07-31,6a4e103f063cb29d318e6840,2026-07-09T19:00:00.000Z,ASRcristiano # 169 - Road to World !,70,True,True,70,68,0.9714285714285714,PTCGL,ASRcristiano League
2026-07-01_2026-07-31,6a4e1064063cb29d318e6841,2026-07-10T19:00:00.000Z,ASRcristiano # 170 - Road to World !,50,False,False,,,,,
2026-07-01_2026-07-31,6a4e22cd063cb29d318e68d8,2026-07-21T18:00:00.000Z,👑 CrownOfSpain 👑 #2,118,True,True,118,116,0.9830508474576272,PTCGL,CrownOfSpain
2026-07-01_2026-07-31,6a4e6d2465724db9ded403f9,2026-07-18T11:10:00.000Z,2026 Pokemon TCG World Cup,96,True,True,96,95,0.9895833333333334,PTCGL,Alloutblitzle Events
2026-07-01_2026-07-31,6a4eac9f65724db9ded40814,2026-07-13T00:00:00.000Z,Rare Candy Club Showdown #32 (50 CODES),233,False,False,,,,,
2026-07-01_2026-07-31,6a4ec8ad65724db9ded409b9,2026-07-09T02:00:00.000Z,🏛💫 Card Temple Weekly Battles #66,53,True,True,53,52,0.9811320754716981,PTCGL,Card Temple
2026-07-01_2026-07-31,6a4f4fad65724db9ded40fb5,2026-07-11T11:30:00.000Z,SEASAC League Cup #3 (SEASON 3) [150 CODES],88,False,False,,,,,
2026-07-01_2026-07-31,6a4f501165724db9ded40fb7,2026-07-12T11:30:00.000Z,SEASAC League Challenge #16 (SEASON 3) [50 CODES],82,False,False,,,,,
2026-07-01_2026-07-31,6a4f5042063cb29d318e783e,2026-07-13T11:30:00.000Z,SEASAC League Challenge #17 (SEASON 3) [50 CODES],104,False,False,,,,,
2026-07-01_2026-07-31,6a4f506965724db9ded40fba,2026-07-14T11:30:00.000Z,SEASAC League Challenge #18 (SEASON 3) [50 CODES],81,False,False,,,,,
2026-07-01_2026-07-31,6a4f509365724db9ded40fbb,2026-07-15T11:30:00.000Z,SEASAC League Challenge #19 (SEASON 3) [50 CODES],95,False,False,,,,,
2026-07-01_2026-07-31,6a4f50b4063cb29d318e7840,2026-07-16T11:30:00.000Z,SEASAC League Challenge #20 (SEASON 3) [50 CODES],80,False,False,,,,,
2026-07-01_2026-07-31,6a5009ea063cb29d318e7f3f,2026-07-12T17:00:00.000Z,Monster Collectibles After Hours #12,77,False,False,,,,,
2026-07-01_2026-07-31,6a511572063cb29d318e8c3f,2026-07-16T16:10:00.000Z,🏆Moujii's Dojo🏆 (Late Registration Available!),104,False,False,,,,,
2026-07-01_2026-07-31,6a53a6d63614df026848d798,2026-07-14T23:35:00.000Z,LAST PRIZE SERIES #8 - CHAOS RISING,151,False,False,,,,,
2026-07-01_2026-07-31,6a540cdb6355385f44dd3736,2026-07-17T21:15:00.000Z,Full Bench Fridays PTCGL pitch black $10,74,False,False,,,,,
2026-07-01_2026-07-31,6a541087dd9255feb4c4fdcf,2026-07-13T18:00:00.000Z,Pumpkaweekly,63,False,False,,,,,
2026-07-01_2026-07-31,6a543fe6c0a6bab82fbbcca8,2026-07-20T22:05:00.000Z,Sunny's Weekly #266 Live from The Abyss!,210,True,True,210,198,0.9428571428571428,PTCGL,Sunny's Weekly
2026-07-01_2026-07-31,6a54cd166355385f44dd3919,2026-07-17T16:00:00.000Z,Team Corna Weekly July #3 (Pitch Black Legal),61,False,False,,,,,
2026-07-01_2026-07-31,6a54dc746355385f44dd396a,2026-07-13T20:00:00.000Z,⚡ Surge's TCG Vault Winner Takes All - 50 Codes,57,False,False,,,,,
2026-07-01_2026-07-31,6a54dd0c232a1a55ee10b404,2026-07-15T17:00:00.000Z,⚡ Surge's TCG Vault Winner Takes All - 50 Codes,82,False,False,,,,,
2026-07-01_2026-07-31,6a54dd546355385f44dd3971,2026-07-17T18:00:00.000Z,⚡ Surge's TCG Vault Winner Takes All TCG Live #15,76,False,False,,,,,
2026-07-01_2026-07-31,6a551bb26355385f44dd3c6e,2026-07-14T02:00:00.000Z,🏛💫 Card Temple Weekly Battles #67,91,False,False,,,,,
2026-07-01_2026-07-31,6a563d13232a1a55ee10c311,2026-07-26T22:00:00.000Z,Turn Zero Rising! #5 (100 Codes),137,True,True,137,132,0.9635036496350365,PTCGL,Turn Zero Nexus
2026-07-01_2026-07-31,6a56672b6355385f44dd4a4d,2026-07-20T16:10:00.000Z,🏆Moujii's Dojo🏆 (Late Registration Available!),224,True,True,224,215,0.9598214285714286,PTCGL,Moujii's Dojo
2026-07-01_2026-07-31,6a578f526355385f44dd5309,2026-07-15T19:15:00.000Z,ASRcristiano # 171 - Last Event before PB,53,False,False,,,,,
2026-07-01_2026-07-31,6a578f76232a1a55ee10cd84,2026-07-16T19:00:00.000Z,ASRcristiano # 172 - Pitch Black legal!,136,False,False,,,,,
2026-07-01_2026-07-31,6a578fa6232a1a55ee10cd85,2026-07-17T19:00:00.000Z,ASRcristiano # 173 - Pitch Black legal!,95,False,False,,,,,
2026-07-01_2026-07-31,6a58f606cc68177ec6c56a6c,2026-07-22T23:30:00.000Z,REFINE Summer Series Session 4: Pitchin' Black,108,True,True,108,99,0.9166666666666666,PTCGL,REFINE TCG
2026-07-01_2026-07-31,6a58f6f1cc68177ec6c56a71,2026-07-29T23:30:00.000Z,REFINE Summer Series Session 5: Pika Cinco,127,False,False,,,,,
2026-07-01_2026-07-31,6a5938d8cc68177ec6c56e10,2026-07-20T00:00:00.000Z,Rare Candy Club Showdown #33 (PITCH BLACK LEGAL),267,True,True,267,251,0.9400749063670412,PTCGL,Rare Candy Club
2026-07-01_2026-07-31,6a59f66352c24ac2da6443a8,2026-07-18T11:30:00.000Z,SEASAC League Cup #4 (SEASON 3) [50 CODES],80,True,True,80,77,0.9625,PTCGL,SEASAC League
2026-07-01_2026-07-31,6a5a5032937230b102d3da04,2026-07-25T02:35:00.000Z,TOURNAMENT OF DOOM! Have you heard...,504,True,True,504,483,0.9583333333333334,PTCGL,Doom's Events and Catering
2026-07-01_2026-07-31,6a5a50f9937230b102d3da09,2026-07-28T03:35:00.000Z,CHALLENGE OF DOOM! THAT'S ALOT OF CATS!,128,False,False,,,,,
2026-07-01_2026-07-31,6a5a581d52c24ac2da64475c,2026-07-25T17:00:00.000Z,Card Party 4 - FL Saturday All Levels Tournament,61,True,False,,,,,Card Party
2026-07-01_2026-07-31,6a5a671b52c24ac2da644850,2026-07-23T16:10:00.000Z,🏆Moujii's Dojo🏆 (Late Registration Available!),229,True,True,229,220,0.9606986899563319,PTCGL,Moujii's Dojo
2026-07-01_2026-07-31,6a5b096b937230b102d3e3b4,2026-07-19T01:00:00.000Z,Vault Of Games #1 🏆|OFF-SEASON |PITCH BLACK (!),77,True,True,77,74,0.961038961038961,PTCGL,Vault of Games
2026-07-01_2026-07-31,6a5b622f937230b102d3e577,2026-07-19T17:00:00.000Z,Monster Collectibles After Hours #13,120,True,True,120,113,0.9416666666666667,PTCGL,Monster Collectibles League
2026-07-01_2026-07-31,6a5b6b3a52c24ac2da645428,2026-07-19T05:30:00.000Z,Hobby Stadium Bakbakan sa Dilim,52,True,False,,,,,Hobby Stadium
2026-07-01_2026-07-31,6a5b9a78937230b102d3e95d,2026-07-19T11:30:00.000Z,SEASAC League Challenge #21 (SEASON 3) [50 CODES],82,True,True,82,79,0.9634146341463414,PTCGL,SEASAC League
2026-07-01_2026-07-31,6a5b9aa7937230b102d3e961,2026-07-20T11:30:00.000Z,SEASAC League Challenge #22 (SEASON 3) [50 CODES],104,True,True,104,97,0.9326923076923077,PTCGL,SEASAC League
2026-07-01_2026-07-31,6a5b9ac952c24ac2da645851,2026-07-21T11:30:00.000Z,SEASAC League Challenge #23 (SEASON 3) [50 CODES],114,True,True,114,106,0.9298245614035088,PTCGL,SEASAC League
2026-07-01_2026-07-31,6a5baefb52c24ac2da645a63,2026-07-21T16:00:00.000Z,Team Corna Weekly July #4,141,True,True,141,137,0.9716312056737588,PTCGL,Team Corna
2026-07-01_2026-07-31,6a5baf52937230b102d3eb53,2026-07-24T16:00:00.000Z,Team Corna Weekly July #5,111,True,True,111,106,0.954954954954955,PTCGL,Team Corna
2026-07-01_2026-07-31,6a5bb770937230b102d3ec7d,2026-07-22T11:30:00.000Z,SEASAC League Challenge #24 (SEASON 3) [50 CODES],103,True,True,103,98,0.9514563106796117,PTCGL,SEASAC League
2026-07-01_2026-07-31,6a5bf6fc937230b102d3f07b,2026-07-19T00:00:00.000Z,T2TCG Saturday Showdown: PBL legal! (100 codes),54,True,True,54,51,0.9444444444444444,PTCGL,Evan’s Events
2026-07-01_2026-07-31,6a5c4249937230b102d3f45c,2026-07-26T01:00:00.000Z,Vault Of Games #2 🏆|OFF-SEASON |PITCH BLACK (!),99,True,True,99,94,0.9494949494949495,PTCGL,Vault of Games
2026-07-01_2026-07-31,6a5cbb86937230b102d3f6c2,2026-07-26T08:00:00.000Z,OceanicTournamentSeries2026 17/20,54,True,True,54,52,0.9629629629629629,PTCGL,Collecting Leftovers
2026-07-01_2026-07-31,6a5d1549937230b102d3fa6f,2026-07-20T18:00:00.000Z,Pumpkaweekly,133,True,True,133,127,0.9548872180451128,PTCGL,The Dice Town League
2026-07-01_2026-07-31,6a5d7fee52c24ac2da646f01,2026-07-22T00:00:00.000Z,Torneo Sidedeck Online Gratis Martes 21 Julio,59,True,True,59,58,0.9830508474576272,PTCGL,Juanma_TCG
2026-07-01_2026-07-31,6a5e2ce1937230b102d4019f,2026-07-21T17:00:00.000Z,⚡ Surge's TCG Vault Winner Takes All - 50 Codes,90,True,True,90,89,0.9888888888888889,PTCGL,Surge's TCG Vault
2026-07-01_2026-07-31,6a5e2d30937230b102d401a0,2026-07-22T17:00:00.000Z,⚡ Surge's TCG Vault Winner Takes All - 50 Codes,156,True,True,156,148,0.9487179487179487,PTCGL,Surge's TCG Vault
2026-07-01_2026-07-31,6a5e2d63937230b102d401a2,2026-07-23T18:59:00.000Z,⚡ Surge's TCG Vault Winner Takes All - 50 Codes,104,True,True,104,99,0.9519230769230769,PTCGL,Surge's TCG Vault
2026-07-01_2026-07-31,6a5e2d9f937230b102d401a6,2026-07-24T18:00:00.000Z,⚡ Surge's TCG Vault Winner Takes All TCG Live #16,115,True,True,115,110,0.9565217391304348,PTCGL,Surge's TCG Vault
2026-07-01_2026-07-31,6a5e2eee52c24ac2da647317,2026-07-28T17:00:00.000Z,⚡ Surge's TCG Vault Winner Takes All - 50 Codes,102,False,False,,,,,
2026-07-01_2026-07-31,6a5e2f31937230b102d401c3,2026-07-29T17:00:00.000Z,⚡ Surge's TCG Vault Winner Takes All - 50 Codes,116,False,False,,,,,
2026-07-01_2026-07-31,6a5e302452c24ac2da647321,2026-07-30T19:00:00.000Z,⚡ Surge's TCG Vault Winner Takes All - 50 Codes,105,False,False,,,,,
2026-07-01_2026-07-31,6a5e305b52c24ac2da64732d,2026-07-31T18:00:00.000Z,⚡ Surge's TCG Vault Winner Takes All TCG Live #17,102,False,False,,,,,
2026-07-01_2026-07-31,6a5e4d3752c24ac2da647443,2026-07-23T23:00:00.000Z,💥​Plantel Battle #28 PITCH 💥​100 CODES ✔️​ TOP 8,121,True,True,121,114,0.9421487603305785,PTCGL,Mighow
2026-07-01_2026-07-31,6a5e8d4b937230b102d40671,2026-07-21T23:35:00.000Z,Pitch Black Legal - Last Prize Series #9,177,True,True,177,170,0.96045197740113,PTCGL,LastPrizeTCG
2026-07-01_2026-07-31,6a5e8dd6937230b102d40677,2026-07-21T02:00:00.000Z,🏛💫 Card Temple Weekly Battles #68,117,True,True,117,111,0.9487179487179487,PTCGL,Card Temple
2026-07-01_2026-07-31,6a5ed9bb937230b102d40ab3,2026-07-27T00:00:00.000Z,Rare Candy Club Showdown #34 (PITCH BLACK LEGAL),202,True,True,202,191,0.9455445544554455,PTCGL,Rare Candy Club
2026-07-01_2026-07-31,6a5f729b52c24ac2da6480ec,2026-07-24T11:30:00.000Z,SEASAC World Championships Qualifiers | $15 PRIZE,133,True,True,133,131,0.9849624060150376,PTCGL,SEASAC League
2026-07-01_2026-07-31,6a5fa0c5937230b102d40ede,2026-07-27T16:10:00.000Z,🏆Moujii's Dojo🏆 (Late Registration Available!),246,True,True,246,234,0.9512195121951219,PTCGL,Moujii's Dojo
2026-07-01_2026-07-31,6a5fee22937230b102d41237,2026-07-22T21:15:00.000Z,Hideout TCG MID-WEEK Meta Clash 100 codes pitch,57,True,True,57,56,0.9824561403508771,PTCGL,Hideout TCG
2026-07-01_2026-07-31,6a5fef2552c24ac2da648761,2026-07-24T21:15:00.000Z,Full Bench Fridays PTCGL pitch black $10 pitch,69,True,True,69,67,0.9710144927536232,PTCGL,Hideout TCG
2026-07-01_2026-07-31,6a60c4e652c24ac2da648d95,2026-07-22T19:00:00.000Z,ASRcristiano # 174 - Pitch Black legal!,81,True,False,,,,PTCGL,ASRcristiano League
2026-07-01_2026-07-31,6a60c513937230b102d4178c,2026-07-23T19:15:00.000Z,ASRcristiano # 175 - Pitch Black legal!,67,True,False,,,,PTCGL,ASRcristiano League
2026-07-01_2026-07-31,6a60c53152c24ac2da648d96,2026-07-24T19:00:00.000Z,ASRcristiano # 176 - 60 codes prize pool!,105,True,True,105,101,0.9619047619047619,PTCGL,ASRcristiano League
2026-07-01_2026-07-31,6a628c3252c24ac2da64a05e,2026-07-28T23:35:00.000Z,Pitch Black Tourney - Last Prize Series #10,220,False,False,,,,,
2026-07-01_2026-07-31,6a63970f52c24ac2da64aa36,2026-07-30T16:10:00.000Z,🏆Moujii's Dojo🏆 (Late Registration Available!),215,False,False,,,,,
2026-07-01_2026-07-31,6a63d849937230b102d436f7,2026-07-28T16:00:00.000Z,Team Corna Weekly July #6,108,False,False,,,,,
2026-07-01_2026-07-31,6a641b5452c24ac2da64b1f2,2026-07-29T01:00:00.000Z,Pudding Weekly #6 | Funky Ehh,57,False,False,,,,,
2026-07-01_2026-07-31,6a6456a4937230b102d4405f,2026-07-26T11:30:00.000Z,SEASAC League Challenge #1 (SEASON 4) [50 CODES],126,True,True,126,118,0.9365079365079365,PTCGL,SEASAC League
2026-07-01_2026-07-31,6a649972937230b102d4422e,2026-07-26T17:00:00.000Z,Monster Collectibles After Hours #14,134,True,True,134,131,0.9776119402985075,PTCGL,Monster Collectibles League
2026-07-01_2026-07-31,6a64f7b5937230b102d44a83,2026-07-26T15:00:00.000Z,Card Party 4 - FL Sunday All Levels Pitch Black PR,59,True,False,,,,,Card Party
2026-07-01_2026-07-31,6a64f9a4937230b102d44a8a,2026-07-27T11:30:00.000Z,SEASAC League Challenge #2 (SEASON 4) [50 CODES],131,True,True,131,126,0.9618320610687023,PTCGL,SEASAC League
2026-07-01_2026-07-31,6a670957937230b102d46707,2026-07-28T11:30:00.000Z,SEASAC League Challenge #3 (SEASON 4) [50 CODES],104,False,False,,,,,
2026-07-01_2026-07-31,6a67097952c24ac2da64d606,2026-07-29T11:30:00.000Z,SEASAC League Challenge #4 (SEASON 4) [50 CODES],100,False,False,,,,,
2026-07-01_2026-07-31,6a67099f52c24ac2da64d607,2026-07-30T11:30:00.000Z,SEASAC League Challenge #5 (SEASON 4) [50 CODES],138,False,False,,,,,
2026-07-01_2026-07-31,6a672281937230b102d46759,2026-07-27T18:00:00.000Z,Pumpkaweekly,108,True,True,108,103,0.9537037037037037,PTCGL,The Dice Town League
2026-07-01_2026-07-31,6a6728ae52c24ac2da64d669,2026-07-28T18:00:00.000Z,👑 CrownOfSpain 👑 #3 (10€ paypal),128,False,False,,,,,
2026-07-01_2026-07-31,6a676d9c52c24ac2da64d89c,2026-07-31T11:00:00.000Z,⚡ Surge's TCG Vault Super Series - 100 Codes,60,False,False,,,,,
2026-07-01_2026-07-31,6a67943152c24ac2da64dc04,2026-07-28T02:00:00.000Z,🏛💫 Card Temple Weekly Battles #69 🥵​🥵​🥵​,96,False,False,,,,,
2026-07-01_2026-07-31,6a68191b52c24ac2da64e30d,2026-07-30T23:00:00.000Z,💥​Plantel Battle #29 PITCH 💥​100 CODES ✔️​ TOP 8,197,False,False,,,,,
2026-07-01_2026-07-31,6a699f7b937230b102d4811e,2026-07-29T19:00:00.000Z,ASRcristiano # 177 - 60 codes prize pool!,135,False,False,,,,,
2026-07-01_2026-07-31,6a699fa6937230b102d4811f,2026-07-31T19:20:00.000Z,ASRcristiano # 178 - 60 codes prize pool!,100,False,False,,,,,
2026-07-01_2026-07-31,6a6a798452c24ac2da64f6f2,2026-07-31T21:00:00.000Z,Full Bench Fridays PTCGL pitch black 150 codes,61,False,False,,,,,
2026-07-01_2026-07-31,6a6ae27b937230b102d48d61,2026-07-31T16:00:00.000Z,Team Corna Weekly July #7,82,False,False,,,,,
2026-08-01_2026-08-31,69d51a7d800d329be2e74a5c,2026-08-03T23:00:00.000Z,Nightshades Premier Circuit Challenge #19 25 Codes,58,True,True,58,55,0.9482758620689655,PTCGL,Nightshades Premier Circuit 
2026-08-01_2026-08-31,69d51aa4800d329be2e74a5e,2026-08-10T23:00:00.000Z,Nightshades Premier Circuit Challenge #21 50 Codes,65,True,True,65,63,0.9692307692307692,PTCGL,Nightshades Premier Circuit 
2026-08-01_2026-08-31,69d51ad0800d329be2e74a5f,2026-08-17T23:00:00.000Z,Nightshades Premier Circuit Challenge #23 25 Codes,54,False,False,,,,,
2026-08-01_2026-08-31,69d51ae7800d329be2e74a60,2026-08-21T17:00:00.000Z,Nightshades Premier Circuit Challenge #24 50 Codes,96,True,True,96,95,0.9895833333333334,PTCGL,Nightshades Premier Circuit 
2026-08-01_2026-08-31,69d51afc0e548b5c2fbe5966,2026-08-24T23:00:00.000Z,Nightshades Premier Circuit Challenge #25 50 Codes,64,True,True,64,64,1.0,PTCGL,Nightshades Premier Circuit 
2026-08-01_2026-08-31,69d51b12800d329be2e74a61,2026-08-28T17:00:00.000Z,Nightshades Premier Circuit Challenge #26 25 Codes,68,False,False,,,,,
2026-08-01_2026-08-31,6a284de7e334c3c9befd25e9,2026-08-15T15:00:00.000Z,WORLDS OF DOOM! 2026! DAY ONE!,909,False,False,,,,,
2026-08-01_2026-08-31,6a2f046d2d97f3b0c2616ef3,2026-08-16T15:00:00.000Z,WORLDS OF DOOM! 2026! DAY TWO!,163,False,False,,,,,
2026-08-01_2026-08-31,6a43872383fd320299bd4941,2026-08-07T09:30:00.000Z,Oceania Open: NO DRAGAPULT!? | S3 Wk6,88,True,False,,,,PTCGL,TripleBtcg
2026-08-01_2026-08-31,6a43872683fd320299bd4942,2026-08-14T09:30:00.000Z,Oceania Open! | Season 3 - Week 7,110,False,False,,,,,
2026-08-01_2026-08-31,6a43872bc87cd9ff0a31356d,2026-08-21T09:30:00.000Z,Oceania Open! | Season 3 - Week 8,106,True,True,106,103,0.9716981132075472,PTCGL,TripleBtcg
2026-08-01_2026-08-31,6a43872f83fd320299bd4944,2026-08-28T09:30:00.000Z,Worlds Waiting Room / Oceania Open! | S3W9,76,False,False,,,,,
2026-08-01_2026-08-31,6a4aea7a063cb29d318e4522,2026-08-01T22:30:00.000Z,Redacted Chaos #9 (100 Codes),92,False,False,,,,,
2026-08-01_2026-08-31,6a50f90665724db9ded42072,2026-08-01T22:00:00.000Z,The Stache Series 0: Trial Run,228,False,False,,,,,
2026-08-01_2026-08-31,6a5a508552c24ac2da6446cf,2026-08-01T02:35:00.000Z,TOURNAMENT OF DOOM! DRAGAPULT IS....,514,False,False,,,,,
2026-08-01_2026-08-31,6a5a50bc52c24ac2da6446d2,2026-08-08T02:35:00.000Z,TOURNAMENT OF DOOM! WORLDS LCQ!,657,True,True,657,637,0.969558599695586,PTCGL,Doom's Events and Catering
2026-08-01_2026-08-31,6a5a513152c24ac2da6446d5,2026-08-11T03:35:00.000Z,CHALLENGE OF DOOM! THE FINAL COUNTDOWN!,128,True,True,128,125,0.9765625,PTCGL,Doom's Events and Catering
2026-08-01_2026-08-31,6a640d6f937230b102d439ac,2026-08-03T22:05:00.000Z,Sunny's Weekly #267 Return of the Kingdra!,194,True,True,194,183,0.9432989690721649,PTCGL,Sunny's Weekly
2026-08-01_2026-08-31,6a658393937230b102d45378,2026-08-02T01:00:00.000Z,Vault Of Games #3 🏆|OFF-SEASON |WEEKLY,105,False,False,,,,,
2026-08-01_2026-08-31,6a66122352c24ac2da64c936,2026-08-02T08:00:00.000Z,OceanicTournamentSeries2026 18/20,51,False,False,,,,,
2026-08-01_2026-08-31,6a67c6de937230b102d46e9f,2026-08-02T22:00:00.000Z,Turn Zero Rising! #6 (100 Codes),173,False,False,,,,,
2026-08-01_2026-08-31,6a6a0698937230b102d482c0,2026-08-01T11:30:00.000Z,SEASAC League Cup #1 (SEASON 4) [150 CODES],115,False,False,,,,,
2026-08-01_2026-08-31,6a6a463e52c24ac2da64f3ee,2026-08-05T01:00:00.000Z,Pudding Weekly #7 | Taco Tuesday!,81,True,True,81,77,0.9506172839506173,PTCGL,Pudding Weekly
2026-08-01_2026-08-31,6a6a739652c24ac2da64f669,2026-08-05T17:00:00.000Z,Amyverse PTCG Live Weekly #7 💛 Cash Prize!,52,True,True,52,50,0.9615384615384616,PTCGL,The Amyverse
2026-08-01_2026-08-31,6a6acb1c52c24ac2da64fa37,2026-08-05T00:00:00.000Z,🇧🇷 Hit Cup #13 | TCG Live,91,True,True,91,90,0.989010989010989,PTCGL,Hit Legends TCG
2026-08-01_2026-08-31,6a6acd7252c24ac2da64fa3d,2026-08-15T00:00:00.000Z,🇧🇷 Hit Cup #14 | TCG Live,81,False,False,,,,,
2026-08-01_2026-08-31,6a6ace21937230b102d48cf2,2026-08-25T00:00:00.000Z,🇧🇷 Hit Cup #15 | TCG Live,87,True,True,87,85,0.9770114942528736,PTCGL,Hit Legends TCG
2026-08-01_2026-08-31,6a6b5b9052c24ac2da64fd67,2026-08-03T16:10:00.000Z,🏆Moujii's Dojo🏆 (Late Registration Available!),261,True,True,261,254,0.9731800766283525,PTCGL,Moujii's Dojo
2026-08-01_2026-08-31,6a6b8596937230b102d492c6,2026-08-06T00:00:00.000Z,REFINE Summer Series Session 6: Charizard Edition,115,True,True,115,113,0.9826086956521739,PTCGL,REFINE TCG
2026-08-01_2026-08-31,6a6c306552c24ac2da650b06,2026-08-03T00:00:00.000Z,Rare Candy Club Showdown #35 (50 CODES),158,False,False,,,,,
2026-08-01_2026-08-31,6a6ce63dcdc0391d7fa5784b,2026-08-06T16:10:00.000Z,🏆Moujii's Dojo🏆 (Late Registration Available!),244,True,True,244,238,0.9754098360655737,PTCGL,Moujii's Dojo
2026-08-01_2026-08-31,6a6d9123cdc0391d7fa586cd,2026-08-02T11:30:00.000Z,SEASAC League Challenge #6 (SEASON 4) [50 CODES],119,False,False,,,,,
2026-08-01_2026-08-31,6a6d914a2b308b6067b46231,2026-08-03T11:30:00.000Z,SEASAC League Challenge #7 (SEASON 4) [50 CODES],97,True,True,97,92,0.9484536082474226,PTCGL,SEASAC League
2026-08-01_2026-08-31,6a6e598f2b308b6067b47028,2026-08-02T17:00:00.000Z,Monster Collectibles After Hours #15,166,False,False,,,,,
2026-08-01_2026-08-31,6a6eba38cdc0391d7fa59c62,2026-08-10T01:00:00.000Z,Vault Of Games #4 🏆|OFF-SEASON |WEEKLY,62,True,True,62,62,1.0,PTCGL,Vault of Games
2026-08-01_2026-08-31,6a6ef634cdc0391d7fa59e53,2026-08-04T11:30:00.000Z,SEASAC League Challenge #8 (SEASON 4) [50 CODES],154,True,True,154,148,0.961038961038961,PTCGL,SEASAC League
2026-08-01_2026-08-31,6a6ef65a2b308b6067b477cc,2026-08-05T11:30:00.000Z,SEASAC League Challenge #9 (SEASON 4) [50 CODES],132,True,True,132,125,0.946969696969697,PTCGL,SEASAC League
2026-08-01_2026-08-31,6a6ef66ecdc0391d7fa59e54,2026-08-06T11:30:00.000Z,SEASAC League Challenge #10 (SEASON 4) [50 CODES],144,True,True,144,140,0.9722222222222222,PTCGL,SEASAC League
2026-08-01_2026-08-31,6a6f70aecdc0391d7fa5a4e5,2026-08-08T22:05:00.000Z,Redacted Chaos #10 (100 Codes),189,True,True,189,185,0.9788359788359788,PTCGL,Redacted Gaming
2026-08-01_2026-08-31,6a6f70f82b308b6067b47d39,2026-08-15T23:30:00.000Z,Redacted Chaos #11 (100 Codes),81,False,False,,,,,
2026-08-01_2026-08-31,6a6f71edcdc0391d7fa5a4ef,2026-08-29T22:05:00.000Z,Redacted Chaos #12 (100 Codes),117,False,False,,,,,
2026-08-01_2026-08-31,6a6f7365cdc0391d7fa5a4ff,2026-08-08T23:30:00.000Z,Redacted Chaos 2nd Chance #8 (50 Codes),89,True,True,89,85,0.9550561797752809,PTCGL,Redacted Gaming
2026-08-01_2026-08-31,6a6f99d42b308b6067b48068,2026-08-07T16:00:00.000Z,Team Corna Weekly August #2,113,True,True,113,110,0.9734513274336283,PTCGL,Team Corna
2026-08-01_2026-08-31,6a6f99d52b308b6067b48069,2026-08-04T16:00:00.000Z,Team Corna Weekly August #1,118,True,True,118,114,0.9661016949152542,PTCGL,Team Corna
2026-08-01_2026-08-31,6a6f9fd8cdc0391d7fa5a78e,2026-08-03T18:00:00.000Z,Pumpkaweekly,127,True,True,127,125,0.984251968503937,PTCGL,The Dice Town League
2026-08-01_2026-08-31,6a6ffa5d2b308b6067b48537,2026-08-05T21:15:00.000Z,Hideout TCG MID-WEEK Meta Clash 50 codes pitch,103,True,True,103,98,0.9514563106796117,PTCGL,Hideout TCG
2026-08-01_2026-08-31,6a6ffaa82b308b6067b48538,2026-08-07T21:15:00.000Z,Full Bench Fridays PTCGL Cash Event $10,86,True,True,86,80,0.9302325581395349,PTCGL,Hideout TCG
2026-08-01_2026-08-31,6a706e672b308b6067b487cb,2026-08-22T18:30:00.000Z,LING TV ARENA (Late registration Available),109,True,True,109,104,0.9541284403669725,PTCGL,Ling TV
2026-08-01_2026-08-31,6a70e60ecdc0391d7fa5b8b7,2026-08-10T22:05:00.000Z,Sunny's Weekly #268 Stand Up Comedy!,234,True,True,234,230,0.9829059829059829,PTCGL,Sunny's Weekly
2026-08-01_2026-08-31,6a7103e1cdc0391d7fa5bb21,2026-08-04T02:00:00.000Z,🏛💫 Card Temple Weekly Battles #70,103,True,True,103,100,0.970873786407767,PTCGL,Card Temple
2026-08-01_2026-08-31,6a711369cdc0391d7fa5bc4f,2026-08-04T18:00:00.000Z,⚡ Surge's TCG Vault Winner Takes All - 50 Codes,148,True,True,148,139,0.9391891891891891,PTCGL,Surge's TCG Vault
2026-08-01_2026-08-31,6a7113d8cdc0391d7fa5bc82,2026-08-05T16:59:00.000Z,⚡ Surge's TCG Vault Winner Takes All - 50 Codes,102,True,True,102,99,0.9705882352941176,PTCGL,Surge's TCG Vault
2026-08-01_2026-08-31,6a7113f32b308b6067b493e3,2026-08-06T19:00:00.000Z,⚡ Surge's TCG Vault Winner Takes All - 100 Codes,123,True,True,123,121,0.983739837398374,PTCGL,Surge's TCG Vault
2026-08-01_2026-08-31,6a711411cdc0391d7fa5bc83,2026-08-07T18:00:00.000Z,⚡ Surge's TCG Vault Winner Takes All Live BO3 #18,99,True,True,99,94,0.9494949494949495,PTCGL,Surge's TCG Vault
2026-08-01_2026-08-31,6a7134422b308b6067b4960d,2026-08-04T23:35:00.000Z,Pitch Black Tourney - Last Prize Series #11,178,True,True,178,173,0.9719101123595506,PTCGL,LastPrizeTCG
2026-08-01_2026-08-31,6a714576cdc0391d7fa5c026,2026-08-11T00:00:00.000Z,🇧🇷 Hit League #4 | TCG Live,73,True,True,73,70,0.958904109589041,PTCGL,Hit Legends TCG
2026-08-01_2026-08-31,6a7219f62b308b6067b49d9b,2026-08-16T22:00:00.000Z,Turn Zero Rising! #7 (100 Codes),172,False,False,,,,,
2026-08-01_2026-08-31,6a721a42cdc0391d7fa5c7fb,2026-08-30T22:00:00.000Z,Turn Zero Rising! #8 (100 Codes),103,False,False,,,,,
2026-08-01_2026-08-31,6a72da75cdc0391d7fa5d204,2026-08-05T18:00:00.000Z,PokeMagee Weekly #12,53,True,True,53,52,0.9811320754716981,PTCGL,MageeTCG Weekly
2026-08-01_2026-08-31,6a7375c8cdc0391d7fa5d856,2026-08-06T22:00:00.000Z,🐢Turtle Thursday🐢,63,True,True,63,57,0.9047619047619048,PTCGL,Turtle Squad 
2026-08-01_2026-08-31,6a73b30fcdc0391d7fa5dbed,2026-08-12T17:00:00.000Z,Amyverse PTCG Live Weekly #8 💛 Cash Prize!,162,False,False,,,,,
2026-08-01_2026-08-31,6a742c962b308b6067b4b767,2026-08-06T19:15:00.000Z,ASRcristiano # 179 - 60 codes prize pool!,63,True,True,63,62,0.9841269841269841,PTCGL,ASRcristiano League
2026-08-01_2026-08-31,6a742cb72b308b6067b4b769,2026-08-07T19:00:00.000Z,ASRcristiano # 180 - 60 codes prize pool!,87,True,True,87,86,0.9885057471264368,PTCGL,ASRcristiano League
2026-08-01_2026-08-31,6a743bb1cdc0391d7fa5e0e7,2026-08-09T14:00:00.000Z,KSM's Great Ball Event #3 - National Day Special,61,True,True,61,60,0.9836065573770492,PTCGL,KSM Events
2026-08-01_2026-08-31,6a74a4f02b308b6067b4bb3b,2026-08-06T23:00:00.000Z,💥​Plantel Battle #30 PITCH 💥​100 CODES ✔️​ TOP 8,103,True,True,103,98,0.9514563106796117,PTCGL,Mighow
2026-08-01_2026-08-31,6a74bc282b308b6067b4bc97,2026-08-12T23:30:00.000Z,REFINE Summer Series Session 7: Squirtle Edition,128,False,False,,,,,
2026-08-01_2026-08-31,6a75224bcdc0391d7fa5edef,2026-08-10T00:00:00.000Z,RCC Showdown #36 | $150 USD PRIZE | NO ENTRY FEE,497,True,True,497,487,0.9798792756539235,PTCGL,Rare Candy Club
2026-08-01_2026-08-31,6a754f90cdc0391d7fa5f071,2026-08-14T00:00:00.000Z,🟢Jolly Good Weekly #2 (50 Codes!)🎴,55,False,False,,,,,
2026-08-01_2026-08-31,6a755afbcdc0391d7fa5f0e9,2026-08-12T01:00:00.000Z,Pudding Weekly #8 | National Play in the Sand Day!,112,False,False,,,,,
2026-08-01_2026-08-31,6a75746b2b308b6067b4c5e3,2026-08-08T18:30:00.000Z,LING TV ARENA (Late registration Available),85,True,False,,,,PTCGL,Ling TV
2026-08-01_2026-08-31,6a759dfb2b308b6067b4c640,2026-08-11T18:00:00.000Z,👑 CrownOfSpain 👑 #4 (15€ paypal),156,True,True,156,155,0.9935897435897436,PTCGL,CrownOfSpain
2026-08-01_2026-08-31,6a75d5d22b308b6067b4c83c,2026-08-08T11:30:00.000Z,SEASAC League Cup #2 (SEASON 4) [150 CODES],115,True,True,115,111,0.9652173913043478,PTCGL,SEASAC League
2026-08-01_2026-08-31,6a75d5eacdc0391d7fa5f3a7,2026-08-09T11:30:00.000Z,SEASAC League Challenge #11 (SEASON 4) [50 CODES],132,True,True,132,128,0.9696969696969697,PTCGL,SEASAC League
2026-08-01_2026-08-31,6a7601bdcdc0391d7fa5f5bf,2026-08-10T11:30:00.000Z,SEASAC League Challenge #12 (SEASON 4) [50 CODES],170,True,True,170,162,0.9529411764705882,PTCGL,SEASAC League
2026-08-01_2026-08-31,6a76139d2b308b6067b4cb68,2026-08-13T16:10:00.000Z,🏆Moujii's Dojo🏆 (Late Registration Available!),265,False,False,,,,,
2026-08-01_2026-08-31,6a771169cdc0391d7fa606e0,2026-08-09T17:00:00.000Z,Monster Collectibles After Hours #16,210,True,True,210,202,0.9619047619047619,PTCGL,Monster Collectibles League
2026-08-01_2026-08-31,6a77f30ccdc0391d7fa61541,2026-08-21T00:00:00.000Z,🟢Jolly Good Weekly #3 | Top Cut! (50 Codes!),137,True,True,137,134,0.9781021897810219,PTCGL,Jolly Good TCG
2026-08-01_2026-08-31,6a785e26cdc0391d7fa61937,2026-08-16T08:00:00.000Z,OceanicTournamentSeries2026 20/20,59,False,False,,,,,
2026-08-01_2026-08-31,6a78b14acdc0391d7fa61cc9,2026-08-11T11:30:00.000Z,SEASAC League Challenge #13 (SEASON 4) [50 CODES],174,True,True,174,171,0.9827586206896551,PTCGL,SEASAC League
2026-08-01_2026-08-31,6a78d6b82b308b6067b4f569,2026-08-11T23:35:00.000Z,Pitch Black Tourney - Last Prize Series #12,206,True,True,206,203,0.9854368932038835,PTCGL,LastPrizeTCG
2026-08-01_2026-08-31,6a791a40cdc0391d7fa6237a,2026-08-10T18:00:00.000Z,Pumpkaweekly,237,True,True,237,232,0.9789029535864979,PTCGL,The Dice Town League
2026-08-01_2026-08-31,6a791dd8cdc0391d7fa62496,2026-08-17T22:05:00.000Z,Sunny's Weekly #269 High Voltage!,209,False,False,,,,,
2026-08-01_2026-08-31,6a7920a4cdc0391d7fa624ae,2026-08-16T01:00:00.000Z,Vault Of Games #5 🏆|OFF-SEASON |WEEKLY,62,False,False,,,,,
2026-08-01_2026-08-31,6a7921672b308b6067b4f972,2026-08-13T22:00:00.000Z,🐢Turtle Thursday🐢,79,False,False,,,,,
2026-08-01_2026-08-31,6a79a7f42b308b6067b4feed,2026-08-12T11:30:00.000Z,SEASAC League Challenge #14 (SEASON 4) [50 CODES],152,False,False,,,,,
2026-08-01_2026-08-31,6a79ca462b308b6067b5006c,2026-08-23T12:00:00.000Z,Tournoi amical LEAGUE canto N62° SPECIAL,79,True,True,79,78,0.9873417721518988,PTCGL,LEAGUE Canto
2026-08-01_2026-08-31,6a79e894cdc0391d7fa62bbf,2026-08-11T02:00:00.000Z,🏛💫 Card Temple Weekly Battles #71,95,True,True,95,93,0.9789473684210527,PTCGL,Card Temple
2026-08-01_2026-08-31,6a7a19cf2b308b6067b5047b,2026-08-11T17:00:00.000Z,⚡ Surge's TCG Vault Winner Takes All - 50 Codes,107,True,True,107,103,0.9626168224299065,PTCGL,Surge's TCG Vault
2026-08-01_2026-08-31,6a7a214b2b308b6067b50518,2026-08-26T17:00:00.000Z,⚡ Surge's TCG Vault Winner Takes All - 50 Codes,116,True,True,116,109,0.9396551724137931,PTCGL,Surge's TCG Vault
2026-08-01_2026-08-31,6a7a21572b308b6067b5051a,2026-08-25T17:00:00.000Z,⚡ Surge's TCG Vault Winner Takes All - 50 Codes,152,True,True,152,145,0.9539473684210527,PTCGL,Surge's TCG Vault
2026-08-01_2026-08-31,6a7a215f2b308b6067b5051b,2026-08-18T23:00:00.000Z,⚡ Surge's TCG Vault Winner Takes All - 50 Codes,163,True,True,163,160,0.9815950920245399,PTCGL,Surge's TCG Vault
2026-08-01_2026-08-31,6a7a21622b308b6067b5051d,2026-08-13T19:00:00.000Z,⚡ Surge's TCG Vault Winner Takes All - 100 Codes,169,False,False,,,,,
2026-08-01_2026-08-31,6a7a21672b308b6067b5051e,2026-08-12T19:00:00.000Z,⚡ Surge's TCG Vault Winner Takes All - 50 Codes,115,False,False,,,,,
2026-08-01_2026-08-31,6a7a28522b308b6067b50584,2026-08-20T19:00:00.000Z,⚡ Surge's TCG Vault Winner Takes All - 100 Codes,155,True,True,155,153,0.9870967741935484,PTCGL,Surge's TCG Vault
2026-08-01_2026-08-31,6a7a2873cdc0391d7fa63275,2026-08-27T19:00:00.000Z,⚡ Surge's TCG Vault Winner Takes All - 100 Codes,98,True,True,98,94,0.9591836734693877,PTCGL,Surge's TCG Vault
2026-08-01_2026-08-31,6a7a2978cdc0391d7fa63281,2026-08-14T18:00:00.000Z,⚡ Surge's TCG Vault Winner Takes All Live BO3 #19,133,False,False,,,,,
2026-08-01_2026-08-31,6a7a37982b308b6067b50660,2026-08-11T16:00:00.000Z,Team Corna Weekly August #3,72,True,True,72,68,0.9444444444444444,PTCGL,Team Corna
2026-08-01_2026-08-31,6a7a97fa2b308b6067b50d7f,2026-08-13T23:00:00.000Z,💥​Plantel Battle #31 💥​100 CODES ✔️​ TOP 8,127,False,False,,,,,
2026-08-01_2026-08-31,6a7aa8e92b308b6067b50e60,2026-08-13T11:30:00.000Z,SEASAC League Challenge #15 (SEASON 4) [50 CODES],150,False,False,,,,,
2026-08-01_2026-08-31,6a7b1904cdc0391d7fa63d42,2026-08-15T22:00:00.000Z,The Stache Series 1: Mic Check,346,False,False,,,,,
2026-08-01_2026-08-31,6a7b40d42b308b6067b5122f,2026-08-14T13:00:00.000Z,KSM's Great Ball Event #4,63,False,False,,,,,
2026-08-01_2026-08-31,6a7b446e2b308b6067b5124c,2026-08-14T16:00:00.000Z,Team Corna Weekly August #4,83,False,False,,,,,
2026-08-01_2026-08-31,6a7c79d22b308b6067b52012,2026-08-13T01:00:00.000Z,Vault of Games Midweek Madness | (OFF-SEASON),105,False,False,,,,,
2026-08-01_2026-08-31,6a7cce822b308b6067b523e2,2026-08-22T02:35:00.000Z,TOURNAMENT OF DOOM! SEASON 3 STARTS NOW!,548,True,True,548,531,0.968978102189781,PTCGL,Doom's Events and Catering
2026-08-01_2026-08-31,6a7cdf0fcdc0391d7fa64f32,2026-08-19T19:15:00.000Z,Amyverse PTCG Live Weekly #9 💛 Cash Prize!,213,True,True,213,203,0.9530516431924883,PTCGL,The Amyverse
2026-08-01_2026-08-31,6a7cdfc5cdc0391d7fa64f38,2026-08-19T21:15:00.000Z,Hideout TCG MID-WEEK Meta Clash 100 codes pitch,101,True,True,101,100,0.9900990099009901,PTCGL,Hideout TCG
2026-08-01_2026-08-31,6a7d2c8a2b308b6067b528cf,2026-08-19T23:30:00.000Z,REFINE Summer Series Session 8: Wartortle Edition,128,True,True,128,125,0.9765625,PTCGL,REFINE TCG
2026-08-01_2026-08-31,6a7d35cfcdc0391d7fa65386,2026-08-15T11:30:00.000Z,SEASAC League Cup #3 (SEASON 4) [150 CODES],102,False,False,,,,,
2026-08-01_2026-08-31,6a7dbb35cdc0391d7fa654c6,2026-08-17T23:00:00.000Z,🇧🇷 34° Torneio Padrão do zap ! Hora do Pix,52,False,False,,,,,
2026-08-01_2026-08-31,6a7e005ecdc0391d7fa65824,2026-08-19T01:00:00.000Z,Pudding Weekly #9 | GEEG!,122,True,True,122,114,0.9344262295081968,PTCGL,Pudding Weekly
2026-08-01_2026-08-31,6a7e07552b308b6067b52ee5,2026-08-23T21:00:00.000Z,Deep Sea Draw - Sei's Community Tourney (8/2026),64,True,True,64,62,0.96875,PTCGL,PoseidonMythos
2026-08-01_2026-08-31,6a7e14e22b308b6067b53026,2026-08-15T00:00:00.000Z,Rare Candy Club Showdown #37 (50 CODES),211,False,False,,,,,
2026-08-01_2026-08-31,6a7e153e2b308b6067b53028,2026-08-17T00:00:00.000Z,Rare Candy Club Showdown #38 (50 CODES),168,False,False,,,,,
2026-08-01_2026-08-31,6a7ea49f2b308b6067b53832,2026-08-16T11:30:00.000Z,SEASAC League Challenge #16 (SEASON 4) [50 CODES],164,False,False,,,,,
2026-08-01_2026-08-31,6a7f2c0978baaa6d1c21f0cb,2026-08-17T11:30:00.000Z,SEASAC League Challenge #17 (SEASON 4) [50 CODES],182,False,False,,,,,
2026-08-01_2026-08-31,6a7f474278baaa6d1c21f248,2026-08-20T16:10:00.000Z,🏆Moujii's Dojo🏆 (Late Registration Available!),274,True,True,274,266,0.9708029197080292,PTCGL,Moujii's Dojo
2026-08-01_2026-08-31,6a8132d35a30714095571ed0,2026-08-23T01:00:00.000Z,Vault Of Games #6 🏆|OFF-SEASON |WEEKLY,216,True,True,216,207,0.9583333333333334,PTCGL,Vault of Games
2026-08-01_2026-08-31,6a81729a78baaa6d1c22128e,2026-08-16T17:00:00.000Z,Monster Collectibles After Hours #17,197,False,False,,,,,
2026-08-01_2026-08-31,6a819f1978baaa6d1c22139a,2026-08-18T11:30:00.000Z,SEASAC League Challenge #18 (SEASON 4) [50 CODES],178,True,True,178,171,0.9606741573033708,PTCGL,SEASAC League
2026-08-01_2026-08-31,6a81a7825a30714095572195,2026-08-19T11:30:00.000Z,SEASAC League Challenge #19 (SEASON 4) [50 CODES],175,True,True,175,170,0.9714285714285714,PTCGL,SEASAC League
2026-08-01_2026-08-31,6a81a7a55a30714095572196,2026-08-20T11:30:00.000Z,SEASAC League Challenge #20 (SEASON 4) [50 CODES],177,True,True,177,172,0.9717514124293786,PTCGL,SEASAC League
2026-08-01_2026-08-31,6a82476c5a3071409557297b,2026-08-17T18:00:00.000Z,Pumpkaweekly,259,False,False,,,,,
2026-08-01_2026-08-31,6a8314365a30714095572e93,2026-08-18T02:00:00.000Z,🏛💫 Card Temple Weekly Battles #72,118,True,True,118,112,0.9491525423728814,PTCGL,Card Temple
2026-08-01_2026-08-31,6a8336ad78baaa6d1c222335,2026-08-20T20:30:00.000Z,The Shadows's Showdown - FIRST TOURNAMENT!!!,65,True,True,65,63,0.9692307692307692,PTCGL,Gengar TCG Tournaments (GTTs)
2026-08-01_2026-08-31,6a835dea78baaa6d1c22251e,2026-08-24T22:05:00.000Z,Sunny's Weekly #270 Trolley Ride to Worlds!,237,True,True,237,228,0.9620253164556962,PTCGL,Sunny's Weekly
2026-08-01_2026-08-31,6a83b0f35a3071409557386e,2026-08-24T00:00:00.000Z,Rare Candy Club Showdown #39 (50 CODES),282,True,True,282,277,0.9822695035460993,PTCGL,Rare Candy Club
2026-08-01_2026-08-31,6a8459b578baaa6d1c222e79,2026-08-18T23:30:00.000Z,Pitch Black Tourney - Last Prize Series #13,85,True,True,85,81,0.9529411764705882,PTCGL,LastPrizeTCG
2026-08-01_2026-08-31,6a84abb378baaa6d1c223078,2026-08-19T19:00:00.000Z,ASRcristiano # 181 - 60 codes prize pool!,65,True,True,65,61,0.9384615384615385,PTCGL,ASRcristiano League
2026-08-01_2026-08-31,6a84abd678baaa6d1c22307b,2026-08-21T19:00:00.000Z,ASRcristiano # 182 - 60 codes prize pool!,143,True,True,143,140,0.9790209790209791,PTCGL,ASRcristiano League
2026-08-01_2026-08-31,6a851bbf5a3071409557425a,2026-08-23T11:30:00.000Z,SEASAC League Challenge #21 (SEASON 4) [50 CODES],169,True,True,169,160,0.9467455621301775,PTCGL,SEASAC League
2026-08-01_2026-08-31,6a85cd2978baaa6d1c2238c2,2026-08-26T23:30:00.000Z,REFINE Summer Series Session 9: Mega Blastoise?,128,True,True,128,123,0.9609375,PTCGL,REFINE TCG
2026-08-01_2026-08-31,6a85d9ab5a30714095574686,2026-08-25T23:35:00.000Z,World Practice Tourney - Last Prize Series #14,182,True,True,182,173,0.9505494505494505,PTCGL,LastPrizeTCG
2026-08-01_2026-08-31,6a85ebda5a30714095574742,2026-08-21T14:00:00.000Z,NO Dragapult Tournament! CASH Prize,144,True,False,,,,PTCGL,Snipe The Bench
2026-08-01_2026-08-31,6a863ef178baaa6d1c223f4c,2026-08-20T22:00:00.000Z,🐢Turtle Thursday🐢,63,True,True,63,61,0.9682539682539683,PTCGL,Turtle Squad 
2026-08-01_2026-08-31,6a8671fc78baaa6d1c22414d,2026-08-26T18:00:00.000Z,Amyverse PTCG Live Weekly #10 💛 Cash Prize!,77,True,True,77,76,0.987012987012987,PTCGL,The Amyverse
2026-08-01_2026-08-31,6a8729fc5a30714095575339,2026-08-22T11:30:00.000Z,SEASAC League Cup #4 (SEASON 4) [150 CODES],134,True,True,134,131,0.9776119402985075,PTCGL,SEASAC League
2026-08-01_2026-08-31,6a87870778baaa6d1c224c74,2026-08-21T21:30:00.000Z,Full Bench Fridays PTCGL Cash Event $20 #10,103,True,True,103,98,0.9514563106796117,PTCGL,Hideout TCG
2026-08-01_2026-08-31,6a87fdda78baaa6d1c224f57,2026-08-24T11:30:00.000Z,SEASAC League Challenge #22 (SEASON 4) [50 CODES],181,True,True,181,174,0.9613259668508287,PTCGL,SEASAC League
2026-08-01_2026-08-31,6a8855565a30714095575fc2,2026-08-21T18:00:00.000Z,⚡ Surge's TCG Vault Winner Takes All Live BO3 #20,69,True,True,69,68,0.9855072463768116,PTCGL,Surge's TCG Vault
2026-08-01_2026-08-31,6a888d9678baaa6d1c22540b,2026-08-27T23:00:00.000Z,🟢Jolly Good Weekly #4 | Top Cut! (50 Codes!),130,True,False,,,,PTCGL,Jolly Good TCG
2026-08-01_2026-08-31,6a8893f18302ae761e5f8590,2026-08-27T16:10:00.000Z,🏆Moujii's Dojo🏆 (Late Registration Available!),205,True,True,205,197,0.9609756097560975,PTCGL,Moujii's Dojo
2026-08-01_2026-08-31,6a8a69d38302ae761e5fa283,2026-08-26T01:00:00.000Z,Pudding Weekly #10 | STAY IN CHARACTER!,111,True,True,111,106,0.954954954954955,PTCGL,Pudding Weekly
2026-08-01_2026-08-31,6a8a80fb8302ae761e5fa2df,2026-08-30T01:00:00.000Z,Vault Of Games #7 🏆|OFF-SEASON |WEEKLY,103,False,False,,,,,
2026-08-01_2026-08-31,6a8a96bc81741245b151c8ad,2026-08-25T11:30:00.000Z,SEASAC League Challenge #23 (SEASON 4) [50 CODES],153,True,True,153,147,0.9607843137254902,PTCGL,SEASAC League
2026-08-01_2026-08-31,6a8aaf4e81741245b151c920,2026-08-25T16:00:00.000Z,Team Corna Weekly August #5,89,True,True,89,88,0.9887640449438202,PTCGL,Team Corna
2026-08-01_2026-08-31,6a8ab6888302ae761e5fa34f,2026-08-24T18:00:00.000Z,PRE Worlds Pumpkaweekly!,288,True,True,288,280,0.9722222222222222,PTCGL,The Dice Town League
2026-08-01_2026-08-31,6a8c23ae8302ae761e5fb0bc,2026-08-26T11:45:00.000Z,SEASAC League Challenge #24 (SEASON 4) [50 CODES],126,True,False,,,,PTCGL,SEASAC League
2026-08-01_2026-08-31,6a8ca01a8302ae761e5fb585,2026-08-25T02:00:00.000Z,🏛💫 Card Temple Weekly Battles #73,106,True,True,106,102,0.9622641509433962,PTCGL,Card Temple
2026-08-01_2026-08-31,6a8ca02581741245b151dc07,2026-08-31T22:05:00.000Z,Sunny's Weekly #271 Beyond Pokémon!,204,False,False,,,,,
2026-08-01_2026-08-31,6a8d5c8c8302ae761e5fbd80,2026-08-25T18:00:00.000Z,👑PRE WORLDS CrownOfSpain 👑 #5 (10€ paypal),133,True,True,133,132,0.9924812030075187,PTCGL,CrownOfSpain
2026-08-01_2026-08-31,6a8d7b708302ae761e5fbde4,2026-08-27T11:30:00.000Z,SEASAC League Challenge #25 (SEASON 4) [50 CODES],135,True,False,,,,PTCGL,SEASAC League
2026-08-01_2026-08-31,6a8de1d27a62de813013f01e,2026-08-31T16:10:00.000Z,🏆Moujii's Dojo🏆 (Late Registration Available!),214,False,False,,,,,
2026-08-01_2026-08-31,6a8e071b7a62de813013f21a,2026-08-28T21:15:00.000Z,Full Bench Fridays PTCGL Cash Event $10 #11,88,False,False,,,,,
2026-08-01_2026-08-31,6a8e07837a62de813013f231,2026-08-26T21:15:00.000Z,Hideout TCG MID-WEEK Meta Clash 100 codes #9,71,True,True,71,68,0.9577464788732394,PTCGL,Hideout TCG
2026-08-01_2026-08-31,6a8e92c90580a332c84202ed,2026-08-26T19:00:00.000Z,ASRcristiano # 183 - 60 codes prize pool!,102,True,True,102,99,0.9705882352941176,PTCGL,ASRcristiano League
2026-08-01_2026-08-31,6a8e92fb0580a332c84202ee,2026-08-27T19:10:00.000Z,ASRcristiano # 184 - 60 codes prize pool!,66,False,False,,,,,
2026-08-01_2026-08-31,6a8efa8a0580a332c8420481,2026-08-30T11:30:00.000Z,SEASAC League Challenge #26 (SEASON 4) [50 CODES],116,False,False,,,,,
2026-08-01_2026-08-31,6a8efb337a62de813013f8e4,2026-08-29T11:30:00.000Z,SEASAC League Cup #5 (SEASON 4) [150 CODES],97,False,False,,,,,
2026-08-01_2026-08-31,6a8f0d657a62de813013f977,2026-08-28T18:00:00.000Z,⚡ Surge's TCG Vault Winner Takes All Live BO3 #21,77,False,False,,,,,
2026-08-01_2026-08-31,6a8f40800580a332c8420852,2026-08-31T00:00:00.000Z,Rare Candy Club Showdown #41 (50 CODES),121,False,False,,,,,
2026-08-01_2026-08-31,6a91fa6f629039f77d8a45ed,2026-08-29T00:30:00.000Z,RCC Showdown #40 HAPPY WORLDS (50 CODES),67,False,False,,,,,
2026-08-01_2026-08-31,6a929205629039f77d8a4afa,2026-08-31T11:30:00.000Z,SEASAC League Challenge #27 (SEASON 4) [50 CODES],150,False,False,,,,,
2026-09-01_2026-09-13,6a43873483fd320299bd4945,2026-09-04T09:30:00.000Z,Oceania Open! | Season 3 - Week 10,62,False,False,,,,,
2026-09-01_2026-09-13,6a438738c87cd9ff0a31356f,2026-09-11T09:30:00.000Z,Oceania Open! | Season 3 - Week 11,96,True,True,96,94,0.9791666666666666,PTCGL,TripleBtcg
2026-09-01_2026-09-13,6a63ce2252c24ac2da64ae00,2026-09-13T00:30:00.000Z,RDG! September Open Qualifier,117,True,True,117,113,0.9658119658119658,PTCGL,"Ready, Deck, Go!"
2026-09-01_2026-09-13,6a6aced3937230b102d48cf4,2026-09-04T00:00:00.000Z,🇧🇷 Hit Cup #16 | TCG Live,100,False,False,,,,,
2026-09-01_2026-09-13,6a6f72c3cdc0391d7fa5a4fa,2026-09-06T22:30:00.000Z,Redacted Open Cup,134,True,True,134,132,0.9850746268656716,PTCGL,Redacted Gaming
2026-09-01_2026-09-13,6a87214678baaa6d1c2244db,2026-09-12T02:35:00.000Z,TOURNAMENT OF DOOM! SPARKLING WATER!,511,True,True,511,503,0.9843444227005871,PTCGL,Doom's Events and Catering
2026-09-01_2026-09-13,6a8fa6e80580a332c8420d42,2026-09-02T23:30:00.000Z,REFINE Autumn Series Session 1: Pumpkin Spice,128,False,False,,,,,
2026-09-01_2026-09-13,6a91f055abb9482237502b21,2026-09-04T17:00:00.000Z,Nightshades Friday Funday,137,False,False,,,,,
2026-09-01_2026-09-13,6a923dbbabb9482237502ead,2026-09-04T00:00:00.000Z,🟢Jolly Good Weekly #5 | Top Cut! (50 Codes!),145,False,False,,,,,
2026-09-01_2026-09-13,6a92c953629039f77d8a4bf7,2026-09-05T10:00:00.000Z,Perth pokemon week 3,61,True,True,61,56,0.9180327868852459,PTCGL,Perth Pokemon
2026-09-01_2026-09-13,6a93143eabb94822375033d9,2026-09-03T16:10:00.000Z,🏆Moujii's Dojo🏆 (Late Registration Available!),252,False,False,,,,,
2026-09-01_2026-09-13,6a93a43a629039f77d8a55b5,2026-09-06T01:00:00.000Z,Vault Of Games #1 🏆|SEASON 1|WEEKLY,214,True,True,214,208,0.9719626168224299,PTCGL,Vault of Games
2026-09-01_2026-09-13,6a93bea9abb9482237503a90,2026-09-02T18:00:00.000Z,Amyverse PTCG Live Weekly #11 💛 Cash Prize!,235,False,False,,,,,
2026-09-01_2026-09-13,6a93c8d6629039f77d8a5638,2026-09-04T21:15:00.000Z,Full Bench Fridays PTCGL Cash Event $10 #12,179,True,True,179,171,0.9553072625698324,PTCGL,Hideout TCG
2026-09-01_2026-09-13,6a93c9a3629039f77d8a563a,2026-09-01T21:15:00.000Z,Hideout TCG MID-WEEK Meta Clash 100 codes #10,124,False,False,,,,,
2026-09-01_2026-09-13,6a9409f1629039f77d8a5782,2026-09-01T11:30:00.000Z,SEASAC League Challenge #28 (SEASON 4) [50 CODES],165,False,False,,,,,
2026-09-01_2026-09-13,6a947689629039f77d8a5c64,2026-09-01T16:00:00.000Z,Team Corna Weekly September's #1,112,False,False,,,,,
2026-09-01_2026-09-13,6a94b40e629039f77d8a6097,2026-09-05T22:00:00.000Z,OTS Pokemon TCG Live Arena #1,62,True,True,62,55,0.8870967741935484,PTCGL,The Underground
2026-09-01_2026-09-13,6a95075cabb9482237504627,2026-09-01T00:00:00.000Z,Oscar’s Best of 3 Events | First Rendition,71,False,False,,,,,
2026-09-01_2026-09-13,6a952c65629039f77d8a6530,2026-09-02T11:30:00.000Z,SEASAC League Challenge #29 (SEASON 4) [50 CODES],155,False,False,,,,,
2026-09-01_2026-09-13,6a952d6fabb9482237504678,2026-09-03T11:30:00.000Z,SEASAC League Challenge #30 (SEASON 4) [50 CODES],168,False,False,,,,,
2026-09-01_2026-09-13,6a952da0629039f77d8a6535,2026-09-04T11:30:00.000Z,SEASAC World Championships Qualifiers | $15 PRIZE,173,False,False,,,,,
2026-09-01_2026-09-13,6a958db4629039f77d8a6771,2026-09-06T21:30:00.000Z,#BATALHA DE LOJAS ELEU CARDS  VS GEEX HOBBY STORE#,126,True,True,126,123,0.9761904761904762,PTCGL,NIK
2026-09-01_2026-09-13,6a95d2fdabb9482237504c9c,2026-09-01T23:35:00.000Z,Last Chance - Last Prize Season 3,169,False,False,,,,,
2026-09-01_2026-09-13,6a95dc45abb9482237504d26,2026-09-01T02:00:00.000Z,🏛💫 Card Temple Weekly Battles #74,102,False,False,,,,,
2026-09-01_2026-09-13,6a961cce629039f77d8a6ff6,2026-09-02T01:00:00.000Z,Pudding Weekly #11 | ram for game lol,113,False,False,,,,,
2026-09-01_2026-09-13,6a963bc7629039f77d8a717f,2026-09-07T22:05:00.000Z,Sunny's Weekly #272 Enter the Dragon!,241,True,True,241,235,0.975103734439834,PTCGL,Sunny's Weekly
2026-09-01_2026-09-13,6a978d0fab080c8c957f79ac,2026-09-07T00:00:00.000Z,Rare Candy Club Showdown #43 (50 CODES),254,True,True,254,249,0.9803149606299213,PTCGL,Rare Candy Club
2026-09-01_2026-09-13,6a98f8efab080c8c957f87af,2026-09-09T18:00:00.000Z,Amyverse PTCG Live Weekly #12 💛 Cash Prize!,156,True,True,156,154,0.9871794871794872,PTCGL,The Amyverse
2026-09-01_2026-09-13,6a99789aab080c8c957f8ad7,2026-09-09T23:30:00.000Z,REFINE Autumn Series Session 2: Apple Cider,128,True,True,128,124,0.96875,PTCGL,REFINE TCG
2026-09-01_2026-09-13,6a99a15fa4272c53be645cd9,2026-09-12T18:10:00.000Z,💲100 Cash PTCGL Welcome To The HIDEOUT,355,True,True,355,346,0.9746478873239437,PTCGL,Hideout TCG
2026-09-01_2026-09-13,6a99af5fab080c8c957f8edc,2026-09-08T18:00:00.000Z,👑CrownOfSpain 👑 #6  (10€ paypal),189,True,True,189,189,1.0,PTCGL,CrownOfSpain
2026-09-01_2026-09-13,6a99d9e5a4272c53be6460ce,2026-09-06T17:00:00.000Z,Monster Collectibles After Hours Season 2 #1,236,True,True,236,229,0.9703389830508474,PTCGL,Monster Collectibles League
2026-09-01_2026-09-13,6a9b05d8a4272c53be646dbe,2026-09-05T00:00:00.000Z,Rare Candy Club Showdown #42 (50 CODES),131,True,True,131,126,0.9618320610687023,PTCGL,Rare Candy Club
2026-09-01_2026-09-13,6a9c6e29ab080c8c957fb0e5,2026-09-08T16:00:00.000Z,Team Corna Weekly September's #2,124,True,True,124,121,0.9758064516129032,PTCGL,Team Corna
2026-09-01_2026-09-13,6a9cd456ab080c8c957fb85a,2026-09-09T01:00:00.000Z,Pudding Weekly #12 | TRADE TRADE TRADE,113,True,True,113,109,0.9646017699115044,PTCGL,Pudding Weekly
2026-09-01_2026-09-13,6a9cdee2ab080c8c957fb8ae,2026-09-06T11:30:00.000Z,SEASAC League Challenge #1 (SEASON 5) [50 CODES],157,True,True,157,154,0.9808917197452229,PTCGL,SEASAC League
2026-09-01_2026-09-13,6a9cdf15ab080c8c957fb8af,2026-09-07T11:30:00.000Z,SEASAC League Challenge #2 (SEASON 5) [50 CODES],141,True,True,141,138,0.9787234042553191,PTCGL,SEASAC League
2026-09-01_2026-09-13,6a9ceedbab080c8c957fb8f2,2026-09-13T01:00:00.000Z,Vault Of Games #2🏆|SEASON 1|WEEKLY,82,True,True,82,78,0.9512195121951219,PTCGL,Vault of Games
2026-09-01_2026-09-13,6a9db100ab080c8c957fc12b,2026-09-07T18:00:00.000Z,Pumpkaweekly,342,True,True,342,332,0.9707602339181286,PTCGL,The Dice Town League
2026-09-01_2026-09-13,6a9e0df3a4272c53be6496e0,2026-09-08T01:00:00.000Z,💧🔥⚡ Domino Arena Free,59,True,True,59,58,0.9830508474576272,PTCGL,Domino Store
2026-09-01_2026-09-13,6a9e3b3aab080c8c957fca1b,2026-09-08T11:30:00.000Z,SEASAC League Challenge #3 (SEASON 5) [50 CODES],166,True,True,166,161,0.9698795180722891,PTCGL,SEASAC League
2026-09-01_2026-09-13,6a9ebc30ab080c8c957fcc9c,2026-09-07T20:30:00.000Z,The Dark League Tournament|10$ Prize Pool,122,True,True,122,118,0.9672131147540983,PTCGL,The Dark League
2026-09-01_2026-09-13,6a9ed4f6a4272c53be649c04,2026-09-08T21:15:00.000Z,Hideout TCG MID-WEEK Meta Clash 100 codes #11,91,True,True,91,91,1.0,PTCGL,Hideout TCG
2026-09-01_2026-09-13,6a9ee909a4272c53be649d1f,2026-09-08T02:00:00.000Z,🏛💫 Card Temple Weekly Battles #75,104,True,True,104,102,0.9807692307692307,PTCGL,Card Temple
2026-09-01_2026-09-13,6a9eec66a4272c53be649d4e,2026-09-08T19:30:00.000Z,⚡ Surge's TCG Vault Winner Takes All - 50 Codes,142,True,True,142,138,0.971830985915493,PTCGL,Surge's TCG Vault
2026-09-01_2026-09-13,6a9eece8a4272c53be649d53,2026-09-11T18:00:00.000Z,⚡ Surge's TCG Vault Winner Takes All Live BO3 #22,119,True,True,119,116,0.9747899159663865,PTCGL,Surge's TCG Vault
2026-09-01_2026-09-13,6a9f32eba4272c53be64a4ad,2026-09-08T23:35:00.000Z,Invite Qualifier - Last Prize Series,132,True,True,132,130,0.9848484848484849,PTCGL,LastPrizeTCG
2026-09-01_2026-09-13,6a9f6e4dab080c8c957fdba8,2026-09-10T23:00:00.000Z,​💥Plantel Battle #32 💥​100 CODES ✔️​ TOP 8,156,True,True,156,152,0.9743589743589743,PTCGL,Mighow
2026-09-01_2026-09-13,6a9f71b8a4272c53be64a95f,2026-09-09T11:30:00.000Z,SEASAC League Challenge #4 (SEASON 5) [50 CODES],139,True,True,139,135,0.9712230215827338,PTCGL,SEASAC League
2026-09-01_2026-09-13,6aa0d9e1ab080c8c957fed59,2026-09-10T11:30:00.000Z,SEASAC League Challenge #5 (SEASON 5) [50 CODES],108,True,True,108,105,0.9722222222222222,PTCGL,SEASAC League
2026-09-01_2026-09-13,6aa0dc1aa4272c53be64b7be,2026-09-11T00:00:00.000Z,🟢Jolly Good Weekly #6 | Top Cut! (50 Codes!),73,True,True,73,71,0.9726027397260274,PTCGL,Jolly Good TCG
2026-09-01_2026-09-13,6aa122dbab080c8c957fee32,2026-09-09T16:45:00.000Z,Circuito TCG #5 | Z2 Gaming,63,True,True,63,60,0.9523809523809523,PTCGL,Z2 Gaming
2026-09-01_2026-09-13,6aa127aea4272c53be64b8e3,2026-09-09T19:00:00.000Z,ASRcristiano # 185 - 60 codes - Road to Frankfurt!,101,True,True,101,98,0.9702970297029703,PTCGL,ASRcristiano League
2026-09-01_2026-09-13,6aa127fba4272c53be64b8e6,2026-09-11T19:00:00.000Z,ASRcristiano # 187 - 60 codes - Road to Frankfurt!,92,True,True,92,89,0.967391304347826,PTCGL,ASRcristiano League
2026-09-01_2026-09-13,6aa17dbaab080c8c957ff0fd,2026-09-10T01:00:00.000Z,Vault Of Games 🎮| Midweek Mayhem #2,102,True,True,102,102,1.0,PTCGL,Vault of Games
2026-09-01_2026-09-13,6aa18cb7a4272c53be64bcbb,2026-09-11T16:00:00.000Z,Team Corna Weekly September's #3,102,True,True,102,102,1.0,PTCGL,Team Corna
2026-09-01_2026-09-13,6aa2e234a4272c53be64d0b0,2026-09-12T11:30:00.000Z,SEASAC League Cup #1 (SEASON 5) [150 CODES],126,True,True,126,123,0.9761904761904762,PTCGL,SEASAC League
2026-09-01_2026-09-13,6aa3c275f1243e65f97fce85,2026-09-11T12:30:00.000Z,The Dark League | Baltimore Regionals Testing,64,True,True,64,61,0.953125,PTCGL,The Dark League
